-- MySQL dump 10.13  Distrib 5.5.48, for Linux (x86_64)
--
-- Host: localhost    Database: test6
-- ------------------------------------------------------
-- Server version	5.5.48

/*!40101 SET @OLD_CHARACTER_SET_CLIENT=@@CHARACTER_SET_CLIENT */;
/*!40101 SET @OLD_CHARACTER_SET_RESULTS=@@CHARACTER_SET_RESULTS */;
/*!40101 SET @OLD_COLLATION_CONNECTION=@@COLLATION_CONNECTION */;
/*!40101 SET NAMES utf8 */;
/*!40103 SET @OLD_TIME_ZONE=@@TIME_ZONE */;
/*!40103 SET TIME_ZONE='+00:00' */;
/*!40014 SET @OLD_UNIQUE_CHECKS=@@UNIQUE_CHECKS, UNIQUE_CHECKS=0 */;
/*!40014 SET @OLD_FOREIGN_KEY_CHECKS=@@FOREIGN_KEY_CHECKS, FOREIGN_KEY_CHECKS=0 */;
/*!40101 SET @OLD_SQL_MODE=@@SQL_MODE, SQL_MODE='NO_AUTO_VALUE_ON_ZERO' */;
/*!40111 SET @OLD_SQL_NOTES=@@SQL_NOTES, SQL_NOTES=0 */;

--
-- Table structure for table `cdef`
--

DROP TABLE IF EXISTS `cdef`;
/*!40101 SET @saved_cs_client     = @@character_set_client */;
/*!40101 SET character_set_client = utf8 */;
CREATE TABLE `cdef` (
  `id` mediumint(8) unsigned NOT NULL AUTO_INCREMENT,
  `hash` varchar(32) NOT NULL DEFAULT '',
  `name` varchar(255) NOT NULL DEFAULT '',
  PRIMARY KEY (`id`)
) ENGINE=MyISAM AUTO_INCREMENT=17 DEFAULT CHARSET=utf8;
/*!40101 SET character_set_client = @saved_cs_client */;

--
-- Dumping data for table `cdef`
--

LOCK TABLES `cdef` WRITE;
/*!40000 ALTER TABLE `cdef` DISABLE KEYS */;
INSERT INTO `cdef` VALUES (3,'3d352eed9fa8f7b2791205b3273708c7','Make Stack Negative'),(4,'e961cc8ec04fda6ed4981cf5ad501aa5','Make Per 5 Minutes'),(12,'f1ac79f05f255c02f914c920f1038c54','Total All Data Sources'),(2,'73f95f8b77b5508157d64047342c421e','Turn Bytes into Bits'),(14,'634a23af5e78af0964e8d33b1a4ed26b','Multiply by 1024'),(15,'068984b5ccdfd2048869efae5166f722','Total All Data Sources, Multiply by 1024'),(16,'81d733c62125f2a7c1a59d8a1f07428f','Minus by 100');
/*!40000 ALTER TABLE `cdef` ENABLE KEYS */;
UNLOCK TABLES;

--
-- Table structure for table `cdef_items`
--

DROP TABLE IF EXISTS `cdef_items`;
/*!40101 SET @saved_cs_client     = @@character_set_client */;
/*!40101 SET character_set_client = utf8 */;
CREATE TABLE `cdef_items` (
  `id` mediumint(8) unsigned NOT NULL AUTO_INCREMENT,
  `hash` varchar(32) NOT NULL DEFAULT '',
  `cdef_id` mediumint(8) unsigned NOT NULL DEFAULT '0',
  `sequence` mediumint(8) unsigned NOT NULL DEFAULT '0',
  `type` tinyint(2) NOT NULL DEFAULT '0',
  `value` varchar(150) NOT NULL DEFAULT '',
  PRIMARY KEY (`id`),
  KEY `cdef_id` (`cdef_id`)
) ENGINE=MyISAM AUTO_INCREMENT=27 DEFAULT CHARSET=utf8;
/*!40101 SET character_set_client = @saved_cs_client */;

--
-- Dumping data for table `cdef_items`
--

LOCK TABLES `cdef_items` WRITE;
/*!40000 ALTER TABLE `cdef_items` DISABLE KEYS */;
INSERT INTO `cdef_items` VALUES (7,'9bbf6b792507bb9bb17d2af0970f9be9',2,1,4,'CURRENT_DATA_SOURCE'),(9,'a4b8eb2c3bf4920a3ef571a7a004be53',2,2,6,'8'),(8,'caa4e023ac2d7b1c4b4c8c4adfd55dfe',2,3,2,'3'),(10,'c888c9fe6b62c26c4bfe23e18991731d',3,1,4,'CURRENT_DATA_SOURCE'),(11,'1e1d0b29a94e08b648c8f053715442a0',3,3,2,'3'),(12,'4355c197998c7f8b285be7821ddc6da4',3,2,6,'-1'),(13,'40bb7a1143b0f2e2efca14eb356236de',4,1,4,'CURRENT_DATA_SOURCE'),(14,'42686ea0925c0220924b7d333599cd67',4,3,2,'3'),(15,'faf1b148b2c0e0527362ed5b8ca1d351',4,2,6,'300'),(16,'0ef6b8a42dc83b4e43e437960fccd2ea',12,1,4,'ALL_DATA_SOURCES_NODUPS'),(18,'86370cfa0008fe8c56b28be80ee39a40',14,1,4,'CURRENT_DATA_SOURCE'),(19,'9a35cc60d47691af37f6fddf02064e20',14,2,6,'1024'),(20,'5d7a7941ec0440b257e5598a27dd1688',14,3,2,'3'),(21,'44fd595c60539ff0f5817731d9f43a85',15,1,4,'ALL_DATA_SOURCES_NODUPS'),(22,'aa38be265e5ac31783e57ce6f9314e9a',15,2,6,'1024'),(23,'204423d4b2598f1f7252eea19458345c',15,3,2,'3'),(24,'f60e44a1db000d94550a2e238fdd4525',16,1,6,'100'),(25,'56233fc0393e47b2c849d751d34ea5c5',16,2,4,'CURRENT_DATA_SOURCE'),(26,'d7b28b5eee200b9c4be2a4bf4f9097aa',16,3,2,'2');
/*!40000 ALTER TABLE `cdef_items` ENABLE KEYS */;
UNLOCK TABLES;

--
-- Table structure for table `colors`
--

DROP TABLE IF EXISTS `colors`;
/*!40101 SET @saved_cs_client     = @@character_set_client */;
/*!40101 SET character_set_client = utf8 */;
CREATE TABLE `colors` (
  `id` mediumint(8) unsigned NOT NULL AUTO_INCREMENT,
  `hex` varchar(6) NOT NULL DEFAULT '',
  PRIMARY KEY (`id`)
) ENGINE=MyISAM AUTO_INCREMENT=105 DEFAULT CHARSET=utf8;
/*!40101 SET character_set_client = @saved_cs_client */;

--
-- Dumping data for table `colors`
--

LOCK TABLES `colors` WRITE;
/*!40000 ALTER TABLE `colors` DISABLE KEYS */;
INSERT INTO `colors` VALUES (1,'000000'),(2,'FFFFFF'),(4,'FAFD9E'),(5,'C0C0C0'),(6,'74C366'),(7,'6DC8FE'),(8,'EA8F00'),(9,'FF0000'),(10,'4444FF'),(11,'FF00FF'),(12,'00FF00'),(13,'8D85F3'),(14,'AD3B6E'),(15,'EACC00'),(16,'12B3B5'),(17,'157419'),(18,'C4FD3D'),(19,'817C4E'),(20,'002A97'),(21,'0000FF'),(22,'00CF00'),(24,'F9FD5F'),(25,'FFF200'),(26,'CCBB00'),(27,'837C04'),(28,'EAAF00'),(29,'FFD660'),(30,'FFC73B'),(31,'FFAB00'),(33,'FF7D00'),(34,'ED7600'),(35,'FF5700'),(36,'EE5019'),(37,'B1441E'),(38,'FFC3C0'),(39,'FF897C'),(40,'FF6044'),(41,'FF4105'),(42,'DA4725'),(43,'942D0C'),(44,'FF3932'),(45,'862F2F'),(46,'FF5576'),(47,'562B29'),(48,'F51D30'),(49,'DE0056'),(50,'ED5394'),(51,'B90054'),(52,'8F005C'),(53,'F24AC8'),(54,'E8CDEF'),(55,'D8ACE0'),(56,'A150AA'),(57,'750F7D'),(58,'8D00BA'),(59,'623465'),(60,'55009D'),(61,'3D168B'),(62,'311F4E'),(63,'D2D8F9'),(64,'9FA4EE'),(65,'6557D0'),(66,'4123A1'),(67,'4668E4'),(68,'0D006A'),(69,'00004D'),(70,'001D61'),(71,'00234B'),(72,'002A8F'),(73,'2175D9'),(74,'7CB3F1'),(75,'005199'),(76,'004359'),(77,'00A0C1'),(78,'007283'),(79,'00BED9'),(80,'AFECED'),(81,'55D6D3'),(82,'00BBB4'),(83,'009485'),(84,'005D57'),(85,'008A77'),(86,'008A6D'),(87,'00B99B'),(88,'009F67'),(89,'00694A'),(90,'00A348'),(91,'00BF47'),(92,'96E78A'),(93,'00BD27'),(94,'35962B'),(95,'7EE600'),(96,'6EA100'),(97,'CAF100'),(98,'F5F800'),(99,'CDCFC4'),(100,'BCBEB3'),(101,'AAABA1'),(102,'8F9286'),(103,'797C6E'),(104,'2E3127');
/*!40000 ALTER TABLE `colors` ENABLE KEYS */;
UNLOCK TABLES;

--
-- Table structure for table `data_input`
--

DROP TABLE IF EXISTS `data_input`;
/*!40101 SET @saved_cs_client     = @@character_set_client */;
/*!40101 SET character_set_client = utf8 */;
CREATE TABLE `data_input` (
  `id` mediumint(8) unsigned NOT NULL AUTO_INCREMENT,
  `hash` varchar(32) NOT NULL DEFAULT '',
  `name` varchar(200) NOT NULL DEFAULT '',
  `input_string` varchar(255) DEFAULT NULL,
  `type_id` tinyint(2) NOT NULL DEFAULT '0',
  PRIMARY KEY (`id`),
  KEY `name` (`name`)
) ENGINE=MyISAM AUTO_INCREMENT=13 DEFAULT CHARSET=utf8;
/*!40101 SET character_set_client = @saved_cs_client */;

--
-- Dumping data for table `data_input`
--

LOCK TABLES `data_input` WRITE;
/*!40000 ALTER TABLE `data_input` DISABLE KEYS */;
INSERT INTO `data_input` VALUES (1,'3eb92bb845b9660a7445cf9740726522','Get SNMP Data','',2),(2,'bf566c869ac6443b0c75d1c32b5a350e','Get SNMP Data (Indexed)','',3),(11,'80e9e4c4191a5da189ae26d0e237f015','Get Script Data (Indexed)','',4),(12,'332111d8b54ac8ce939af87a7eac0c06','Get Script Server Data (Indexed)','',6);
/*!40000 ALTER TABLE `data_input` ENABLE KEYS */;
UNLOCK TABLES;

--
-- Table structure for table `data_input_data`
--

DROP TABLE IF EXISTS `data_input_data`;
/*!40101 SET @saved_cs_client     = @@character_set_client */;
/*!40101 SET character_set_client = utf8 */;
CREATE TABLE `data_input_data` (
  `data_input_field_id` mediumint(8) unsigned NOT NULL DEFAULT '0',
  `data_template_data_id` mediumint(8) unsigned NOT NULL DEFAULT '0',
  `t_value` char(2) DEFAULT NULL,
  `value` text,
  PRIMARY KEY (`data_input_field_id`,`data_template_data_id`),
  KEY `t_value` (`t_value`)
) ENGINE=MyISAM DEFAULT CHARSET=utf8;
/*!40101 SET character_set_client = @saved_cs_client */;

--
-- Dumping data for table `data_input_data`
--

LOCK TABLES `data_input_data` WRITE;
/*!40000 ALTER TABLE `data_input_data` DISABLE KEYS */;
INSERT INTO `data_input_data` VALUES (14,1,'on',''),(13,1,'on',''),(12,1,'on',''),(14,2,'on',''),(13,2,'on',''),(12,2,'on',''),(14,3,'on',''),(13,3,'on',''),(12,3,'on',''),(1,4,'',''),(1,5,'',''),(1,6,'',''),(14,7,'on',''),(13,7,'on',''),(12,7,'on',''),(14,8,'on',''),(13,8,'on',''),(12,8,'on',''),(14,9,'on',''),(13,9,'on',''),(12,9,'on',''),(14,10,'on',''),(13,10,'on',''),(12,10,'on',''),(1,19,'',''),(2,19,'',''),(6,21,'','.1.3.6.1.2.1.25.3.3.1.2.1'),(1,27,'',''),(6,28,'','.1.3.6.1.4.1.9.9.109.1.1.1.1.3.1'),(6,29,'','.1.3.6.1.4.1.9.9.109.1.1.1.1.4.1'),(1,30,'',''),(1,31,'',''),(1,32,'',''),(1,33,'',''),(1,34,'',''),(14,35,'on',''),(13,35,'on',''),(12,35,'on',''),(14,36,'on',''),(13,36,'on',''),(12,36,'on',''),(1,22,'',''),(1,23,'',''),(1,24,'',''),(1,25,'',''),(1,26,'',''),(33,37,'on',''),(32,37,'on',''),(31,37,'on',''),(14,38,'on',''),(13,38,'on',''),(12,38,'on',''),(14,39,'on',''),(13,39,'on',''),(12,39,'on',''),(14,40,'on',''),(13,40,'on',''),(12,40,'on',''),(14,41,'on',''),(13,41,'on',''),(12,41,'on',''),(14,55,'on',''),(13,55,'on',''),(12,55,'on',''),(37,56,'on',''),(36,56,'on',''),(35,56,'on',''),(37,57,'on',''),(36,57,'on',''),(35,57,'on',''),(1,58,'',''),(1,59,'',''),(1,20,'',''),(5,6,'',''),(4,6,'',''),(3,6,'',''),(2,6,'',''),(6,69,'on',''),(1,68,'',''),(2,68,'',''),(6,6,'','.1.3.6.1.4.1.2021.11.51.0'),(2,27,'',''),(3,27,'',''),(4,27,'',''),(5,27,'',''),(6,27,'','.1.3.6.1.4.1.9.2.1.58.0'),(2,59,'',''),(3,59,'',''),(4,59,'',''),(5,59,'',''),(6,59,'','.1.3.6.1.2.1.25.1.5.0'),(2,58,'',''),(3,58,'',''),(4,58,'',''),(5,58,'',''),(6,58,'','.1.3.6.1.2.1.25.1.6.0'),(2,24,'',''),(3,24,'',''),(4,24,'',''),(5,24,'',''),(6,24,'','.1.3.6.1.4.1.23.2.28.2.5.0'),(2,25,'',''),(3,25,'',''),(4,25,'',''),(5,25,'',''),(6,25,'','.1.3.6.1.4.1.23.2.28.2.6.0'),(2,22,'',''),(3,22,'',''),(4,22,'',''),(5,22,'',''),(6,22,'','.1.3.6.1.4.1.23.2.28.2.1.0'),(2,23,'',''),(3,23,'',''),(4,23,'',''),(5,23,'',''),(6,23,'','.1.3.6.1.4.1.23.2.28.2.2.0'),(2,26,'',''),(3,26,'',''),(4,26,'',''),(5,26,'',''),(6,26,'','.1.3.6.1.4.1.23.2.28.2.7.0'),(2,20,'',''),(3,20,'',''),(4,20,'',''),(5,20,'',''),(6,20,'','.1.3.6.1.4.1.23.2.28.3.2.0'),(3,19,'',''),(4,19,'',''),(5,19,'',''),(6,19,'','.1.3.6.1.4.1.23.2.28.3.1'),(2,4,'',''),(3,4,'',''),(4,4,'',''),(5,4,'',''),(6,4,'','.1.3.6.1.4.1.2021.11.52.0'),(2,5,'',''),(3,5,'',''),(4,5,'',''),(5,5,'',''),(6,5,'','.1.3.6.1.4.1.2021.11.50.0'),(2,30,'',''),(3,30,'',''),(4,30,'',''),(5,30,'',''),(6,30,'','.1.3.6.1.4.1.2021.10.1.3.1'),(2,32,'',''),(3,32,'',''),(4,32,'',''),(5,32,'',''),(6,32,'','.1.3.6.1.4.1.2021.10.1.3.3'),(2,31,'',''),(3,31,'',''),(4,31,'',''),(5,31,'',''),(6,31,'','.1.3.6.1.4.1.2021.10.1.3.2'),(2,33,'',''),(3,33,'',''),(4,33,'',''),(5,33,'',''),(6,33,'','.1.3.6.1.4.1.2021.4.14.0'),(3,68,'',''),(4,68,'',''),(5,68,'',''),(6,68,'','.1.3.6.1.4.1.2021.4.15.0'),(2,34,'',''),(3,34,'',''),(4,34,'',''),(5,34,'',''),(6,34,'','.1.3.6.1.4.1.2021.4.6.0');
/*!40000 ALTER TABLE `data_input_data` ENABLE KEYS */;
UNLOCK TABLES;

--
-- Table structure for table `data_input_fields`
--

DROP TABLE IF EXISTS `data_input_fields`;
/*!40101 SET @saved_cs_client     = @@character_set_client */;
/*!40101 SET character_set_client = utf8 */;
CREATE TABLE `data_input_fields` (
  `id` mediumint(8) unsigned NOT NULL AUTO_INCREMENT,
  `hash` varchar(32) NOT NULL DEFAULT '',
  `data_input_id` mediumint(8) unsigned NOT NULL DEFAULT '0',
  `name` varchar(200) NOT NULL DEFAULT '',
  `data_name` varchar(50) NOT NULL DEFAULT '',
  `input_output` char(3) NOT NULL DEFAULT '',
  `update_rra` char(2) DEFAULT '0',
  `sequence` smallint(5) NOT NULL DEFAULT '0',
  `type_code` varchar(40) DEFAULT NULL,
  `regexp_match` varchar(200) DEFAULT NULL,
  `allow_nulls` char(2) DEFAULT NULL,
  PRIMARY KEY (`id`),
  KEY `data_input_id` (`data_input_id`),
  KEY `type_code` (`type_code`)
) ENGINE=MyISAM AUTO_INCREMENT=47 DEFAULT CHARSET=utf8;
/*!40101 SET character_set_client = @saved_cs_client */;

--
-- Dumping data for table `data_input_fields`
--

LOCK TABLES `data_input_fields` WRITE;
/*!40000 ALTER TABLE `data_input_fields` DISABLE KEYS */;
INSERT INTO `data_input_fields` VALUES (1,'92f5906c8dc0f964b41f4253df582c38',1,'SNMP IP Address','management_ip','in','',0,'hostname','',''),(2,'32285d5bf16e56c478f5e83f32cda9ef',1,'SNMP Community','snmp_community','in','',0,'snmp_community','',''),(3,'ad14ac90641aed388139f6ba86a2e48b',1,'SNMP Username','snmp_username','in','',0,'snmp_username','','on'),(4,'9c55a74bd571b4f00a96fd4b793278c6',1,'SNMP Password','snmp_password','in','',0,'snmp_password','','on'),(5,'012ccb1d3687d3edb29c002ea66e72da',1,'SNMP Version (1, 2, or 3)','snmp_version','in','',0,'snmp_version','','on'),(6,'4276a5ec6e3fe33995129041b1909762',1,'OID','oid','in','',0,'snmp_oid','',''),(7,'617cdc8a230615e59f06f361ef6e7728',2,'SNMP IP Address','management_ip','in','',0,'hostname','',''),(8,'acb449d1451e8a2a655c2c99d31142c7',2,'SNMP Community','snmp_community','in','',0,'snmp_community','',''),(9,'f4facc5e2ca7ebee621f09bc6d9fc792',2,'SNMP Username (v3)','snmp_username','in','',0,'snmp_username','','on'),(10,'1cc1493a6781af2c478fa4de971531cf',2,'SNMP Password (v3)','snmp_password','in','',0,'snmp_password','','on'),(11,'b5c23f246559df38662c255f4aa21d6b',2,'SNMP Version (1, 2, or 3)','snmp_version','in','',0,'snmp_version','',''),(12,'6027a919c7c7731fbe095b6f53ab127b',2,'Index Type','index_type','in','',0,'index_type','',''),(13,'cbbe5c1ddfb264a6e5d509ce1c78c95f',2,'Index Value','index_value','in','',0,'index_value','',''),(14,'e6deda7be0f391399c5130e7c4a48b28',2,'Output Type ID','output_type','in','',0,'output_type','',''),(31,'d39556ecad6166701bfb0e28c5a11108',11,'Index Type','index_type','in','',0,'index_type','',''),(32,'3b7caa46eb809fc238de6ef18b6e10d5',11,'Index Value','index_value','in','',0,'index_value','',''),(33,'74af2e42dc12956c4817c2ef5d9983f9',11,'Output Type ID','output_type','in','',0,'output_type','',''),(34,'8ae57f09f787656bf4ac541e8bd12537',11,'Output Value','output','out','on',0,'','',''),(35,'172b4b0eacee4948c6479f587b62e512',12,'Index Type','index_type','in','',0,'index_type','',''),(36,'30fb5d5bcf3d66bb5abe88596f357c26',12,'Index Value','index_value','in','',0,'index_value','',''),(37,'31112c85ae4ff821d3b288336288818c',12,'Output Type ID','output_type','in','',0,'output_type','',''),(38,'5be8fa85472d89c621790b43510b5043',12,'Output Value','output','out','on',0,'','',''),(39,'c1f36ee60c3dc98945556d57f26e475b',2,'SNMP Port','snmp_port','in','',0,'snmp_port','',''),(40,'fc64b99742ec417cc424dbf8c7692d36',1,'SNMP Port','snmp_port','in','',0,'snmp_port','',''),(41,'20832ce12f099c8e54140793a091af90',1,'SNMP Authenticaion Protocol (v3)','snmp_auth_protocol','in','',0,'snmp_auth_protocol','',''),(42,'c60c9aac1e1b3555ea0620b8bbfd82cb',1,'SNMP Privacy Passphrase (v3)','snmp_priv_passphrase','in','',0,'snmp_priv_passphrase','',''),(43,'feda162701240101bc74148415ef415a',1,'SNMP Privacy Protocol (v3)','snmp_priv_protocol','in','',0,'snmp_priv_protocol','',''),(44,'2cf7129ad3ff819a7a7ac189bee48ce8',2,'SNMP Authenticaion Protocol (v3)','snmp_auth_protocol','in','',0,'snmp_auth_protocol','',''),(45,'6b13ac0a0194e171d241d4b06f913158',2,'SNMP Privacy Passphrase (v3)','snmp_priv_passphrase','in','',0,'snmp_priv_passphrase','',''),(46,'3a33d4fc65b8329ab2ac46a36da26b72',2,'SNMP Privacy Protocol (v3)','snmp_priv_protocol','in','',0,'snmp_priv_protocol','','');
/*!40000 ALTER TABLE `data_input_fields` ENABLE KEYS */;
UNLOCK TABLES;

--
-- Table structure for table `data_local`
--

DROP TABLE IF EXISTS `data_local`;
/*!40101 SET @saved_cs_client     = @@character_set_client */;
/*!40101 SET character_set_client = utf8 */;
CREATE TABLE `data_local` (
  `id` mediumint(8) unsigned NOT NULL AUTO_INCREMENT,
  `data_template_id` mediumint(8) unsigned NOT NULL DEFAULT '0',
  `host_id` mediumint(8) unsigned NOT NULL DEFAULT '0',
  `snmp_query_id` mediumint(8) NOT NULL DEFAULT '0',
  `snmp_index` varchar(255) NOT NULL DEFAULT '',
  PRIMARY KEY (`id`)
) ENGINE=MyISAM AUTO_INCREMENT=279 DEFAULT CHARSET=utf8;
/*!40101 SET character_set_client = @saved_cs_client */;

--
-- Dumping data for table `data_local`
--

LOCK TABLES `data_local` WRITE;
/*!40000 ALTER TABLE `data_local` DISABLE KEYS */;
/*!40000 ALTER TABLE `data_local` ENABLE KEYS */;
UNLOCK TABLES;

--
-- Table structure for table `data_template`
--

DROP TABLE IF EXISTS `data_template`;
/*!40101 SET @saved_cs_client     = @@character_set_client */;
/*!40101 SET character_set_client = utf8 */;
CREATE TABLE `data_template` (
  `id` mediumint(8) unsigned NOT NULL AUTO_INCREMENT,
  `hash` varchar(32) NOT NULL DEFAULT '',
  `name` varchar(150) NOT NULL DEFAULT '',
  PRIMARY KEY (`id`)
) ENGINE=MyISAM AUTO_INCREMENT=165 DEFAULT CHARSET=utf8;
/*!40101 SET character_set_client = @saved_cs_client */;

--
-- Dumping data for table `data_template`
--

LOCK TABLES `data_template` WRITE;
/*!40000 ALTER TABLE `data_template` DISABLE KEYS */;
INSERT INTO `data_template` VALUES (121,'4145351d63c5206605bde64897b83706','Windows/PhysicalDisk'),(120,'316dd647e3f3b1e870028d769e393bab','WIN - PhysicalDisk'),(119,'549e4146e90a1fde56aed3d6e4dc0949','Windows/ProcessorTotal'),(118,'449cf6fa4cdb63f317d307455800d1e4','net_dev'),(117,'ee51b238a92fffe672b941e7e7fb4776','Linux/netDev/5'),(13,'dc33aa9a8e71fb7c61ec0e7a6da074aa','Linux - Memory - Free'),(15,'41f55087d067142d702dd3c73c98f020','Linux - Memory - Free Swap'),(116,'e769c887be29623d7e740b333486a788','Linux/netDev/4'),(115,'9c4e040d86429f6ad6e0ebd7dbd3e30d','Linux/netDev/3'),(114,'1e269e4f323d9a7098a26f0db9ffce8f','Linux/netDev/2'),(113,'4068658bf4d95e3b2d9ba2d1b342a77d','Linux/netDev/1'),(111,'369bb0133aebddefb83461999f9ca9a0','Linux/iostat/15'),(112,'9bebe036f5a64e29229aba6c97940b70','Linux/loadavg'),(108,'b96ebb8abcc3e92cac0be785395d195c','Linux/iostat/12'),(109,'784249bb341720685374dba6a7db3baa','Linux/iostat/13'),(110,'4cda0a530f738ce30db6804511329335','Linux/iostat/14'),(107,'1a076c6e60052539088f34e152c80fe7','Linux/iostat/11'),(106,'4822705ebb20e592c4d3f813eed2f4d7','Linux/iostat/10'),(105,'a9e668da43818ba2e3f54cde9ff6229e','Linux/iostat/9'),(104,'97feaa55a5b0305c7b07fd28ab05cc04','Linux/iostat/8'),(103,'ffb5a6fa57e1acb698784e64719599fc','Linux/iostat/7'),(102,'126ce9813dbc6531e3aa64eb3f354e99','Linux/iostat/6'),(100,'a667f854fc571541c61c33a5bef83e9d','Linux/iostat/4'),(101,'ca5953f87cb76f69275ca82aa8c2e9ac','Linux/iostat/5'),(99,'5f197d9610e00288da7a601df799f918','Linux/iostat/3'),(134,'0a2d0b52167937a628e9db7d6be2f3e8','Windows/LogicalDisk/9'),(98,'d6920a1bd6353897f61431757798e1f0','Linux/iostat/2'),(97,'595c54649341193b7e796a6d858d281e','Linux/iostat/1'),(92,'bc6f4d5d8932a65fe1a6349b682197a1','sar_u'),(93,'5e079cef54a555aa9bc348f823c54175','Linux/iostat'),(94,'e95308ce4a0be430eb277d7a7a9a3383','Linux/netDev'),(95,'1ce7eb29cdd2532f841f0fb5ed7edc2c','Linux/memfree2'),(96,'3718ae630dd6d0c9e1f7e62f254983c4','Linux/memfree'),(133,'456be74623b13b5dbe5d510b02adcb35','Windows/LogicalDisk/8'),(132,'d73c301c53971b9f5441c32b9a24179d','Windows/LogicalDisk/7'),(131,'4ed8bc9d072cd58647352f7a8429543c','Windows/LogicalDisk/6'),(130,'78100c616ca0aab6d6a424fc6cd94068','Windows/LogicalDisk/5'),(129,'1061510b7868c237fd9e31b862861bae','Windows/LogicalDisk/4'),(128,'439f1c84f23255bcb719954aa70c18a5','Windows/LogicalDisk/3'),(127,'aa7a9118fee5edade56fe35d36d7467a','Windows/LogicalDisk/2'),(126,'4b7bda19841b59e3d02b6b37e3e69255','Windows/LogicalDisk/1'),(125,'800b0a887d166488da723f06ff441695','WIN - df01'),(124,'473e546216d52f16337132090f5042a9','WIN - Server'),(123,'b5307b56477e4667fc64db9ed3c82bad','Windows/Network'),(122,'a2822b11fdc8715b386a24f4e6031408','WIN - Memory'),(91,'29e2b79063dbb0e9326e71eb4586bf73','__root__'),(76,'70281dbf1a6bc3d4463e292e9235ecba','Linux/diskutil/1'),(77,'d6adfa0e8bb2d8c1302b31eb935f7467','Linux/diskutil/2'),(78,'fd224b054f721ef15b7247075b41381d','Linux/diskutil/3'),(79,'f3988ed157f8c62d3881ba9793ed0cc2','Linux/diskutil/4'),(80,'9f17298eb37fd8777bda2a8f21a29c49','Linux/diskutil/5'),(81,'274f58b893e77b35debae6bbe8be0739','Linux/diskutil/6'),(82,'c7d1d36e8bae1548d2607b70ea4fb218','Linux/diskutil/7'),(83,'8215040b1ef7a54e331fe0f46f97c386','Linux/diskutil/8'),(84,'6d64f85b37f535b5bd8fb400e3a360ab','Linux/diskutil/9'),(85,'8264aff197973546bfb04396f8cf70a9','Linux/diskutil/10'),(86,'f5ca1ef84cc7e056ae839dc2155afdb4','Linux/diskutil/11'),(87,'f924ab4b42821bb1ccc28ffe52268d50','Linux/diskutil/12'),(88,'f34ef239ecf972a6586d1c2d83743072','Linux/diskutil/13'),(89,'6e5085ccf1142dcedb80c6f4ee1ad7c5','Linux/diskutil/14'),(90,'1335053f8eb98a19ad3a21d59194918e','Linux/diskutil/15'),(135,'4d29c0641b5fb6014bc40285dab811d0','Windows/LogicalDisk/10'),(136,'13b7e9334e1513cd7336f70ddcd15c42','Windows/LogicalDisk/11'),(137,'50761f3b1bea73eadb2edb4824cc649c','Windows/LogicalDisk/12'),(138,'df0b7b4c3eb0ff4212e784c0252e5382','Windows/LogicalDisk/13'),(139,'d3a5db49439e412564bc818cbe65598a','Windows/LogicalDisk/14'),(140,'6f93187ba0f90ae6605c61b25faf2cc8','Windows/LogicalDisk/15'),(141,'7e544e388444d015ac46902123b389ec','Windows/NetworkTotal'),(142,'5761294cb574581b067204483bab230e','Windows/PhysicalDisk/1'),(143,'6182d81010958e98a72c8eb9183d3fc4','Windows/PhysicalDisk/2'),(144,'ba73eca976a0435aeac9b06d603e6171','Windows/PhysicalDisk/3'),(145,'02b98248359b2d3e8452428ca5135f42','Windows/PhysicalDisk/4'),(146,'4469b1efe3df8f677dee8a699ba398e2','Windows/PhysicalDisk/5'),(147,'c16b8bf80c184dcd388730ed94a617a2','Windows/PhysicalDisk/6'),(148,'b043c47664e7cc491f7f112c7ac7be72','Windows/PhysicalDisk/7'),(149,'6cf2cd6bfbe1f5e09f9346040e7bb0ba','Windows/PhysicalDisk/8'),(150,'0694f80b859e9cde0da44351e73c322c','Windows/PhysicalDisk/9'),(151,'6537d9c52b7a944207d629f1205297cf','Windows/PhysicalDisk/10'),(152,'0ca3e3059ec26b2a9764e0bd027310a4','Windows/PhysicalDisk/11'),(153,'f453d1288eec8642f78daa4d913f6bd6','Windows/PhysicalDisk/12'),(154,'cb2165966cb43e822524480980f3193b','Windows/PhysicalDisk/13'),(155,'6a46c6050e5ff2516a06e9c5be0816fd','Windows/PhysicalDisk/14'),(156,'40b838ab40a962b2368647e9b8ed7df6','Windows/PhysicalDisk/15'),(157,'6e82727502ec5b547293886747bfb6a7','Windows/Network/1'),(158,'b5ea83b057963a6cda957baf2cede2e0','Windows/Network/2'),(159,'c0fe9ade5defbd6b2ffa4d55e34d33c9','Windows/Network/3'),(160,'19933e9fb858e4aa0430dff8a0c532ae','Windows/Network/4'),(161,'6ae7cfa55152a7b9b78300300b00f361','Windows/Network/5'),(162,'23c35d377cc854702e8e3712101daf95','Linux/vmstat'),(163,'6a003dbb7911720825abf2385165cded','Windows/Memory'),(164,'797c52cbf540f0039f1c11c9addf8767','Windows/Processor');
/*!40000 ALTER TABLE `data_template` ENABLE KEYS */;
UNLOCK TABLES;

--
-- Table structure for table `data_template_data`
--

DROP TABLE IF EXISTS `data_template_data`;
/*!40101 SET @saved_cs_client     = @@character_set_client */;
/*!40101 SET character_set_client = utf8 */;
CREATE TABLE `data_template_data` (
  `id` mediumint(8) unsigned NOT NULL AUTO_INCREMENT,
  `local_data_template_data_id` mediumint(8) unsigned NOT NULL DEFAULT '0',
  `local_data_id` mediumint(8) unsigned NOT NULL DEFAULT '0',
  `data_template_id` mediumint(8) unsigned NOT NULL DEFAULT '0',
  `data_input_id` mediumint(8) unsigned NOT NULL DEFAULT '0',
  `t_name` char(2) DEFAULT NULL,
  `name` varchar(250) NOT NULL DEFAULT '',
  `name_cache` varchar(255) NOT NULL DEFAULT '',
  `data_source_path` varchar(255) DEFAULT NULL,
  `t_active` char(2) DEFAULT NULL,
  `active` char(2) DEFAULT NULL,
  `t_rrd_step` char(2) DEFAULT NULL,
  `rrd_step` mediumint(8) unsigned NOT NULL DEFAULT '0',
  `t_rra_id` char(2) DEFAULT NULL,
  PRIMARY KEY (`id`),
  KEY `local_data_id` (`local_data_id`),
  KEY `data_template_id` (`data_template_id`),
  KEY `data_input_id` (`data_input_id`)
) ENGINE=MyISAM AUTO_INCREMENT=457 DEFAULT CHARSET=utf8;
/*!40101 SET character_set_client = @saved_cs_client */;

--
-- Dumping data for table `data_template_data`
--

LOCK TABLES `data_template_data` WRITE;
/*!40000 ALTER TABLE `data_template_data` DISABLE KEYS */;
INSERT INTO `data_template_data` VALUES (141,0,0,120,0,'on','|host_description| - PhysicalDisk2','',NULL,'','on','',300,''),(140,0,0,119,0,'on','name','',NULL,'','on','',300,NULL),(139,0,0,118,0,'on','Network Traffic','',NULL,'','on','',300,''),(138,0,0,117,0,'on','name','',NULL,'','on','',300,NULL),(137,0,0,116,0,'on','name','',NULL,'','on','',300,NULL),(13,0,0,13,6,'','|host_description| - Memory - Free','',NULL,'','on','',300,''),(15,0,0,15,6,'','|host_description| - Memory - Free Swap','',NULL,'','on','',300,''),(136,0,0,115,0,'on','name','',NULL,'','on','',300,NULL),(135,0,0,114,0,'on','name','',NULL,'','on','',300,NULL),(134,0,0,113,0,'on','name','',NULL,'','on','',300,NULL),(133,0,0,112,0,'on','name','',NULL,'','on','',300,NULL),(130,0,0,109,0,'on','name','',NULL,'','on','',300,NULL),(131,0,0,110,0,'on','name','',NULL,'','on','',300,NULL),(132,0,0,111,0,'on','name','',NULL,'','on','',300,NULL),(126,0,0,105,0,'on','name','',NULL,'','on','',300,NULL),(127,0,0,106,0,'on','name','',NULL,'','on','',300,NULL),(128,0,0,107,0,'on','name','',NULL,'','on','',300,NULL),(129,0,0,108,0,'on','name','',NULL,'','on','',300,NULL),(125,0,0,104,0,'on','name','',NULL,'','on','',300,NULL),(124,0,0,103,0,'on','name','',NULL,'','on','',300,NULL),(123,0,0,102,0,'on','name','',NULL,'','on','',300,NULL),(122,0,0,101,0,'on','name','',NULL,'','on','',300,NULL),(121,0,0,100,0,'on','name','',NULL,'','on','',300,NULL),(120,0,0,99,0,'on','name','',NULL,'','on','',300,NULL),(117,0,0,96,0,'on','name','',NULL,'','on','',300,NULL),(118,0,0,97,0,'on','name','',NULL,'','on','',300,NULL),(119,0,0,98,0,'on','name','',NULL,'','on','',300,NULL),(116,0,0,95,0,'on','name','',NULL,'','on','',300,NULL),(161,0,0,140,0,'on','name','',NULL,'','on','',300,NULL),(173,0,0,152,0,'on','name','',NULL,'','on','',300,NULL),(174,0,0,153,0,'on','name','',NULL,'','on','',300,NULL),(175,0,0,154,0,'on','name','',NULL,'','on','',300,NULL),(170,0,0,149,0,'on','name','',NULL,'','on','',300,NULL),(171,0,0,150,0,'on','name','',NULL,'','on','',300,NULL),(172,0,0,151,0,'on','name','',NULL,'','on','',300,NULL),(167,0,0,146,0,'on','name','',NULL,'','on','',300,NULL),(168,0,0,147,0,'on','name','',NULL,'','on','',300,NULL),(169,0,0,148,0,'on','name','',NULL,'','on','',300,NULL),(164,0,0,143,0,'on','name','',NULL,'','on','',300,NULL),(165,0,0,144,0,'on','name','',NULL,'','on','',300,NULL),(166,0,0,145,0,'on','name','',NULL,'','on','',300,NULL),(162,0,0,141,0,'on','name','',NULL,'','on','',300,NULL),(163,0,0,142,0,'on','name','',NULL,'','on','',300,NULL),(115,0,0,94,0,'on','name','',NULL,'','on','',300,NULL),(114,0,0,93,0,'on','name','',NULL,'','on','',300,NULL),(113,0,0,92,0,'on','sar_u','',NULL,'','on','',300,''),(160,0,0,139,0,'on','name','',NULL,'','on','',300,NULL),(159,0,0,138,0,'on','name','',NULL,'','on','',300,NULL),(158,0,0,137,0,'on','name','',NULL,'','on','',300,NULL),(157,0,0,136,0,'on','name','',NULL,'','on','',300,NULL),(156,0,0,135,0,'on','name','',NULL,'','on','',300,NULL),(155,0,0,134,0,'on','name','',NULL,'','on','',300,NULL),(154,0,0,133,0,'on','name','',NULL,'','on','',300,NULL),(153,0,0,132,0,'on','name','',NULL,'','on','',300,NULL),(152,0,0,131,0,'on','name','',NULL,'','on','',300,NULL),(151,0,0,130,0,'on','name','',NULL,'','on','',300,NULL),(150,0,0,129,0,'on','name','',NULL,'','on','',300,NULL),(149,0,0,128,0,'on','name','',NULL,'','on','',300,NULL),(148,0,0,127,0,'on','name','',NULL,'','on','',300,NULL),(147,0,0,126,0,'on','name','',NULL,'','on','',300,NULL),(146,0,0,125,0,'on','WIN - df01','',NULL,'','on','',300,''),(145,0,0,124,0,'on','|host_description| - System Usage','',NULL,'','on','',300,''),(144,0,0,123,0,'on','name','',NULL,'','on','',300,NULL),(143,0,0,122,0,'on','|host_description| - Memory','',NULL,'','on','',300,''),(142,0,0,121,0,'on','name','',NULL,'','on','',300,NULL),(112,0,0,91,0,'on','name','',NULL,'','on','',300,''),(97,0,0,76,0,'on','name','',NULL,'','on','',300,NULL),(98,0,0,77,0,'on','name','',NULL,'','on','',300,NULL),(99,0,0,78,0,'on','name','',NULL,'','on','',300,NULL),(100,0,0,79,0,'on','name','',NULL,'','on','',300,NULL),(101,0,0,80,0,'on','name','',NULL,'','on','',300,NULL),(102,0,0,81,0,'on','name','',NULL,'','on','',300,NULL),(103,0,0,82,0,'on','name','',NULL,'','on','',300,NULL),(104,0,0,83,0,'on','name','',NULL,'','on','',300,NULL),(105,0,0,84,0,'on','name','',NULL,'','on','',300,NULL),(106,0,0,85,0,'on','name','',NULL,'','on','',300,NULL),(107,0,0,86,0,'on','name','',NULL,'','on','',300,NULL),(108,0,0,87,0,'on','name','',NULL,'','on','',300,NULL),(109,0,0,88,0,'on','name','',NULL,'','on','',300,NULL),(110,0,0,89,0,'on','name','',NULL,'','on','',300,NULL),(111,0,0,90,0,'on','name','',NULL,'','on','',300,NULL),(176,0,0,155,0,'on','name','',NULL,'','on','',300,NULL),(177,0,0,156,0,'on','name','',NULL,'','on','',300,NULL),(178,0,0,157,0,'on','name','',NULL,'','on','',300,NULL),(179,0,0,158,0,'on','name','',NULL,'','on','',300,NULL),(180,0,0,159,0,'on','name','',NULL,'','on','',300,NULL),(181,0,0,160,0,'on','name','',NULL,'','on','',300,NULL),(182,0,0,161,0,'on','name','',NULL,'','on','',300,NULL),(184,0,0,162,0,'on','name','',NULL,'','on','',300,''),(436,0,0,163,0,'on','name','',NULL,'','on','',300,NULL),(437,0,0,164,0,'on','name','',NULL,'','on','',300,NULL);
/*!40000 ALTER TABLE `data_template_data` ENABLE KEYS */;
UNLOCK TABLES;

--
-- Table structure for table `data_template_data_rra`
--

DROP TABLE IF EXISTS `data_template_data_rra`;
/*!40101 SET @saved_cs_client     = @@character_set_client */;
/*!40101 SET character_set_client = utf8 */;
CREATE TABLE `data_template_data_rra` (
  `data_template_data_id` mediumint(8) unsigned NOT NULL DEFAULT '0',
  `rra_id` mediumint(8) unsigned NOT NULL DEFAULT '0',
  PRIMARY KEY (`data_template_data_id`,`rra_id`),
  KEY `data_template_data_id` (`data_template_data_id`)
) ENGINE=MyISAM DEFAULT CHARSET=utf8;
/*!40101 SET character_set_client = @saved_cs_client */;

--
-- Dumping data for table `data_template_data_rra`
--

LOCK TABLES `data_template_data_rra` WRITE;
/*!40000 ALTER TABLE `data_template_data_rra` DISABLE KEYS */;
INSERT INTO `data_template_data_rra` VALUES (13,1),(13,2),(13,3),(13,4),(15,1),(15,2),(15,3),(15,4),(112,1),(112,2),(112,3),(112,4),(112,5),(436,1),(436,2),(436,3),(436,4),(436,5),(437,1),(437,2),(437,3),(437,4),(437,5);
/*!40000 ALTER TABLE `data_template_data_rra` ENABLE KEYS */;
UNLOCK TABLES;

--
-- Table structure for table `data_template_rrd`
--

DROP TABLE IF EXISTS `data_template_rrd`;
/*!40101 SET @saved_cs_client     = @@character_set_client */;
/*!40101 SET character_set_client = utf8 */;
CREATE TABLE `data_template_rrd` (
  `id` mediumint(8) unsigned NOT NULL AUTO_INCREMENT,
  `hash` varchar(32) NOT NULL DEFAULT '',
  `local_data_template_rrd_id` mediumint(8) unsigned NOT NULL DEFAULT '0',
  `local_data_id` mediumint(8) unsigned NOT NULL DEFAULT '0',
  `data_template_id` mediumint(8) unsigned NOT NULL DEFAULT '0',
  `t_rrd_maximum` char(2) DEFAULT NULL,
  `rrd_maximum` varchar(20) NOT NULL DEFAULT '0',
  `t_rrd_minimum` char(2) DEFAULT NULL,
  `rrd_minimum` varchar(20) NOT NULL DEFAULT '0',
  `t_rrd_heartbeat` char(2) DEFAULT NULL,
  `rrd_heartbeat` mediumint(6) NOT NULL DEFAULT '0',
  `t_data_source_type_id` char(2) DEFAULT NULL,
  `data_source_type_id` smallint(5) NOT NULL DEFAULT '0',
  `t_data_source_name` char(2) DEFAULT NULL,
  `data_source_name` varchar(19) NOT NULL DEFAULT '',
  `t_data_input_field_id` char(2) DEFAULT NULL,
  `data_input_field_id` mediumint(8) unsigned NOT NULL DEFAULT '0',
  PRIMARY KEY (`id`),
  UNIQUE KEY `duplicate_dsname_contraint` (`local_data_id`,`data_source_name`,`data_template_id`),
  KEY `local_data_id` (`local_data_id`),
  KEY `data_template_id` (`data_template_id`),
  KEY `local_data_template_rrd_id` (`local_data_template_rrd_id`)
) ENGINE=MyISAM AUTO_INCREMENT=2181 DEFAULT CHARSET=utf8;
/*!40101 SET character_set_client = @saved_cs_client */;

--
-- Dumping data for table `data_template_rrd`
--

LOCK TABLES `data_template_rrd` WRITE;
/*!40000 ALTER TABLE `data_template_rrd` DISABLE KEYS */;
INSERT INTO `data_template_rrd` VALUES (294,'af6dc65020cd12e837fe20b21e30220d',0,0,105,'','0','','0','',600,'',1,'','item1','',0),(293,'c76f00b361b397a09a151d232a98f61b',0,0,104,NULL,'100',NULL,'0',NULL,600,NULL,1,NULL,'pct',NULL,0),(292,'96b62050bd81eb26e753747b526f72fd',0,0,104,'','0','','0','',600,'',1,'','item1','',0),(291,'433e42a7fe5a1cc8887d434562314266',0,0,103,NULL,'100',NULL,'0',NULL,600,NULL,1,NULL,'pct',NULL,0),(290,'eafa11eb2fb35a3e0f4b5514e49ed7cb',0,0,103,'','0','','0','',600,'',1,'','item1','',0),(289,'e9167b0548077f8474393134045eed8e',0,0,102,NULL,'100',NULL,'0',NULL,600,NULL,1,NULL,'pct',NULL,0),(288,'a3757078d0a869faaeaaed9507e941ca',0,0,102,'','0','','0','',600,'',1,'','item1','',0),(287,'f6057be09f29db556ce6a21aa147b0ba',0,0,101,NULL,'100',NULL,'0',NULL,600,NULL,1,NULL,'pct',NULL,0),(16,'a4df3de5238d3beabee1a2fe140d3d80',0,0,13,'','0','','0','',600,'',1,'','mem_buffers','',23),(18,'7fea6acc9b1a19484b4cb4cef2b6c5da',0,0,15,'','0','','0','',600,'',1,'','mem_swap','',23),(286,'07e86b481875ca4fdd85ef108cf23361',0,0,101,'','0','','0','',600,'',1,'','item1','',0),(285,'328054821b3b5d3a8ebd5e61a7ed5f8c',0,0,100,NULL,'100',NULL,'0',NULL,600,NULL,1,NULL,'pct',NULL,0),(284,'3bd181e3f3d1947d3512c9c7f9c803c0',0,0,100,'','0','','0','',600,'',1,'','item1','',0),(283,'dc74a1e784cf349661014d7c4b780d38',0,0,99,NULL,'100',NULL,'0',NULL,600,NULL,1,NULL,'pct',NULL,0),(281,'844bc94cac01a255c53fbc20df4f3a83',0,0,98,NULL,'100',NULL,'0',NULL,600,NULL,1,NULL,'pct',NULL,0),(282,'4daa0fb55921ad789806b83e38fd59f2',0,0,99,'','0','','0','',600,'',1,'','item1','',0),(278,'6461e9411f6d696f9562e1413b3794b9',0,0,97,'','0','','0','',600,'',1,'','item1','',0),(279,'64e68ae29ea65575a907b6b1767b37f8',0,0,97,NULL,'100',NULL,'0',NULL,600,NULL,1,NULL,'pct',NULL,0),(280,'0aa8159cabb4a91387060989d9503e2c',0,0,98,'','0','','0','',600,'',1,'','item1','',0),(277,'b40e26380cf54acb46177c7d9fe9cc94',0,0,96,NULL,'100',NULL,'0',NULL,600,NULL,1,NULL,'free',NULL,0),(276,'643d573c597bd513cfecb5e9fd799d96',0,0,96,NULL,'100',NULL,'0',NULL,600,NULL,1,NULL,'cached',NULL,0),(275,'d037f3869db773d1ec0e0164147c4306',0,0,96,NULL,'100',NULL,'0',NULL,600,NULL,1,NULL,'buffers',NULL,0),(274,'4ac2107eb6c496c6b0ce6029f49aff15',0,0,96,NULL,'100',NULL,'0',NULL,600,NULL,1,NULL,'shared',NULL,0),(273,'03acfca7a4cd258c36d0a52d4f8c530e',0,0,96,NULL,'100',NULL,'0',NULL,600,NULL,1,NULL,'used',NULL,0),(272,'b24617f6b3aef0d91aac92e79fc5315e',0,0,96,'','0','','0','',600,'',1,'','item1','',0),(271,'787f94ce6d0025e1016f98a56bbf3430',0,0,95,NULL,'100',NULL,'0',NULL,600,NULL,1,NULL,'free',NULL,0),(270,'a3414f37c81c08189b6b83e1623821bb',0,0,95,NULL,'100',NULL,'0',NULL,600,NULL,1,NULL,'cached',NULL,0),(267,'f349c88c2fc54df25e6471f646202dbc',0,0,95,NULL,'100',NULL,'0',NULL,600,NULL,1,NULL,'used',NULL,0),(268,'d7f3ad32d9cb3154d1134b90b92dfe65',0,0,95,NULL,'100',NULL,'0',NULL,600,NULL,1,NULL,'shared',NULL,0),(269,'53ce5255e99dc44bb99a627a81704918',0,0,95,NULL,'100',NULL,'0',NULL,600,NULL,1,NULL,'buffers',NULL,0),(265,'2fd0ff5b8b8d7a3a54015b186fa7b716',0,0,94,NULL,'100',NULL,'0',NULL,600,NULL,1,NULL,'outCarrier',NULL,0),(266,'fb7a5d4851898790050ee26fc77e7d76',0,0,95,'','0','','0','',600,'',1,'','item1','',0),(356,'bab7e7f8cdcb3e3306cb3716d727ea5e',0,0,121,NULL,'100',NULL,'0',NULL,600,NULL,1,NULL,'DiskWritesSec',NULL,0),(355,'5b6b3e4bd8fcaaf93b19405b8fdc4379',0,0,121,NULL,'100',NULL,'0',NULL,600,NULL,1,NULL,'DiskReadsSec',NULL,0),(354,'3f7314ecae944aa832d8827c598a3dfc',0,0,121,'','0','','0','',600,'',1,'','item1','',0),(264,'1fbacd1f50c56496181850d156a96b1b',0,0,94,NULL,'100',NULL,'0',NULL,600,NULL,1,NULL,'outColls',NULL,0),(263,'bb0ad28531ec553a2899d8b1a3286be4',0,0,94,NULL,'100',NULL,'0',NULL,600,NULL,1,NULL,'outFifo',NULL,0),(262,'c47accc0e9f9c34ec475dc1ed2a5cf6a',0,0,94,NULL,'100',NULL,'0',NULL,600,NULL,1,NULL,'outDrop',NULL,0),(258,'20562d9732777c9db9d83a230f988d63',0,0,94,NULL,'100',NULL,'0',NULL,600,NULL,1,NULL,'outErrs',NULL,0),(259,'7837021c7934ef65e9f26e06de775a15',0,0,94,NULL,'100',NULL,'0',NULL,600,NULL,1,NULL,'inDrop',NULL,0),(260,'eb0fd0adc72354b74a9672e381486577',0,0,94,NULL,'100',NULL,'0',NULL,600,NULL,1,NULL,'inFifo',NULL,0),(261,'d666baae86c5eccd0316696fbd9f8de7',0,0,94,NULL,'100',NULL,'0',NULL,600,NULL,1,NULL,'inFrame',NULL,0),(353,'14f51ba62eaefa90b476f58f5c7b2cf2',0,0,120,'','0','','0','',600,'',1,'','DiskReadBytesSec','',0),(352,'fd67287e97a762aaa352c49b583874c5',0,0,120,'','0','','0','',600,'',1,'','DiskReadElapse','',0),(351,'0fb246193f1f602216de28b746a713fe',0,0,120,'','0','','0','',600,'',1,'','DiskWriteBytesSec','',0),(350,'f147b0fbc8bb8aaa829f0aa5a5fb4d6c',0,0,120,'','0','','0','',600,'',1,'','DiskWritesSec','',0),(349,'ebbd7b0fdb9ace6cc216d24ae90c2990',0,0,120,'','0','','0','',600,'',1,'','DiskWriteElapse','',0),(348,'f4b5b2e2f9f2b9b1799efec596b17e07',0,0,120,'','100','','0','',600,'',1,'','DiskIdleTime','',0),(347,'2d4246716c3ceb71a9a10a457a4984b6',0,0,120,'','0','','0','',600,'',1,'','DiskReadsSec','',0),(346,'cd3726eed92086ac1b53a5652c613538',0,0,119,NULL,'100',NULL,'0',NULL,600,NULL,1,NULL,'InterruptTime',NULL,0),(345,'c476cdca9ea460697e7932c956306493',0,0,119,NULL,'100',NULL,'0',NULL,600,NULL,1,NULL,'PrivilegedTime',NULL,0),(344,'d9ed7ef8b1b7265a2e9b02ba8fc384f6',0,0,119,NULL,'100',NULL,'0',NULL,600,NULL,1,NULL,'UserTime',NULL,0),(343,'e1d7d19bf742421e4232da25b81b292d',0,0,119,'','0','','0','',600,'',1,'','item1','',0),(342,'3fae4e0d0f2db3929067519038a21717',0,0,118,'','100','','0','',600,'',1,'','inCompressed','',0),(341,'df9ae64996d3bc9b9adb3f2a7b42e6dc',0,0,118,'','100','','0','',600,'',1,'','inFifo','',0),(340,'b46360d0491ab2ef487fe534e3365ca8',0,0,118,'','100','','0','',600,'',1,'','inFrame','',0),(339,'97ccd4735e9123849e98c28511af1bcf',0,0,118,'','100','','0','',600,'',1,'','inMulticast','',0),(338,'e5223111e2ad3236ec12fef9cd208807',0,0,118,'','100','','0','',600,'',1,'','outCarrier','',0),(337,'8ae3d108060547176c04ad9f6203f68b',0,0,118,'','100','','0','',600,'',1,'','outColls','',0),(336,'77619301acc03c7a122ed59a06e27b67',0,0,118,'','100','','0','',600,'',1,'','outCompressed','',0),(335,'795e6a8f5126392e16a21d0d1c42f716',0,0,118,'','100','','0','',600,'',1,'','outFifo','',0),(334,'5efe38811e6e2f902bb9181ca79582e2',0,0,118,'','100','','0','',600,'',1,'','inBytes','',0),(333,'c88ee9d7d4c988a637598ea56f5566ff',0,0,118,'','100','','0','',600,'',1,'','outBytes','',0),(332,'6d69ff6582e19abaae33afec17386224',0,0,118,'','100','','0','',600,'',1,'','outDrop','',0),(331,'3abf1303a2d941743bf50db73127dcfa',0,0,118,'','100','','0','',600,'',1,'','outErrs','',0),(330,'05fd864ff4252c3e0e08fb6759d16357',0,0,118,'','100','','0','',600,'',1,'','inDrop','',0),(329,'822326298fb34d79698c846f4705db90',0,0,118,'','100','','0','',600,'',1,'','inErrs','',0),(328,'08279f23362259a5d6680b638e8551f6',0,0,118,'','0','','0','',600,'',1,'','inPackets','',0),(327,'09bbcb3faa9f5a4340febff960443dd2',0,0,118,'','0','','0','',600,'',1,'','outPackets','',0),(326,'63dd14626385f9ea51fb44aca3d72952',0,0,117,NULL,'100',NULL,'0',NULL,600,NULL,1,NULL,'outBytes',NULL,0),(325,'3a360b73792a1713b849a31defad9f05',0,0,117,NULL,'100',NULL,'0',NULL,600,NULL,1,NULL,'inBytes',NULL,0),(324,'ae9ae5609f59365045521cdd2452a540',0,0,117,'','0','','0','',600,'',1,'','item1','',0),(323,'e5535b4d65b597bebb1f63e0b68844a0',0,0,116,NULL,'100',NULL,'0',NULL,600,NULL,1,NULL,'outBytes',NULL,0),(322,'35d24e5f856481bdec63e0dd29bf58e4',0,0,116,NULL,'100',NULL,'0',NULL,600,NULL,1,NULL,'inBytes',NULL,0),(321,'5adf79ab0d99e43ec63e06fb71dc51c4',0,0,116,'','0','','0','',600,'',1,'','item1','',0),(320,'37d8b6d4362eae6b3b0e5ae859b3f339',0,0,115,NULL,'100',NULL,'0',NULL,600,NULL,1,NULL,'outBytes',NULL,0),(319,'7f9496c5e44a6bbc3c7ace878dc3c5d8',0,0,115,NULL,'100',NULL,'0',NULL,600,NULL,1,NULL,'inBytes',NULL,0),(318,'4cb5ce97c4b62493d00d564de32f4572',0,0,115,'','0','','0','',600,'',1,'','item1','',0),(317,'85400eb7bb4834697dbbc3b56a7e7e8a',0,0,114,NULL,'100',NULL,'0',NULL,600,NULL,1,NULL,'outBytes',NULL,0),(316,'070c69f5b6bfc43091e068daa8c6779d',0,0,114,NULL,'100',NULL,'0',NULL,600,NULL,1,NULL,'inBytes',NULL,0),(315,'d62433a4a33239b2a7ce04785d200c9d',0,0,114,'','0','','0','',600,'',1,'','item1','',0),(314,'9eaf3908c77c24c30981043617de7a37',0,0,113,NULL,'100',NULL,'0',NULL,600,NULL,1,NULL,'outBytes',NULL,0),(313,'a3ce08be73106b1f55f598b03217be28',0,0,113,NULL,'100',NULL,'0',NULL,600,NULL,1,NULL,'inBytes',NULL,0),(312,'88e36b8038e8ef2f2063ec7c878315c0',0,0,113,'','0','','0','',600,'',1,'','item1','',0),(311,'ed0bacc5165ac37c5b7b5f2b112314f0',0,0,112,NULL,'100',NULL,'0',NULL,600,NULL,1,NULL,'load15m',NULL,0),(310,'41f89e75f5dcb1eb1b1c2d143bb1a4b6',0,0,112,NULL,'100',NULL,'0',NULL,600,NULL,1,NULL,'load5m',NULL,0),(309,'820e7f41b48eb57a9974b63212d02c51',0,0,112,NULL,'100',NULL,'0',NULL,600,NULL,1,NULL,'load1m',NULL,0),(308,'570432149c16b4fe7cad49d808574b46',0,0,112,'','0','','0','',600,'',1,'','item1','',0),(307,'91cd3f367e88d7e73afb6b9e81a7bf2d',0,0,111,NULL,'100',NULL,'0',NULL,600,NULL,1,NULL,'pct',NULL,0),(306,'0a96b7a4e7297d99bf72af47d69ee694',0,0,111,'','0','','0','',600,'',1,'','item1','',0),(305,'25f5440a5bde34ecb58f4920ea29428c',0,0,110,NULL,'100',NULL,'0',NULL,600,NULL,1,NULL,'pct',NULL,0),(304,'d639a48ba1bbac3e842da5371dcbe704',0,0,110,'','0','','0','',600,'',1,'','item1','',0),(303,'a8f35427b731ef071c47572e075cefe3',0,0,109,NULL,'100',NULL,'0',NULL,600,NULL,1,NULL,'pct',NULL,0),(302,'0dae7c9d720414441ce9558cd243d265',0,0,109,'','0','','0','',600,'',1,'','item1','',0),(301,'f240e5c30bc61db5346bd7225be951d9',0,0,108,NULL,'100',NULL,'0',NULL,600,NULL,1,NULL,'pct',NULL,0),(300,'580e7765d246603854d5c8dd3aea4847',0,0,108,'','0','','0','',600,'',1,'','item1','',0),(299,'a0627213f81216ae63a76f274ba92e29',0,0,107,NULL,'100',NULL,'0',NULL,600,NULL,1,NULL,'pct',NULL,0),(298,'d2c7ade5bfac2bfbbe674a8df75ef500',0,0,107,'','0','','0','',600,'',1,'','item1','',0),(297,'6bda141ed0d63d69ef6ff5860fc23c39',0,0,106,NULL,'100',NULL,'0',NULL,600,NULL,1,NULL,'pct',NULL,0),(296,'eb6e5f6fc1ecebf07243694f9b49146b',0,0,106,'','0','','0','',600,'',1,'','item1','',0),(295,'453d5596ca25c7a614e11bd2abfa6ce9',0,0,105,NULL,'100',NULL,'0',NULL,600,NULL,1,NULL,'pct',NULL,0),(257,'49dc3c4e781df75d660d4d06b9e86aa0',0,0,94,NULL,'100',NULL,'0',NULL,600,NULL,1,NULL,'inErrs',NULL,0),(256,'9c17ee2ee6172a270fecaa2bd1495652',0,0,94,NULL,'100',NULL,'0',NULL,600,NULL,1,NULL,'outPackets',NULL,0),(255,'a0585b9730c2cbf9e52ff5309f12f611',0,0,94,NULL,'100',NULL,'0',NULL,600,NULL,1,NULL,'inPackets',NULL,0),(254,'62ac14c5dbb79477935dc14065be2d97',0,0,94,NULL,'100',NULL,'0',NULL,600,NULL,1,NULL,'outBytes',NULL,0),(253,'138f67dd83394559a3c8d1ca35035968',0,0,94,NULL,'100',NULL,'0',NULL,600,NULL,1,NULL,'inBytes',NULL,0),(252,'40e364ad6a6cfd441bbd6a76ec743f8a',0,0,94,'','0','','0','',600,'',1,'','item1','',0),(251,'99855849e0e1a7c481dba56cd8f5fac9',0,0,93,NULL,'100',NULL,'0',NULL,600,NULL,1,NULL,'svctm',NULL,0),(250,'1a676e71c7adf28d5d62c286012907d4',0,0,93,NULL,'100',NULL,'0',NULL,600,NULL,1,NULL,'wkb_s',NULL,0),(249,'ad7c7aed9b079bcce2baa28167041497',0,0,93,NULL,'100',NULL,'0',NULL,600,NULL,1,NULL,'rkb_s',NULL,0),(248,'a45a6ee3bdb3176d9354621e80e86682',0,0,93,NULL,'100',NULL,'0',NULL,600,NULL,1,NULL,'w_s',NULL,0),(247,'b4c54dcbd917df7c402714adb2cd22e6',0,0,93,NULL,'100',NULL,'0',NULL,600,NULL,1,NULL,'r_s',NULL,0),(246,'a0868cb2a804192acb5451e551ef74ac',0,0,93,'','0','','0','',600,'',1,'','item1','',0),(245,'7261c4b45169f1e79a2192b77154ece0',0,0,92,'','100','','0','',600,'',1,'','wio','',0),(244,'9067f8c21a9c1a240b64558542d42f3e',0,0,92,'','100','','0','',600,'',1,'','sys','',0),(243,'e6f112c200cfe095fadaff493bcf7b31',0,0,92,'','0','','0','',600,'',1,'','user','',0),(242,'3e776bd974276cb42c3d086f60deebc6',0,0,91,'','0','','0','',600,'',1,'','item1','',0),(197,'6d11a2db8ce2334cd6197f6a413dba27',0,0,76,NULL,'100',NULL,'0',NULL,600,NULL,1,NULL,'usage',NULL,0),(198,'2db0d4d4e8843b835615de69017971a8',0,0,76,'','0','','0','',600,'',1,'','item1','',0),(199,'4cd2f05760e4358bb9652f1846213ba8',0,0,76,NULL,'100',NULL,'0',NULL,600,NULL,1,NULL,'pct',NULL,0),(200,'a6af626eae6c30843e061859098a9f90',0,0,77,NULL,'100',NULL,'0',NULL,600,NULL,1,NULL,'usage',NULL,0),(201,'ecd399f50ffa6fa605a3e5aab7d2d50b',0,0,77,'','0','','0','',600,'',1,'','item1','',0),(202,'87f4d9130022368596fdc71a390d1441',0,0,77,NULL,'100',NULL,'0',NULL,600,NULL,1,NULL,'pct',NULL,0),(203,'c443abc2a4b5fa96e34bd79561171d60',0,0,78,NULL,'100',NULL,'0',NULL,600,NULL,1,NULL,'usage',NULL,0),(204,'85a04583973bf6b290cd5d429cb0d9af',0,0,78,'','0','','0','',600,'',1,'','item1','',0),(205,'f0afb05db7ef5d2d8d46210ac9d78395',0,0,78,NULL,'100',NULL,'0',NULL,600,NULL,1,NULL,'pct',NULL,0),(206,'288b7f9137c3ed33a6fbf7ca86ca4114',0,0,79,NULL,'100',NULL,'0',NULL,600,NULL,1,NULL,'usage',NULL,0),(207,'67132b7d25bd82b68a3bccf6a1fddf0d',0,0,79,'','0','','0','',600,'',1,'','item1','',0),(208,'f2995df68da73551ab192bda89e7345e',0,0,79,NULL,'100',NULL,'0',NULL,600,NULL,1,NULL,'pct',NULL,0),(209,'b7fe306b6983e16d0a35394e32d3eaa1',0,0,80,NULL,'100',NULL,'0',NULL,600,NULL,1,NULL,'usage',NULL,0),(210,'94a589a08562e344d683733afeee9eb2',0,0,80,'','0','','0','',600,'',1,'','item1','',0),(211,'2da2e031349b7bd0ad5401f03da5f067',0,0,80,NULL,'100',NULL,'0',NULL,600,NULL,1,NULL,'pct',NULL,0),(212,'02d76fc7187421ceb1452ce0d50e7461',0,0,81,NULL,'100',NULL,'0',NULL,600,NULL,1,NULL,'usage',NULL,0),(213,'506ae33ad56a403403cc062cb22014a4',0,0,81,'','0','','0','',600,'',1,'','item1','',0),(214,'f4f7d102d6be5b44ddd90cd62e51ab11',0,0,81,NULL,'100',NULL,'0',NULL,600,NULL,1,NULL,'pct',NULL,0),(215,'dec81a67375d63c383b1c65cb966ba50',0,0,82,NULL,'100',NULL,'0',NULL,600,NULL,1,NULL,'usage',NULL,0),(216,'f70a993681ad596120466bab522a79e1',0,0,82,'','0','','0','',600,'',1,'','item1','',0),(217,'f31825f752b41c94786a92b3f0863fe3',0,0,82,NULL,'100',NULL,'0',NULL,600,NULL,1,NULL,'pct',NULL,0),(218,'d505f08a25d8cdde4197c04a325ecd0e',0,0,83,NULL,'100',NULL,'0',NULL,600,NULL,1,NULL,'usage',NULL,0),(219,'6f3881051d5bce3e536e8aef6f2cdea0',0,0,83,'','0','','0','',600,'',1,'','item1','',0),(220,'7e9ed1002b662e98cfa65743bd091afe',0,0,83,NULL,'100',NULL,'0',NULL,600,NULL,1,NULL,'pct',NULL,0),(221,'3c1ffdd4e417c22ea7193cd4d6b677af',0,0,84,NULL,'100',NULL,'0',NULL,600,NULL,1,NULL,'usage',NULL,0),(222,'1d742a6b8a7a98aa4adf520083fead07',0,0,84,'','0','','0','',600,'',1,'','item1','',0),(223,'da4e87d4127f8c58e6dca45d6503ca66',0,0,84,NULL,'100',NULL,'0',NULL,600,NULL,1,NULL,'pct',NULL,0),(224,'32b3926433b389d1d5d90dc4356c1c5b',0,0,85,NULL,'100',NULL,'0',NULL,600,NULL,1,NULL,'usage',NULL,0),(225,'dfd68187eb611c5ee35d3dcc20a052ef',0,0,85,'','0','','0','',600,'',1,'','item1','',0),(226,'b1ca01f9d817d9bebbe07f381ff7a36e',0,0,85,NULL,'100',NULL,'0',NULL,600,NULL,1,NULL,'pct',NULL,0),(227,'4b85129a6954d792a424e840721fa39b',0,0,86,'','0','','0','',600,'',1,'','item1','',0),(228,'d0225bd9c5c9e1f8db9fe0848e7e490e',0,0,86,NULL,'100',NULL,'0',NULL,600,NULL,1,NULL,'pct',NULL,0),(229,'7ea585e9e4665a04b1453ecfc1555df3',0,0,86,NULL,'100',NULL,'0',NULL,600,NULL,1,NULL,'usage',NULL,0),(230,'b724a4675427394cbf4a703c8f3e4762',0,0,87,'','0','','0','',600,'',1,'','item1','',0),(231,'c05059888486fdb3dc1effecb633e8fe',0,0,87,NULL,'100',NULL,'0',NULL,600,NULL,1,NULL,'pct',NULL,0),(232,'85a7b06282267c43a463a0e11a8a8cd7',0,0,87,NULL,'100',NULL,'0',NULL,600,NULL,1,NULL,'usage',NULL,0),(233,'5143ce519328308225af8606c15d1077',0,0,88,'','0','','0','',600,'',1,'','item1','',0),(234,'3284c1ff4f94e02639ca6a6ce585dbd6',0,0,88,NULL,'100',NULL,'0',NULL,600,NULL,1,NULL,'pct',NULL,0),(235,'fe375a5594b29b5676bfbcf5295655b1',0,0,88,NULL,'100',NULL,'0',NULL,600,NULL,1,NULL,'usage',NULL,0),(236,'bc0e8291623293db55e74fd240d3acc1',0,0,89,NULL,'100',NULL,'0',NULL,600,NULL,1,NULL,'usage',NULL,0),(237,'fce251f40f13c558a386cc2123b46285',0,0,89,'','0','','0','',600,'',1,'','item1','',0),(238,'3541a57a040a9525f99957803ab75d9c',0,0,89,NULL,'100',NULL,'0',NULL,600,NULL,1,NULL,'pct',NULL,0),(239,'716f852e475d76bd84913d28f5298919',0,0,90,NULL,'100',NULL,'0',NULL,600,NULL,1,NULL,'usage',NULL,0),(240,'1e7e69b28c70af3ba960a97650081009',0,0,90,'','0','','0','',600,'',1,'','item1','',0),(241,'c7d07f2284404ebc91470aa802ac0fbd',0,0,90,NULL,'100',NULL,'0',NULL,600,NULL,1,NULL,'pct',NULL,0),(357,'ff7e9272d3560ec49ecfd5cc50398f9b',0,0,121,NULL,'100',NULL,'0',NULL,600,NULL,1,NULL,'DiskReadBytesSec',NULL,0),(358,'77f3900380f6d18ecab5aece926b1cbc',0,0,121,NULL,'100',NULL,'0',NULL,600,NULL,1,NULL,'DiskWriteBytesSec',NULL,0),(359,'d87f7c87023d98e73f3e7e608135c333',0,0,121,NULL,'100',NULL,'0',NULL,600,NULL,1,NULL,'DiskReadElapse',NULL,0),(360,'083db6b7bde11f22dee40416ea50d025',0,0,121,NULL,'100',NULL,'0',NULL,600,NULL,1,NULL,'DiskWriteElapse',NULL,0),(361,'03b1725603d27cc1b3b83a95e840e7ab',0,0,122,'','100','','0','',600,'',1,'','Pages','',0),(362,'fc0d9030257a65612042635ac4e2d3c9',0,0,122,'','0','','0','',600,'',1,'','CommittedBytes','',0),(363,'b35581b37a1860f202d6f5f0a59e2b1b',0,0,122,'','0','','0','',600,'',1,'','AvailableBytes','',0),(364,'dfb4f7f01a87390b73997c9e51981e1c',0,0,122,'','100','','0','',600,'',1,'','PageFaults','',0),(365,'bc405c6019965647f6623d57538c18ae',0,0,123,'','0','','0','',600,'',1,'','item1','',0),(366,'4c636c64252f0e418fe3ec2db512b0c6',0,0,123,NULL,'100',NULL,'0',NULL,600,NULL,1,NULL,'BytesRecivedSec',NULL,0),(367,'200963dca6c1c2c044c625f8aba22fcb',0,0,123,NULL,'100',NULL,'0',NULL,600,NULL,1,NULL,'BytesSentSec',NULL,0),(368,'b25a6686de441d7c415168368bbfd449',0,0,123,NULL,'100',NULL,'0',NULL,600,NULL,1,NULL,'PacketsRecivedSec',NULL,0),(369,'72d2a4d48aa12b03e3f547276cc8d650',0,0,123,NULL,'100',NULL,'0',NULL,600,NULL,1,NULL,'PacketsSentSec',NULL,0),(370,'e8b5f212f482715904754f18817993b1',0,0,123,NULL,'100',NULL,'0',NULL,600,NULL,1,NULL,'RecievedDiscarded',NULL,0),(371,'0a4114433119af051335bb04a9186a5b',0,0,123,NULL,'100',NULL,'0',NULL,600,NULL,1,NULL,'RecievedErrors',NULL,0),(372,'0787a56ab0cb2d72e805d866809afbae',0,0,123,NULL,'100',NULL,'0',NULL,600,NULL,1,NULL,'OutboundDiscarded',NULL,0),(373,'25c111c2dea53d44aaa2f795714bfae3',0,0,123,NULL,'100',NULL,'0',NULL,600,NULL,1,NULL,'OutboundErrors',NULL,0),(374,'100d9cf0b7dec0ea1118457da32318b3',0,0,124,'','100','','0','',600,'',1,'','SysCall','',0),(375,'0b576d5b29d28b5de526b7b68dd6710e',0,0,124,'','100','','0','',600,'',1,'','FilesOpen','',0),(376,'85e247c54a34e683717b3a74798fd50d',0,0,124,'','0','','0','',600,'',1,'','ProcessorQue','',0),(377,'92291c6e506feecd4ebd65df20616500',0,0,124,'','100','','0','',600,'',1,'','Threads','',0),(378,'d959d53bed802208c455c454ea64c803',0,0,125,'','0','','0','',600,'',1,'','FreeMegabytes','',0),(379,'b66bba1a809a1fb65d4314999b69f886',0,0,125,'','100','','0','',600,'',1,'','PercentFree','',0),(380,'2e44200f30489792ecf2e18493ec34a6',0,0,126,'','0','','0','',600,'',1,'','item1','',0),(381,'8571e30033f74e232b32939de8052c40',0,0,126,NULL,'100',NULL,'0',NULL,600,NULL,1,NULL,'PercentFree',NULL,0),(382,'af32ba971328e3ea6fcdb4fd159c29c3',0,0,127,'','0','','0','',600,'',1,'','item1','',0),(383,'a1ab555a00ec970bf17163a8d7221689',0,0,127,NULL,'100',NULL,'0',NULL,600,NULL,1,NULL,'PercentFree',NULL,0),(384,'eb11e62a1dd9d64d6b207b47c9794b38',0,0,128,'','0','','0','',600,'',1,'','item1','',0),(385,'61e8717aea43faf1896b1ddd12b6218d',0,0,128,NULL,'100',NULL,'0',NULL,600,NULL,1,NULL,'PercentFree',NULL,0),(386,'029b1ebff8dc1b4724206f2bb3ff7196',0,0,129,'','0','','0','',600,'',1,'','item1','',0),(387,'ad7fba78dbfbe4929de91376e40428fb',0,0,129,NULL,'100',NULL,'0',NULL,600,NULL,1,NULL,'PercentFree',NULL,0),(388,'5dd3ea3d234ec4ec929c104717f73ef3',0,0,130,'','0','','0','',600,'',1,'','item1','',0),(389,'a2c0f65ed7e2db03d3d0c2e472e6afbd',0,0,130,NULL,'100',NULL,'0',NULL,600,NULL,1,NULL,'PercentFree',NULL,0),(390,'4df4134ea0f9d93c997dcfc759f5671e',0,0,131,'','0','','0','',600,'',1,'','item1','',0),(391,'e0a0d58a7bef42119f94c6c65e717cd5',0,0,131,NULL,'100',NULL,'0',NULL,600,NULL,1,NULL,'PercentFree',NULL,0),(392,'b938b21cd8caf94e2447d60c8f380674',0,0,132,'','0','','0','',600,'',1,'','item1','',0),(393,'fc40f98b7c706b0cf82f49ccd6873f32',0,0,132,NULL,'100',NULL,'0',NULL,600,NULL,1,NULL,'PercentFree',NULL,0),(394,'eaa60e12432d4eb2c5ecabb89727d63a',0,0,133,'','0','','0','',600,'',1,'','item1','',0),(395,'ee3faf11d387add9913db8a3787450a3',0,0,133,NULL,'100',NULL,'0',NULL,600,NULL,1,NULL,'PercentFree',NULL,0),(396,'cb3293161177a19f7168d4b4f9e1e363',0,0,134,'','0','','0','',600,'',1,'','item1','',0),(397,'01a07ebe66da92eeab54b9f7117d9ba9',0,0,134,NULL,'100',NULL,'0',NULL,600,NULL,1,NULL,'PercentFree',NULL,0),(398,'0cd1036267dd58856714615d4b46c42b',0,0,135,'','0','','0','',600,'',1,'','item1','',0),(399,'01d20ae0cfeae02a130750ff6c09233c',0,0,135,NULL,'100',NULL,'0',NULL,600,NULL,1,NULL,'PercentFree',NULL,0),(400,'223fd85ddf22a3bd4379248559895991',0,0,136,'','0','','0','',600,'',1,'','item1','',0),(401,'7874abd81ac5c471bae3099dd80884a6',0,0,136,NULL,'100',NULL,'0',NULL,600,NULL,1,NULL,'PercentFree',NULL,0),(402,'5da53b6de66e93a70cb550222122b4f7',0,0,137,'','0','','0','',600,'',1,'','item1','',0),(403,'647ff39a32e143bf3a19eeee7ad08a3d',0,0,137,NULL,'100',NULL,'0',NULL,600,NULL,1,NULL,'PercentFree',NULL,0),(404,'bb24f084a218f3d41a54a6cfc5047791',0,0,138,'','0','','0','',600,'',1,'','item1','',0),(405,'78ef2a94d9274ca87a61376f6d737a03',0,0,138,NULL,'100',NULL,'0',NULL,600,NULL,1,NULL,'PercentFree',NULL,0),(406,'edf2c2d351305866ce55dfaae3971b87',0,0,139,'','0','','0','',600,'',1,'','item1','',0),(407,'625774c78df456b5f70094860bd1662e',0,0,139,NULL,'100',NULL,'0',NULL,600,NULL,1,NULL,'PercentFree',NULL,0),(408,'834d11f00041cd742f99257129978b09',0,0,140,'','0','','0','',600,'',1,'','item1','',0),(409,'6fc56309445ed4a98dd3c8fd79778416',0,0,140,NULL,'100',NULL,'0',NULL,600,NULL,1,NULL,'PercentFree',NULL,0),(410,'186f7aaf4092dce0517b0b6610a2213b',0,0,141,'','0','','0','',600,'',1,'','item1','',0),(411,'40fb612e6e6ab9347b20e45ab11221c6',0,0,141,NULL,'100',NULL,'0',NULL,600,NULL,1,NULL,'BytesRecivedSec',NULL,0),(412,'9753ee4ece95f9285c40ae82612bddb6',0,0,141,NULL,'100',NULL,'0',NULL,600,NULL,1,NULL,'BytesSentSec',NULL,0),(413,'4f66ba2fd28e890c10dca7535c286bd9',0,0,142,'','0','','0','',600,'',1,'','item1','',0),(414,'6bf714e166b3ffbb9674b023b9bdec06',0,0,142,NULL,'100',NULL,'0',NULL,600,NULL,1,NULL,'DiskIdleTime',NULL,0),(415,'93768f2bda1b5f9d0ec94d345f60a4d1',0,0,143,'','0','','0','',600,'',1,'','item1','',0),(416,'5c0cc690d643c566399fd4e1eb619077',0,0,143,NULL,'100',NULL,'0',NULL,600,NULL,1,NULL,'DiskIdleTime',NULL,0),(417,'ce35fe8bd509d9a5e8713ce720affda1',0,0,144,'','0','','0','',600,'',1,'','item1','',0),(418,'cf202d28e4e3a9cae39840c3c76cf9e9',0,0,144,NULL,'100',NULL,'0',NULL,600,NULL,1,NULL,'DiskIdleTime',NULL,0),(419,'bb797e834f3cf914da2b07e5ccabb9ac',0,0,145,'','0','','0','',600,'',1,'','item1','',0),(420,'fad5e5f126b5acf3754321777566e6e7',0,0,145,NULL,'100',NULL,'0',NULL,600,NULL,1,NULL,'DiskIdleTime',NULL,0),(421,'490007949957535a1545157ac4fc6cf0',0,0,146,'','0','','0','',600,'',1,'','item1','',0),(422,'685a026770c0be01bb82a38187c1ef7a',0,0,146,NULL,'100',NULL,'0',NULL,600,NULL,1,NULL,'DiskIdleTime',NULL,0),(423,'3da9c5ffcd58b55c02f722a50d31db7c',0,0,147,'','0','','0','',600,'',1,'','item1','',0),(424,'b6399b7420bf306b7f484a2789e74e6e',0,0,147,NULL,'100',NULL,'0',NULL,600,NULL,1,NULL,'DiskIdleTime',NULL,0),(425,'5ab47394cdce155ae91559e2a00541f9',0,0,148,'','0','','0','',600,'',1,'','item1','',0),(426,'de31f03eec95b6bad3dfb4e84dbe88e6',0,0,148,NULL,'100',NULL,'0',NULL,600,NULL,1,NULL,'DiskIdleTime',NULL,0),(427,'7fce306c67446703540ad92e097e1b88',0,0,149,'','0','','0','',600,'',1,'','item1','',0),(428,'fd8edac58275d83edc717fc0909aafde',0,0,149,NULL,'100',NULL,'0',NULL,600,NULL,1,NULL,'DiskIdleTime',NULL,0),(429,'36fabc56e9191748bdcd55efe85e9532',0,0,150,'','0','','0','',600,'',1,'','item1','',0),(430,'e517928f93ae968bc8195d47be33b889',0,0,150,NULL,'100',NULL,'0',NULL,600,NULL,1,NULL,'DiskIdleTime',NULL,0),(431,'883ddb032f9d57468275f98b2a800856',0,0,151,'','0','','0','',600,'',1,'','item1','',0),(432,'dedb187a6c3e39b160675e54cff81011',0,0,151,NULL,'100',NULL,'0',NULL,600,NULL,1,NULL,'DiskIdleTime',NULL,0),(433,'814ed6ebd2c99402d950b96487d2c8e9',0,0,152,'','0','','0','',600,'',1,'','item1','',0),(434,'636e76645e20ac21ad5e7d64e00206ff',0,0,152,NULL,'100',NULL,'0',NULL,600,NULL,1,NULL,'DiskIdleTime',NULL,0),(435,'57b958657e07ade6a6ab91dfdfa48cfa',0,0,153,'','0','','0','',600,'',1,'','item1','',0),(436,'148b4748668bb6b0214cc3015c204675',0,0,153,NULL,'100',NULL,'0',NULL,600,NULL,1,NULL,'DiskIdleTime',NULL,0),(437,'4a82e23495869ce748b52572109c1903',0,0,154,'','0','','0','',600,'',1,'','item1','',0),(438,'a7da0fee287742cb444dc35dda2fc176',0,0,154,NULL,'100',NULL,'0',NULL,600,NULL,1,NULL,'DiskIdleTime',NULL,0),(439,'5acff4df65518d41c2691993a686b405',0,0,155,'','0','','0','',600,'',1,'','item1','',0),(440,'5e0dd039095f7e70b438fccb70af927f',0,0,155,NULL,'100',NULL,'0',NULL,600,NULL,1,NULL,'DiskIdleTime',NULL,0),(441,'b555472e2914f2d33fa9b57bb712f92d',0,0,156,'','0','','0','',600,'',1,'','item1','',0),(442,'8ff3c40b9d069d724376bc1e96b7a0d5',0,0,156,NULL,'100',NULL,'0',NULL,600,NULL,1,NULL,'DiskIdleTime',NULL,0),(443,'3dfd9e2bed6fcb1b048f8ca58a907c78',0,0,157,'','0','','0','',600,'',1,'','item1','',0),(444,'88ca5de52c93a03c0c51e9cc7b522f0a',0,0,157,NULL,'100',NULL,'0',NULL,600,NULL,1,NULL,'BytesRecivedSec',NULL,0),(445,'16a71da6ed0d02df3c6e0ec0612c91a9',0,0,157,NULL,'100',NULL,'0',NULL,600,NULL,1,NULL,'BytesSentSec',NULL,0),(446,'571e9e6f5be002c34c1d06752ed6a9e6',0,0,158,'','0','','0','',600,'',1,'','item1','',0),(447,'70729cd5b8d5f3f2ae6a89b8dedcefca',0,0,158,NULL,'100',NULL,'0',NULL,600,NULL,1,NULL,'BytesRecivedSec',NULL,0),(448,'8cc3c6d8911050075e9977bd8f98f16a',0,0,158,NULL,'100',NULL,'0',NULL,600,NULL,1,NULL,'BytesSentSec',NULL,0),(449,'57f581a4c98be7fc0991532015b83fba',0,0,159,'','0','','0','',600,'',1,'','item1','',0),(450,'3f639af30bf3cc3397c6bd7776d26269',0,0,159,NULL,'100',NULL,'0',NULL,600,NULL,1,NULL,'BytesRecivedSec',NULL,0),(451,'266678b50df54d7107f42484f1cca20f',0,0,159,NULL,'100',NULL,'0',NULL,600,NULL,1,NULL,'BytesSentSec',NULL,0),(452,'c930a4876dec3a0d797ed07803f66bcc',0,0,160,'','0','','0','',600,'',1,'','item1','',0),(453,'9fe89593f8daff2ccf8298b694cf2a8c',0,0,160,NULL,'100',NULL,'0',NULL,600,NULL,1,NULL,'BytesRecivedSec',NULL,0),(454,'84b8ece1c9a463ee8b3694a7ea48c484',0,0,160,NULL,'100',NULL,'0',NULL,600,NULL,1,NULL,'BytesSentSec',NULL,0),(455,'c662b56a7c40497291805eb532c4a213',0,0,161,'','0','','0','',600,'',1,'','item1','',0),(456,'48baa59020369d05873815ce8be3a595',0,0,161,NULL,'100',NULL,'0',NULL,600,NULL,1,NULL,'BytesRecivedSec',NULL,0),(457,'2bc75a6c47088051d228433fd41bacf5',0,0,161,NULL,'100',NULL,'0',NULL,600,NULL,1,NULL,'BytesSentSec',NULL,0),(462,'18c2fdc845a89423ed93b625396e0cc5',0,0,162,'','0','','0','',600,'',1,'','item1','',0),(463,'f9ac7ca33b5fd94fefaacb63910ac6a8',0,0,162,NULL,'100',NULL,'0',NULL,600,NULL,1,NULL,'us',NULL,0),(464,'4e54f5deb469d68995307e8f20b01fc3',0,0,162,NULL,'100',NULL,'0',NULL,600,NULL,1,NULL,'sy',NULL,0),(465,'ace715433ae297bb36c03dd5f217e4b8',0,0,162,'','100','','0','',600,'',1,'','wa','',0),(466,'e646c9a1d713d4317c832125b2c6dec4',0,0,162,NULL,'100',NULL,'0',NULL,600,NULL,1,NULL,'r',NULL,0),(467,'8112ffe7db8b2a0a32a67c7ac0a311a9',0,0,162,NULL,'100',NULL,'0',NULL,600,NULL,1,NULL,'b',NULL,0),(468,'0ec835e443dc4a14b7f5b08477266aa7',0,0,162,NULL,'100',NULL,'0',NULL,600,NULL,1,NULL,'free',NULL,0),(469,'6bfa0f786f374ee87996f348f2827234',0,0,162,NULL,'100',NULL,'0',NULL,600,NULL,1,NULL,'si',NULL,0),(470,'666d4add6d8619fb711a0fb628193099',0,0,162,NULL,'100',NULL,'0',NULL,600,NULL,1,NULL,'so',NULL,0),(2066,'8052815f101931e523c7d7dc88871c77',0,0,163,'','0','','0','',600,'',1,'','item1','',0),(2067,'bd4779f96e3704685092493a954df0a6',0,0,163,NULL,'100',NULL,'0',NULL,600,NULL,1,NULL,'CommittedBytes',NULL,0),(2068,'14a262f8c47e13cbe4c74747d80764e5',0,0,163,NULL,'100',NULL,'0',NULL,600,NULL,1,NULL,'AvailableBytes',NULL,0),(2069,'674a79010b642a8d6c17a8c819b8cd11',0,0,164,'','0','','0','',600,'',1,'','item1','',0),(2070,'63de1394e91e4066de424238661d53dd',0,0,164,NULL,'100',NULL,'0',NULL,600,NULL,1,NULL,'UserTime',NULL,0),(2071,'3291df5d28e1b3deff3fad8b93f4c102',0,0,164,NULL,'100',NULL,'0',NULL,600,NULL,1,NULL,'PrivilegedTime',NULL,0);
/*!40000 ALTER TABLE `data_template_rrd` ENABLE KEYS */;
UNLOCK TABLES;

--
-- Table structure for table `graph_local`
--

DROP TABLE IF EXISTS `graph_local`;
/*!40101 SET @saved_cs_client     = @@character_set_client */;
/*!40101 SET character_set_client = utf8 */;
CREATE TABLE `graph_local` (
  `id` mediumint(8) unsigned NOT NULL AUTO_INCREMENT,
  `graph_template_id` mediumint(8) unsigned NOT NULL DEFAULT '0',
  `host_id` mediumint(8) unsigned NOT NULL DEFAULT '0',
  `snmp_query_id` mediumint(8) NOT NULL DEFAULT '0',
  `snmp_index` varchar(255) NOT NULL DEFAULT '',
  PRIMARY KEY (`id`),
  KEY `host_id` (`host_id`),
  KEY `graph_template_id` (`graph_template_id`),
  KEY `snmp_query_id` (`snmp_query_id`),
  KEY `snmp_index` (`snmp_index`)
) ENGINE=MyISAM AUTO_INCREMENT=219 DEFAULT CHARSET=utf8 COMMENT='Creates a relationship for each item in a custom graph.';
/*!40101 SET character_set_client = @saved_cs_client */;

--
-- Dumping data for table `graph_local`
--

LOCK TABLES `graph_local` WRITE;
/*!40000 ALTER TABLE `graph_local` DISABLE KEYS */;
/*!40000 ALTER TABLE `graph_local` ENABLE KEYS */;
UNLOCK TABLES;

--
-- Table structure for table `graph_template_input`
--

DROP TABLE IF EXISTS `graph_template_input`;
/*!40101 SET @saved_cs_client     = @@character_set_client */;
/*!40101 SET character_set_client = utf8 */;
CREATE TABLE `graph_template_input` (
  `id` mediumint(8) unsigned NOT NULL AUTO_INCREMENT,
  `hash` varchar(32) NOT NULL DEFAULT '',
  `graph_template_id` mediumint(8) unsigned NOT NULL DEFAULT '0',
  `name` varchar(255) NOT NULL DEFAULT '',
  `description` text,
  `column_name` varchar(50) NOT NULL DEFAULT '',
  PRIMARY KEY (`id`)
) ENGINE=MyISAM AUTO_INCREMENT=1604 DEFAULT CHARSET=utf8 COMMENT='Stores the names for graph item input groups.';
/*!40101 SET character_set_client = @saved_cs_client */;

--
-- Dumping data for table `graph_template_input`
--

LOCK TABLES `graph_template_input` WRITE;
/*!40000 ALTER TABLE `graph_template_input` DISABLE KEYS */;
INSERT INTO `graph_template_input` VALUES (1106,'a8a866c1ef6dbcfe3a5cf69452ed049c',214,'Data Source [  4 / pct ]','','task_item_id'),(1101,'8bd1fde6a33d686cda9f70b9c92895b7',214,'Data Source [  9 / pct ]','','task_item_id'),(1102,'d31e4bd93c1f72f88b4769e11071931b',214,'Data Source [  8 / pct ]','','task_item_id'),(1103,'e9881346f9310e16df65c28df61b4268',214,'Data Source [  7 / pct ]','','task_item_id'),(1104,'a311f54121b5189863f2e266be6fb067',214,'Data Source [  6 / pct ]','','task_item_id'),(1105,'4ecd9e67d4cd9660d18c98883a889824',214,'Data Source [  5 / pct ]','','task_item_id'),(1275,'0912ce82e60f08302628e5b78dad0934',246,'Data Source [  3 / usage ]','','task_item_id'),(1274,'0efcf5f6a878aede124cafef785235f6',246,'Data Source [  4 / usage ]','','task_item_id'),(1273,'5c06c1530d73fe208c2f4b3c5acc868d',246,'Data Source [  5 / usage ]','','task_item_id'),(1272,'6898ca903d1319bfe654c2eaf1b5f698',246,'Data Source [  8 / usage ]','','task_item_id'),(1271,'fbdf5a23c762e6148aa67b0346de5f1e',246,'Data Source [  7 / usage ]','','task_item_id'),(1270,'b12a06f6189705166c6f25c76d0ceed7',246,'Data Source [  6 / usage ]','','task_item_id'),(1269,'3bbfec7871f93e6ecbbfcae49e246a7a',246,'Data Source [  9 / usage ]','','task_item_id'),(1268,'47ad9477b14ff982410abb99a3dd33be',246,'Data Source [ 10 / usage ]','','task_item_id'),(1267,'04299e485613d29c3adcf3ef61c1176a',246,'Data Source [ 12 / usage ]','','task_item_id'),(1266,'c23038fcb2bfd2bea2ca9b078b0347dc',246,'Data Source [ 11 / usage ]','','task_item_id'),(1265,'a866141c0497048ae9d3f44176fb816c',246,'Data Source [ 13 / usage ]','','task_item_id'),(1264,'6720dcf7ecb2c178b35730f4ab63a56e',245,'Data Source [  1 / usage ]','','task_item_id'),(1263,'e3301ca9cf1907a5d630750d375500ba',245,'Data Source [  2 / usage ]','','task_item_id'),(1262,'212b9a2eeb4f81f70783f77baeb2b8b3',245,'Data Source [  3 / usage ]','','task_item_id'),(1261,'aea3fab1a95e42314a53738e6969c1fb',245,'Data Source [  4 / usage ]','','task_item_id'),(1260,'2694aadb04cfab88c56702fa5b19e935',245,'Data Source [  5 / usage ]','','task_item_id'),(1259,'25ae4e1a57ab6c18a0b10c79efff1048',245,'Data Source [  6 / usage ]','','task_item_id'),(1258,'48e51cb0d09d4a9fa67a6f3e271fef70',245,'Data Source [  7 / usage ]','','task_item_id'),(1257,'946c3c0f0f0431ecdd1d206d4615b759',245,'Data Source [  8 / usage ]','','task_item_id'),(1256,'e89695266f5e1f47f83aede0cab02604',245,'Data Source [  9 / usage ]','','task_item_id'),(1255,'b369edf0e6b6eac53f35472e4c1385a3',245,'Data Source [ 10 / usage ]','','task_item_id'),(1254,'e376b06ede9d466c46b553c2631c05f7',245,'Data Source [ 11 / usage ]','','task_item_id'),(1253,'8aeae667b97816aa9bc505f69351e5d6',245,'Data Source [ 12 / usage ]','','task_item_id'),(1252,'0d159b068e6bd85fd3ecfbc822474847',244,'Data Source [  1 / usage ]','','task_item_id'),(1251,'5af5db41ae75ac21d09912690e71eae5',244,'Data Source [  2 / usage ]','','task_item_id'),(1100,'0aa0ddd16d4ad38f419a78a5d7a8b290',214,'Data Source [ 10 / pct ]','','task_item_id'),(1099,'efb195a2695932b5ebfc257e4d2b91b1',214,'Data Source [ 11 / pct ]','','task_item_id'),(1098,'548f800f65a62d6b6bd1796975961995',214,'Data Source [ 12 / pct ]','','task_item_id'),(1097,'edde29d95b06d86ddaca1fde583dbd38',214,'Data Source [ 13 / pct ]','','task_item_id'),(1096,'27e76d591935674a8d6ff9a9310f9d27',213,'Data Source [  1 / pct ]','','task_item_id'),(1095,'409e42327b9d682d746f36dc4d47cdcf',213,'Data Source [  2 / pct ]','','task_item_id'),(1094,'a6458baf1985da9047ea017973cec103',213,'Data Source [  3 / pct ]','','task_item_id'),(1093,'70e18135a6aac72b024093a1a28c06e2',213,'Data Source [  4 / pct ]','','task_item_id'),(1092,'5c69e2f1aa3171d7bb0dbc6fadaa271f',213,'Data Source [  5 / pct ]','','task_item_id'),(1091,'7286b0643ea77c12fd19d75f3248a4bd',213,'Data Source [  6 / pct ]','','task_item_id'),(1090,'ef5b1c74115a7f18db1fb2746afb70fd',213,'Data Source [  7 / pct ]','','task_item_id'),(1089,'87ce1ba6f5719d7514b457201b43fc28',213,'Data Source [  8 / pct ]','','task_item_id'),(1088,'3f8f85dce40bbf4831cc876f9e52b5f9',213,'Data Source [  9 / pct ]','','task_item_id'),(1087,'1ef48fee312c1bb63fbadc3cb46965d8',213,'Data Source [ 10 / pct ]','','task_item_id'),(1086,'6d30a9a0dd370c2243219772df5810f8',213,'Data Source [ 11 / pct ]','','task_item_id'),(1085,'76519719d8aed81945cdfe7059d84348',213,'Data Source [ 12 / pct ]','','task_item_id'),(1411,'3eb0a10f478a2460192c4c1c6b32ecf4',262,'Data Source [ 13 / PercentFree ]',NULL,'task_item_id'),(1410,'d43f39d88bdf7ce6cb31a5a630383a0e',262,'Data Source [ 12 / PercentFree ]',NULL,'task_item_id'),(1084,'9aefbe22e29475cb7fe511377e719fdb',212,'Data Source [  1 / pct ]','','task_item_id'),(1079,'45e054fea58daefec5cd1dd0ae2e957e',212,'Data Source [  6 / pct ]','','task_item_id'),(1080,'746519577665b88ef13e01015f4967b8',212,'Data Source [  5 / pct ]','','task_item_id'),(1081,'70e05663bf64dc43274dcb6cdee549a3',212,'Data Source [  4 / pct ]','','task_item_id'),(1082,'2f9807b7130842c1c2d2b15fc8e7833c',212,'Data Source [  3 / pct ]','','task_item_id'),(1083,'0e6f5de4384033172c07bc0545567099',212,'Data Source [  2 / pct ]','','task_item_id'),(1250,'8c62c95cfba981a7a1087d2e6c3d324a',244,'Data Source [  3 / usage ]','','task_item_id'),(1249,'fc92e9414f558e5328aa923288deff1b',244,'Data Source [  4 / usage ]','','task_item_id'),(1409,'fd1a07a79f338ce57c963eeda336db92',262,'Data Source [ 11 / PercentFree ]',NULL,'task_item_id'),(1408,'15877332547af131525525b919b46f84',262,'Data Source [ 10 / PercentFree ]',NULL,'task_item_id'),(1407,'7ba0e8d967b7f94419c2ea652311a0a0',262,'Data Source [  9 / PercentFree ]',NULL,'task_item_id'),(1248,'d323bb7eaa7f54ab634630f113d06a8f',244,'Data Source [  5 / usage ]','','task_item_id'),(1247,'b903ddc4020b4d2f27c358ebebd138c4',244,'Data Source [  6 / usage ]','','task_item_id'),(1246,'ef5ff09e4d5bb089506c3e36f868b81c',244,'Data Source [  7 / usage ]','','task_item_id'),(1078,'33bec6f5e78b7e2fc008db40ad706163',212,'Data Source [  7 / pct ]','','task_item_id'),(1077,'8e60423087346a4ea78789c19c8e5e2c',212,'Data Source [  8 / pct ]','','task_item_id'),(1076,'9d01ed554a8de3f2726e650f7b7d9241',212,'Data Source [  9 / pct ]','','task_item_id'),(1075,'daf80dd89c1f328472a2d1b253112775',212,'Data Source [ 10 / pct ]','','task_item_id'),(1074,'f3be2e5442b0a73d99a755ad45183bb9',212,'Data Source [ 11 / pct ]','','task_item_id'),(1073,'ae7decdd276edc8252a789f942ed2501',211,'Data Source [  1 / pct ]','','task_item_id'),(1072,'939d8b7f5a569ab3715a63c76c3033ee',211,'Data Source [  2 / pct ]','','task_item_id'),(1071,'b40c12164ad2282a49c0dce768373a32',211,'Data Source [  3 / pct ]','','task_item_id'),(1070,'9171fc3d9b37321dbcb5bd3bde94db4d',211,'Data Source [  4 / pct ]','','task_item_id'),(1069,'816d12093176a3268ceecffac3662532',211,'Data Source [  5 / pct ]','','task_item_id'),(1068,'0ade21c58b48f71c0d0fb89bdfc8475b',211,'Data Source [  6 / pct ]','','task_item_id'),(1067,'43826090cd746e052819e0c3ae02cc11',211,'Data Source [  7 / pct ]','','task_item_id'),(1066,'ced60fcc5925fc080680a49a9ad90483',211,'Data Source [  8 / pct ]','','task_item_id'),(1065,'e250b5b35b44db555d814bbe547592ef',211,'Data Source [  9 / pct ]','','task_item_id'),(1064,'4759ed23700bce818028f93650a88763',211,'Data Source [ 10 / pct ]','','task_item_id'),(1063,'c0afd9b295b79c4c7eee93e6503e6e21',210,'Data Source [  1 / pct ]','','task_item_id'),(1406,'64447d73d128576b08b6b7a445d397cc',262,'Data Source [  8 / PercentFree ]',NULL,'task_item_id'),(1402,'329ba760b5656a70000cfd792afa6c01',262,'Data Source [  4 / PercentFree ]',NULL,'task_item_id'),(1403,'9c6f9c2f89b69e70f6a9ca7be2dc84a0',262,'Data Source [  5 / PercentFree ]',NULL,'task_item_id'),(1404,'b7b8b96ba44ac698fd441093cebcdd60',262,'Data Source [  6 / PercentFree ]',NULL,'task_item_id'),(1405,'234bb7a91d8cd73cb1d0e6d4dca51286',262,'Data Source [  7 / PercentFree ]',NULL,'task_item_id'),(1401,'6ea215017bc96477a5b71c7e8f250d82',262,'Data Source [  3 / PercentFree ]',NULL,'task_item_id'),(1400,'b45b5f2ef99d892f88607c5a2764bf60',262,'Data Source [  2 / PercentFree ]',NULL,'task_item_id'),(1399,'e7404ba9c5078ae8328a075028812489',262,'Data Source [  1 / PercentFree ]',NULL,'task_item_id'),(1398,'03bf9eaf287ffe022396bb88357ef633',261,'Data Source [ 13 / PercentFree ]',NULL,'task_item_id'),(1395,'55dec4a46f2d4e51dfc13beeeb9e6e32',261,'Data Source [ 10 / PercentFree ]',NULL,'task_item_id'),(1396,'8dbdb6460786eaae8bbbbb50eeb84a01',261,'Data Source [ 11 / PercentFree ]',NULL,'task_item_id'),(1397,'851f2ada4d70772ed0a318dfb301248e',261,'Data Source [ 12 / PercentFree ]',NULL,'task_item_id'),(1394,'557fd424151f85feeb8257f2d05bf5c4',261,'Data Source [  9 / PercentFree ]',NULL,'task_item_id'),(1393,'bcfc36042cd15d5204ded5dde4f01396',261,'Data Source [  8 / PercentFree ]',NULL,'task_item_id'),(1391,'0d386087258b51e839bdc97a1e4ffc7a',261,'Data Source [  6 / PercentFree ]',NULL,'task_item_id'),(1392,'9a10a0ad1922cf5d9204faae5675011e',261,'Data Source [  7 / PercentFree ]',NULL,'task_item_id'),(1390,'9a242929901b29ea4b3417b25343c710',261,'Data Source [  5 / PercentFree ]',NULL,'task_item_id'),(1389,'6cdcd93d8bae8d3be73cd5b94cda768e',261,'Data Source [  4 / PercentFree ]',NULL,'task_item_id'),(1384,'8842aed2e031f4606e02d3888432d5bd',260,'Data Source [ 11 / PercentFree ]',NULL,'task_item_id'),(1385,'bfe42a06d5c42e46c5623e71a933d975',260,'Data Source [ 12 / PercentFree ]',NULL,'task_item_id'),(1386,'e6ae58010cd869d0140b2b25c0dfb3b1',261,'Data Source [  1 / PercentFree ]',NULL,'task_item_id'),(1387,'350d5a5f0b9d5f5b80d5b43b9b72394f',261,'Data Source [  2 / PercentFree ]',NULL,'task_item_id'),(1388,'f48da1ee019db20c7b14e262aa881959',261,'Data Source [  3 / PercentFree ]',NULL,'task_item_id'),(1587,'4a03f1b246f30f4e402496f8f215b52f',292,'Data Source [ 13 / DiskIdleTime ]',NULL,'task_item_id'),(1586,'e1005a2da80b2a90d460cd2fc188dee0',292,'Data Source [ 12 / DiskIdleTime ]',NULL,'task_item_id'),(1585,'f73da20d5c4095db2cfb8e2b5cb40674',292,'Data Source [ 11 / DiskIdleTime ]',NULL,'task_item_id'),(1584,'0dc2f4257aa5b1ea2a212240df50f746',292,'Data Source [ 10 / DiskIdleTime ]',NULL,'task_item_id'),(1245,'5def2f212d6b547c242687b1e533bbfd',244,'Data Source [  8 / usage ]','','task_item_id'),(1244,'baf4dff3b245ccc9d15df61c65930af2',244,'Data Source [  9 / usage ]','','task_item_id'),(1243,'0528ea08017fa6d67c8b358872f2caf3',244,'Data Source [ 10 / usage ]','','task_item_id'),(1242,'8e358d030828e4c906cc3a22b5a8d6c2',244,'Data Source [ 11 / usage ]','','task_item_id'),(1241,'3ce57e16246b8ebe50b296b49b5426c4',243,'Data Source [  1 / usage ]','','task_item_id'),(1240,'ab21d205fbadf4601acefb4e83424e4a',243,'Data Source [  5 / usage ]','','task_item_id'),(1239,'be8a11b210f2d0fef9bd0a90a35c3e06',243,'Data Source [  4 / usage ]','','task_item_id'),(1238,'fe8942a6cbda469b28c7351dd4949777',243,'Data Source [  3 / usage ]','','task_item_id'),(1237,'01e927686c1e4cc050be7be8e424473b',243,'Data Source [  2 / usage ]','','task_item_id'),(1236,'66e826d9859a3e8e25063db342d7047d',243,'Data Source [  6 / usage ]','','task_item_id'),(1235,'e47398311036b45e1c512d4a5cd83396',243,'Data Source [  7 / usage ]','','task_item_id'),(1234,'a747301ff2bcdb2efb11ad77b26fbcea',243,'Data Source [ 10 / usage ]','','task_item_id'),(1233,'78210aa218c1e47cf290e820711f5871',243,'Data Source [  9 / usage ]','','task_item_id'),(1232,'3aac1728d676e9b4c605a02fc7a2f99d',243,'Data Source [  8 / usage ]','','task_item_id'),(1231,'4b2bd54d169a3b0c20bedb468feffb23',242,'Data Source [  1 / usage ]','','task_item_id'),(1230,'f125531480c28b1b8ec0b0051f75ddd9',242,'Data Source [  2 / usage ]','','task_item_id'),(1229,'cffb72d6ca3b8da8f72742da7324904a',242,'Data Source [  3 / usage ]','','task_item_id'),(1228,'0c876f4d9d59bb921dce3ae5133e3cb6',242,'Data Source [  4 / usage ]','','task_item_id'),(1227,'a3db359654cc004bb2c87d1618fd7417',242,'Data Source [  5 / usage ]','','task_item_id'),(1226,'e06c91fae2d12388d12ca5395c3ceb45',242,'Data Source [  6 / usage ]','','task_item_id'),(1225,'0567a449ac7e9c1f2381a4e83ecac75d',242,'Data Source [  7 / usage ]','','task_item_id'),(1224,'2f00dd6e15b98ee5fd2f34b12814d61d',242,'Data Source [  8 / usage ]','','task_item_id'),(1223,'1650ce08733a2e89af2a5bd3313699c8',242,'Data Source [  9 / usage ]','','task_item_id'),(1222,'9fe67bc5a4c665f6147554400f1c34ef',241,'Data Source [  1 / usage ]','','task_item_id'),(1221,'ebfd70a3112cfabe9945d72a549ec6cf',241,'Data Source [  2 / usage ]','','task_item_id'),(1220,'83d47771597f7977ac031221e2171f71',241,'Data Source [  3 / usage ]','','task_item_id'),(1219,'2e921bfc3ad27792509883d3033980cf',241,'Data Source [  4 / usage ]','','task_item_id'),(1218,'dc647836f5c8862dc911993c488af5af',241,'Data Source [  5 / usage ]','','task_item_id'),(1217,'99a879bc322801f4abd1813b1681641a',241,'Data Source [  6 / usage ]','','task_item_id'),(1216,'97cf9aa1b6e8fe2dd68a5a0feec0e7b5',241,'Data Source [  7 / usage ]','','task_item_id'),(1215,'5963d48a560f9dc79f209f45fb00079c',241,'Data Source [  8 / usage ]','','task_item_id'),(1214,'26fe3ac1cc28a4df427d33461ea212c9',240,'Data Source [  1 / usage ]','','task_item_id'),(1213,'0037f37e8b8188da51281ab0ef8839b6',240,'Data Source [  2 / usage ]','','task_item_id'),(1212,'24077274fcae076f9a644e68526b5711',240,'Data Source [  3 / usage ]','','task_item_id'),(1211,'c155f190ebd5bcc143f36f1710f0c2e7',240,'Data Source [  4 / usage ]','','task_item_id'),(1210,'23fea9b3599960b32d3ab5ed5f0f99ec',240,'Data Source [  5 / usage ]','','task_item_id'),(1209,'607b217bb76481071f54c06edc1a7348',240,'Data Source [  6 / usage ]','','task_item_id'),(1208,'5980fc908bea1b9ded1d82e26a659eb9',240,'Data Source [  7 / usage ]','','task_item_id'),(1207,'197d1ecb299f1dc2a2f1b2f34f9e7f16',239,'Data Source [  1 / usage ]','','task_item_id'),(1206,'b353999a7188ae794266dae9afd2e074',239,'Data Source [  2 / usage ]','','task_item_id'),(1205,'19ce0ad8136ddf05af215b0ddd43c16b',239,'Data Source [  3 / usage ]','','task_item_id'),(1204,'468287ed42eeebec6f9338719bb9d1ab',239,'Data Source [  4 / usage ]','','task_item_id'),(1203,'ac8448c99ee3a0c5fa56646dedf31cab',239,'Data Source [  5 / usage ]','','task_item_id'),(1202,'0720f41bd553c27613c359e9e1097245',239,'Data Source [  6 / usage ]','','task_item_id'),(1201,'85ac63a2545b746ed3e70f1f1f2cef60',238,'Data Source [  1 / usage ]','','task_item_id'),(1200,'9c77a9e6e25475037d48819c05a751d8',238,'Data Source [  2 / usage ]','','task_item_id'),(1199,'9396b952ba6cc1dd95b0493718f48ebc',238,'Data Source [  3 / usage ]','','task_item_id'),(1198,'d11a7b3284290e5decce92476a6c01a3',238,'Data Source [  4 / usage ]','','task_item_id'),(1197,'d61a977a05a4c34b4e70b3e92069f13d',238,'Data Source [  5 / usage ]','','task_item_id'),(1196,'0f30340955b21bf229e1b2c9e3bbb36e',237,'Data Source [  1 / usage ]','','task_item_id'),(1195,'7ae7478c893253903c78ed3ae57d9ee2',237,'Data Source [  2 / usage ]','','task_item_id'),(1194,'79d7d8fd60b95ae16420a2d7d558152d',237,'Data Source [  3 / usage ]','','task_item_id'),(1193,'4eba90634e5bfdf5c1080376a7a203a3',237,'Data Source [  4 / usage ]','','task_item_id'),(1192,'5594958d644caf0fc6b18b5bad917312',236,'Data Source [  1 / usage ]','','task_item_id'),(1191,'00a0a2c3bf7cfdf59f5f70dba004b8c5',236,'Data Source [  2 / usage ]','','task_item_id'),(1190,'5e674ca9576f33418a776e19de1d1aba',236,'Data Source [  3 / usage ]','','task_item_id'),(1189,'aaed0f248d49ec21a636f73f2565c470',235,'Data Source [  1 / usage ]','','task_item_id'),(1188,'03f247867ed5bd18e0ebe18341950812',235,'Data Source [  2 / usage ]','','task_item_id'),(1187,'0c1976512630797e93b889a39c5f9dfb',234,'Data Source [  1 / usage ]','','task_item_id'),(1186,'eefc1e71784003533f28041ef057f6fb',233,'Data Source [  1 / inDrop ]','','task_item_id'),(1185,'39906dc3ad9dc1a9334ac797a8141348',233,'Data Source [  2 / inFifo ]','','task_item_id'),(1184,'4c1b3d01b76af3b41f029a6c5579e932',233,'Data Source [  3 / inFrame ]','','task_item_id'),(1183,'d4bd079befd6453a889d4a36b763d402',233,'Data Source [  4 / outDrop ]','','task_item_id'),(1182,'451dd188ebb70c178e439faeda785cbd',233,'Data Source [  5 / outFifo ]','','task_item_id'),(1181,'0947368d2f0c2afb7dead6de4ed92846',233,'Data Source [  6 / outColls ]','','task_item_id'),(1180,'88be4de3cd64ea7ab85b12adf81b3f6d',233,'Data Source [  7 / outCarrier ]','','task_item_id'),(1179,'51865cbdc056a758d4ed117661b76a75',232,'Data Source [  1 / inErrs ]','','task_item_id'),(1178,'b3695786457e27769e4290be1431751b',232,'Data Source [  2 / outErrs ]','','task_item_id'),(1177,'a90e6182572a42f9011b10320fe53866',231,'Data Source [  1 / inPackets ]','','task_item_id'),(1062,'1669a56b6aad12cec72061f5390e999e',210,'Data Source [  2 / pct ]','','task_item_id'),(1061,'03706387a571166bdc534ee671037f75',210,'Data Source [  3 / pct ]','','task_item_id'),(1060,'85d8e33a16f099db1f23f59d5c0b7980',210,'Data Source [  4 / pct ]','','task_item_id'),(1059,'8665d7c1c87df6bf2b87b126f7225366',210,'Data Source [  5 / pct ]','','task_item_id'),(1058,'e454c54c4f3feddfbb90acb721d9a414',210,'Data Source [  6 / pct ]','','task_item_id'),(1057,'331a527af997a3d8fe9f2b4c73de2c92',210,'Data Source [  7 / pct ]','','task_item_id'),(1056,'119109394ead9bb2fc872af4cffae55b',210,'Data Source [  8 / pct ]','','task_item_id'),(1055,'ff4b38435d213ba01dec1bc99a17ccfc',210,'Data Source [  9 / pct ]','','task_item_id'),(1054,'54aa205729ed8c7bd345877ee9fc7db1',209,'Data Source [  1 / pct ]','','task_item_id'),(1053,'fe74156c4afbe60b185ae672fac1da5d',209,'Data Source [  2 / pct ]','','task_item_id'),(1052,'01a981a94285ede9e80515ed0ad84562',209,'Data Source [  3 / pct ]','','task_item_id'),(1051,'b92c155ae8efdee211343868b496d9d7',209,'Data Source [  4 / pct ]','','task_item_id'),(1050,'3ccce5b3ac485c84146493189227f49e',209,'Data Source [  5 / pct ]','','task_item_id'),(1049,'6b2a73e8d2af698663c794a5660c3ec4',209,'Data Source [  6 / pct ]','','task_item_id'),(1048,'868d6aa9e07dc4e1d0433e705f7551c4',209,'Data Source [  7 / pct ]','','task_item_id'),(1042,'42d96b08298a0c4ac2fefc3ca90be03a',208,'Data Source [  5 / pct ]','','task_item_id'),(1043,'5760be8ad0d9769164b1d7186c034e5b',208,'Data Source [  4 / pct ]','','task_item_id'),(1044,'96f8f4cc7f9df8b877943800f24ac3b7',208,'Data Source [  3 / pct ]','','task_item_id'),(1045,'9b0c7f6524581a608a6c1a2f6c3ccc73',208,'Data Source [  2 / pct ]','','task_item_id'),(1046,'689e21bac2a4f9975ff1fdcc39f13db7',208,'Data Source [  1 / pct ]','','task_item_id'),(1047,'bd8b9441d88b8fed4dca5503b3d6c4f5',209,'Data Source [  8 / pct ]','','task_item_id'),(1176,'3577a32ef3fe4253f72e0997cb019298',231,'Data Source [  2 / outPackets ]','','task_item_id'),(1175,'08f899f1dda68c1dcb2c50eb77799c7e',230,'Data Source [  1 / inBytes ]','','task_item_id'),(1174,'0da4280fecc0a2ff5254ebc93174529d',230,'Data Source [  2 / outBytes ]','','task_item_id'),(1173,'e9dc93d80a5c513d75f5b6891340a480',229,'Data Source [  1 / outBytes ]','','task_item_id'),(1172,'e686940ba6e0f7d8704d0f0223384d08',229,'Data Source [  2 / outBytes ]','','task_item_id'),(1171,'f0b78637496995a34fc2014d4eeef229',229,'Data Source [  3 / outBytes ]','','task_item_id'),(1170,'bbfef7664e0b5b14c85bb0a413b59c90',229,'Data Source [  4 / outBytes ]','','task_item_id'),(1169,'ff1f82307dff5d00573699e28177b86a',229,'Data Source [  5 / outBytes ]','','task_item_id'),(1168,'114358f1864d2c8f0db78918bc81b058',228,'Data Source [  3 / outBytes ]','','task_item_id'),(1167,'00da87bfc57aa472dd5697b6e90b86ee',228,'Data Source [  4 / outBytes ]','','task_item_id'),(1166,'74b832f53cdfb733fed76103d26d653d',228,'Data Source [  1 / outBytes ]','','task_item_id'),(1165,'95f209e802282a0bc81b18c352e3c9c5',228,'Data Source [  2 / outBytes ]','','task_item_id'),(1164,'70fda93244cefc69d13b8f5046b3c37e',227,'Data Source [  1 / outBytes ]','','task_item_id'),(1163,'e355b1c143eadc1a0470376e57598c24',227,'Data Source [  2 / outBytes ]','','task_item_id'),(1162,'48e98cf4341eb2ef63b8dda640eaa007',227,'Data Source [  3 / outBytes ]','','task_item_id'),(1161,'7c0195e1b0de89dd028c48048e7bd2ad',226,'Data Source [  1 / outBytes ]','','task_item_id'),(1160,'2e64c52620935ab2f66dd1b65d11f944',226,'Data Source [  2 / outBytes ]','','task_item_id'),(1159,'9170627c4ec7ed7724dce52b676dcb1b',225,'Data Source [  1 / outBytes ]','','task_item_id'),(1158,'c9cb5a9bc9d2857a913da77dd3780785',224,'Data Source [  1 / inBytes ]','','task_item_id'),(1157,'1d0ba9893fe446fc550fdd48827c84c8',224,'Data Source [  2 / inBytes ]','','task_item_id'),(1156,'ed94e1aaf48ae116b8d28ec0e930a6b8',224,'Data Source [  3 / inBytes ]','','task_item_id'),(1155,'77afcbb10aac23b4550a4bb134015b08',224,'Data Source [  4 / inBytes ]','','task_item_id'),(1154,'86303f06c27ff7228c79412efee61c85',224,'Data Source [  5 / inBytes ]','','task_item_id'),(1153,'153383ef27827e4d1115c49d3a131076',223,'Data Source [  1 / inBytes ]','','task_item_id'),(1152,'d5e2c7822a80604f2d01604aca968308',223,'Data Source [  2 / inBytes ]','','task_item_id'),(1151,'1408f6eab91b1ad5c929c154f3b84b96',223,'Data Source [  3 / inBytes ]','','task_item_id'),(1150,'4554863e1f8cd1607ac23782c9dbf532',223,'Data Source [  4 / inBytes ]','','task_item_id'),(1149,'fd0f5cfa0eb632554251a4a864c41ee8',222,'Data Source [  1 / inBytes ]','','task_item_id'),(1148,'40a8ae1b6f1c3aa852239620c5da87e6',222,'Data Source [  2 / inBytes ]','','task_item_id'),(1147,'c067ba0d9ea5f10e57af6d22f87a6bfc',222,'Data Source [  3 / inBytes ]','','task_item_id'),(1146,'6db9515554b6a510b6974bfe962eebff',221,'Data Source [  1 / inBytes ]','','task_item_id'),(1145,'fd48a987ca2c6f1cde30d0e62e37c730',221,'Data Source [  2 / inBytes ]','','task_item_id'),(1144,'a33cdc31b1840dccac5dad9e10640c17',220,'Data Source [  1 / inBytes ]','','task_item_id'),(1143,'bbdd8d0a472366d87ab79e4db959420c',219,'Data Source [  1 / svctm ]','','task_item_id'),(1142,'d0e47f6bc3ab94e0c710d050ae140613',218,'Data Source [  1 / rkb_s ]','','task_item_id'),(1141,'a8ea9e2c512bc3f70fac68444f792f86',218,'Data Source [  2 / wkb_s ]','','task_item_id'),(1140,'9414413143b57237b7855af34f65e0b0',217,'Data Source [  1 / r_s ]','','task_item_id'),(1139,'f9e32dfd6e58dc15796554df5b9ab339',217,'Data Source [  2 / w_s ]','','task_item_id'),(1138,'5a8d114aac9de431f14ad058331ffe6f',216,'Data Source [  1 / pct ]','','task_item_id'),(1137,'12dd31620b367b9c614262a40e7a862b',216,'Data Source [  2 / pct ]','','task_item_id'),(1136,'25b6b45b2a5c7cf18b58e3076f1df593',216,'Data Source [  3 / pct ]','','task_item_id'),(1135,'f6a0fc176e37944f9275d8e1da7eb721',216,'Data Source [  4 / pct ]','','task_item_id'),(1041,'118888fcebfcf221178e865ae8873341',208,'Data Source [  6 / pct ]','','task_item_id'),(1040,'6d8184d2ae76df49c0b12ce52ee9b224',208,'Data Source [  7 / pct ]','','task_item_id'),(1039,'3edc56eb6d34ee322b10b49f36074aeb',207,'Data Source [  1 / pct ]','','task_item_id'),(1038,'da5f93df3988970a19a5419a2f1f4b61',207,'Data Source [  2 / pct ]','','task_item_id'),(1037,'e1182fabe5f3d5827632d09afc7904a3',207,'Data Source [  3 / pct ]','','task_item_id'),(1036,'2fa928e9b925c5b20697e5eb91646bc6',207,'Data Source [  4 / pct ]','','task_item_id'),(1035,'c4740f8f5ccfec5da8b4e1c13dcd9653',207,'Data Source [  5 / pct ]','','task_item_id'),(1034,'eb515205412c2b71f873e478f7a66153',207,'Data Source [  6 / pct ]','','task_item_id'),(1033,'f564d39c113ec399eb0d58d61a0a5dcc',206,'Data Source [  1 / pct ]','','task_item_id'),(1032,'8c4c51ba0fdc8ddebaa84447e5bae790',206,'Data Source [  2 / pct ]','','task_item_id'),(1031,'8598d2b0af1d40402b6346883b74e59c',206,'Data Source [  3 / pct ]','','task_item_id'),(1030,'d74067ef84df2709fb51321e53468061',206,'Data Source [  4 / pct ]','','task_item_id'),(1029,'da35aa876f2d79ba580cea8e3db76fc8',206,'Data Source [  5 / pct ]','','task_item_id'),(1028,'3d913c6ace37830cd4786c1236445f18',205,'Data Source [  1 / pct ]','','task_item_id'),(1027,'d885533cfbce0dc69c0ebb65aae983c5',205,'Data Source [  2 / pct ]','','task_item_id'),(1026,'41174adf72169549249553131ca03eb4',205,'Data Source [  3 / pct ]','','task_item_id'),(1025,'fae3194813326ff3213d8eb37fe41735',205,'Data Source [  4 / pct ]','','task_item_id'),(1024,'6ec293ab4b833176d4733edc90e19a07',204,'Data Source [  1 / pct ]','','task_item_id'),(1023,'5e3e7e39e911c58eae925fe9f230c4a4',204,'Data Source [  2 / pct ]','','task_item_id'),(1022,'474d5baeb3b90667659a2877a5d2cdd5',204,'Data Source [  3 / pct ]','','task_item_id'),(1021,'cca8ccf2926e92d4ba3918052cc685ab',203,'Data Source [  1 / pct ]','','task_item_id'),(1020,'4c70763ada75cdaeb6695e5312f96319',203,'Data Source [  2 / pct ]','','task_item_id'),(1019,'e89b5a7873eaa98569efe3ed0e59c76a',202,'Data Source [  1 / pct ]','','task_item_id'),(1018,'800639a5e97ec21e92e7e77f8328015f',201,'Data Source [  1 / used ]','','task_item_id'),(1017,'483bc5b19d77c64822bde5bbe54b412f',200,'Data Source [ comment ]','','text_format'),(1016,'77a7f5b15cf26a464414a750467c5d52',200,'Data Source [ threshold ]','','value'),(1015,'75b5b3f3a86d73138ca5d2023b1e4ed6',200,'Data Source [  1 / used ]','','task_item_id'),(1014,'55af8b814287610ae4ae8f51abe43126',200,'Data Source [  2 / shared ]','','task_item_id'),(1013,'5b8f32891fa5aa4bbf5f0f9a4d6332ce',200,'Data Source [  3 / buffers ]','','task_item_id'),(1012,'db05acebb8881df2affeef2e04e4cdbc',200,'Data Source [  4 / cached ]','','task_item_id'),(1011,'7859219577ed2ac2187778ac73813c00',200,'Data Source [  5 / free ]','','task_item_id'),(1010,'4fff64b5dda194e26857664c36db7e10',199,'Data Source [  1 / load1m ]','','task_item_id'),(1009,'bf248bd8dc49c0849d2ce1741dab67f7',199,'Data Source [  2 / load5m ]','','task_item_id'),(1008,'2fb4cf84e632c74cd9687a2a5bfc9815',199,'Data Source [  3 / load15m ]','','task_item_id'),(1007,'ef6857690e2734682ef85ccd6913ed1d',198,'Data Source [  1 / si ]','','task_item_id'),(1002,'bf23e4f3eea1018d2603178f538c26e4',195,'Data Source [ comment ]','','text_format'),(1003,'4f094dc200a7295d116375beab387526',196,'Data Source [  2 / b ]','','task_item_id'),(1004,'4c3b84cd2696a6f282c5ec470c99337f',196,'Data Source [  1 / r ]','','task_item_id'),(1005,'55c7665e1c31a2099efd75154d13dada',197,'Data Source [  1 / free ]','','task_item_id'),(1006,'b65d41ccef35ce6af789aac48001ffe4',198,'Data Source [  2 / so ]','','task_item_id'),(1134,'9113f440ef6cb49057bf52eb0114a952',216,'Data Source [  5 / pct ]','','task_item_id'),(1133,'90ac433b0c8c58dbcd63d624d0408a61',216,'Data Source [  6 / pct ]','','task_item_id'),(1132,'d1942250042cd334a24ab3956a52da6e',216,'Data Source [ 11 / pct ]','','task_item_id'),(1131,'93cc65fe036589a1cd63dba1628e565d',216,'Data Source [ 10 / pct ]','','task_item_id'),(1130,'24d3e675d8869f82c111c8c74b7555f6',216,'Data Source [  9 / pct ]','','task_item_id'),(1129,'1f754238b9d9b0d08f040498cd1268d5',216,'Data Source [  8 / pct ]','','task_item_id'),(1128,'3f664e15ac52e73ffd3a96b757a30650',216,'Data Source [  7 / pct ]','','task_item_id'),(1127,'4486578b50742048083e6c7309dbd685',216,'Data Source [ 12 / pct ]','','task_item_id'),(1126,'623f00fe118f4ebf9c2c4bd83ea3bb63',216,'Data Source [ 13 / pct ]','','task_item_id'),(1125,'444f5398bdbca6ab486bb075017300de',216,'Data Source [ 14 / pct ]','','task_item_id'),(1124,'3137b653d13ccc9e80fe4c3baf1ceaff',216,'Data Source [ 15 / pct ]','','task_item_id'),(1123,'e082016335e216c7dc70ca13f4811118',215,'Data Source [  1 / pct ]','','task_item_id'),(1122,'348477a1710089f8e86cbed37b0f840b',215,'Data Source [  2 / pct ]','','task_item_id'),(1121,'b2530959c4a49372424f3dfa6275114d',215,'Data Source [  3 / pct ]','','task_item_id'),(1120,'e056b1592ce30a829bb022cceadd3f2d',215,'Data Source [  4 / pct ]','','task_item_id'),(1119,'5db84ade272b26b1d1115377f57fd5ff',215,'Data Source [  5 / pct ]','','task_item_id'),(1118,'3f3c6f3cab2baea3cd51316f95f94c50',215,'Data Source [  6 / pct ]','','task_item_id'),(1117,'f965b1f0231f57a391bb6f36d0776a53',215,'Data Source [  7 / pct ]','','task_item_id'),(1116,'a8ce9d7a355ec11491827416d8e43323',215,'Data Source [  8 / pct ]','','task_item_id'),(1115,'95fd11992045d33f0f14b471aa3d3da7',215,'Data Source [  9 / pct ]','','task_item_id'),(1114,'6be2b1154ce0be226032810744820835',215,'Data Source [ 10 / pct ]','','task_item_id'),(1113,'96342dafc54bdd1e98eb19f28d398d68',215,'Data Source [ 11 / pct ]','','task_item_id'),(1112,'2e0b11cc9ed98a22705962374cfacf75',215,'Data Source [ 12 / pct ]','','task_item_id'),(1383,'9495b8b79ed14e7643a6ff8c7858e122',260,'Data Source [ 10 / PercentFree ]',NULL,'task_item_id'),(1382,'3d45e361f22760f94b707df6de896b47',260,'Data Source [  9 / PercentFree ]',NULL,'task_item_id'),(1381,'1ce8094ccce460ce242703fa13f337e5',260,'Data Source [  8 / PercentFree ]',NULL,'task_item_id'),(1380,'d3eecba99191b102a1a89d8afe2ba6b1',260,'Data Source [  7 / PercentFree ]',NULL,'task_item_id'),(1379,'31df21adc01d5cde5cef0bc4057c1099',260,'Data Source [  6 / PercentFree ]',NULL,'task_item_id'),(1378,'0c6d13182cd1cefb3f5d5979ad010662',260,'Data Source [  5 / PercentFree ]',NULL,'task_item_id'),(1377,'26109b2deed4158842136eb58f13035d',260,'Data Source [  4 / PercentFree ]',NULL,'task_item_id'),(1376,'0061af870d5efefce56eb21a80c0fb18',260,'Data Source [  3 / PercentFree ]',NULL,'task_item_id'),(1375,'a6ce27b91a80c5b0cf81d63ecaa3e916',260,'Data Source [  2 / PercentFree ]',NULL,'task_item_id'),(1374,'fb9e60f2b9e7cd5fd6f2e8adcd266372',260,'Data Source [  1 / PercentFree ]',NULL,'task_item_id'),(1373,'7bf620354479ecc51450886d1bb87bba',259,'Data Source [ 11 / PercentFree ]',NULL,'task_item_id'),(1372,'81ea85ba9c8299edbeeb132aefe4c6c7',259,'Data Source [ 10 / PercentFree ]',NULL,'task_item_id'),(1371,'69f45ea6d3b66144906dc009c76a9a0b',259,'Data Source [  9 / PercentFree ]',NULL,'task_item_id'),(1370,'7068750585e36161cdd29a00924a69f7',259,'Data Source [  8 / PercentFree ]',NULL,'task_item_id'),(1369,'5ff9ff3dd69a2ab8072fb925169a3667',259,'Data Source [  7 / PercentFree ]',NULL,'task_item_id'),(1368,'f3aef876134afe1db93a44b1da71613b',259,'Data Source [  6 / PercentFree ]',NULL,'task_item_id'),(1367,'5966c3304d3843974b4d930dba72fcf5',259,'Data Source [  5 / PercentFree ]',NULL,'task_item_id'),(1366,'d0c236f682e072c2291787590049f34a',259,'Data Source [  4 / PercentFree ]',NULL,'task_item_id'),(1365,'5bce796a5ffe32e22bcaf30ba5c70220',259,'Data Source [  3 / PercentFree ]',NULL,'task_item_id'),(1364,'d02a37ea3109af28e3acc5612ef4864a',259,'Data Source [  2 / PercentFree ]',NULL,'task_item_id'),(1363,'ee093af9f3fad41e9a17ad0b33bc6cbb',259,'Data Source [  1 / PercentFree ]',NULL,'task_item_id'),(1362,'6d8ff2ffa217085c52d818e6f9e2465b',258,'Data Source [ 10 / PercentFree ]',NULL,'task_item_id'),(1361,'e490124601969674017df16e02f37d2d',258,'Data Source [  9 / PercentFree ]',NULL,'task_item_id'),(1360,'d46b6dd7aed335065e8717ed4b4f9ce3',258,'Data Source [  8 / PercentFree ]',NULL,'task_item_id'),(1359,'a45c4e3cd4c44a4e2867f197be123642',258,'Data Source [  7 / PercentFree ]',NULL,'task_item_id'),(1358,'4ba2f05b14c07255d3f1c1b5d9cd1fa5',258,'Data Source [  6 / PercentFree ]',NULL,'task_item_id'),(1357,'8f0e83a8c69316718e72ab3ad3c6a51f',258,'Data Source [  5 / PercentFree ]',NULL,'task_item_id'),(1356,'b4eba64bf1922af02583629d5f56882f',258,'Data Source [  4 / PercentFree ]',NULL,'task_item_id'),(1355,'36a3b1aa5e06034ba4ca35ef96c43402',258,'Data Source [  3 / PercentFree ]',NULL,'task_item_id'),(1354,'788324aa6fae4fb1ddcda1d7c7e5b043',258,'Data Source [  2 / PercentFree ]',NULL,'task_item_id'),(1353,'fc451488d44c211b17824e4d89975e78',258,'Data Source [  1 / PercentFree ]',NULL,'task_item_id'),(1352,'60062ce7757b13ad2e55e1dad844ebb5',257,'Data Source [  9 / PercentFree ]',NULL,'task_item_id'),(1351,'7464f7f4ff97d90180feae708cfd8457',257,'Data Source [  8 / PercentFree ]',NULL,'task_item_id'),(1345,'9b20f591a66eaf9b4ad1ba13a18abf9e',257,'Data Source [  2 / PercentFree ]',NULL,'task_item_id'),(1346,'e271446094155c84e58c3c7c64d855d3',257,'Data Source [  3 / PercentFree ]',NULL,'task_item_id'),(1347,'119a4651ac2b9f4dea49cd7d3205b90c',257,'Data Source [  4 / PercentFree ]',NULL,'task_item_id'),(1348,'0a6e9c85335b8e1d960dd32bc5c4bd53',257,'Data Source [  5 / PercentFree ]',NULL,'task_item_id'),(1349,'ad40f17172cd9ab7de3f82bc88f18a20',257,'Data Source [  6 / PercentFree ]',NULL,'task_item_id'),(1350,'f7f10b71065f9ef8a7971972006aed0f',257,'Data Source [  7 / PercentFree ]',NULL,'task_item_id'),(1583,'0c0356039d218bac525fee41d276a17b',292,'Data Source [  9 / DiskIdleTime ]',NULL,'task_item_id'),(1582,'d042c074f3336d448ef6570ec37f404f',292,'Data Source [  8 / DiskIdleTime ]',NULL,'task_item_id'),(1581,'0ddc6ad97cab482eca53b6562755a56f',292,'Data Source [  7 / DiskIdleTime ]',NULL,'task_item_id'),(1580,'775ed3c4761589725577d9538a706680',292,'Data Source [  6 / DiskIdleTime ]',NULL,'task_item_id'),(1579,'bd1425b5efe0ac5988b3298c7cd63d16',292,'Data Source [  5 / DiskIdleTime ]',NULL,'task_item_id'),(1578,'1586b64a233ce8458cadda027f4c0c42',292,'Data Source [  4 / DiskIdleTime ]',NULL,'task_item_id'),(1577,'bb8f4c9eeff8af170c62e9d98436dec6',292,'Data Source [  3 / DiskIdleTime ]',NULL,'task_item_id'),(1576,'1304209c0bae0f29ccec0bf28a8a8c27',292,'Data Source [  2 / DiskIdleTime ]',NULL,'task_item_id'),(1575,'79046904698948673da02c0439dad211',292,'Data Source [  1 / DiskIdleTime ]',NULL,'task_item_id'),(1574,'7914c404461bab3c937a17831030fe39',291,'Data Source [ 14 / DiskIdleTime ]',NULL,'task_item_id'),(1573,'f8385533ca50fb6dc43022885272545c',291,'Data Source [ 13 / DiskIdleTime ]',NULL,'task_item_id'),(1572,'4eda1f429bf924ba63894de612a1c259',291,'Data Source [ 12 / DiskIdleTime ]',NULL,'task_item_id'),(1571,'e41ae5db1b460ed4bd9a48e36c3d6b16',291,'Data Source [ 11 / DiskIdleTime ]',NULL,'task_item_id'),(1570,'da3ad8841bac8eda50d32e19fa78302c',291,'Data Source [ 10 / DiskIdleTime ]',NULL,'task_item_id'),(1569,'1c5a235b2c9cbf003fbe1ca668741e0a',291,'Data Source [  9 / DiskIdleTime ]',NULL,'task_item_id'),(1568,'de44e8feaa6ffc28a456ab0449dc9356',291,'Data Source [  8 / DiskIdleTime ]',NULL,'task_item_id'),(1567,'db9ef8cf956fe14e197aee3e582eeba9',291,'Data Source [  7 / DiskIdleTime ]',NULL,'task_item_id'),(1566,'c8b9405e08400194c6bbd936fcd0bf0c',291,'Data Source [  6 / DiskIdleTime ]',NULL,'task_item_id'),(1565,'fe6b1ea5c603586e01bf223306280f80',291,'Data Source [  5 / DiskIdleTime ]',NULL,'task_item_id'),(1564,'ba6e169ad74be64b994866da0ddb13d8',291,'Data Source [  4 / DiskIdleTime ]',NULL,'task_item_id'),(1563,'ddb6d6630fd3b37f63ee4d187210be54',291,'Data Source [  3 / DiskIdleTime ]',NULL,'task_item_id'),(1562,'ce38f38a983e346c83870d937e375148',291,'Data Source [  2 / DiskIdleTime ]',NULL,'task_item_id'),(1561,'531c8acb210fd2e287a71169124f4349',291,'Data Source [  1 / DiskIdleTime ]',NULL,'task_item_id'),(1560,'0d82cb7a9a482043ead5c7a8f5cf9688',290,'Data Source [ 13 / DiskIdleTime ]',NULL,'task_item_id'),(1559,'13650db460111dac8d3212e102163f00',290,'Data Source [ 12 / DiskIdleTime ]',NULL,'task_item_id'),(1558,'7fbf4b06588e9e145b7e30305ff1c072',290,'Data Source [ 11 / DiskIdleTime ]',NULL,'task_item_id'),(1557,'f3e81874cec0dbea72dcfbb187a8a40e',290,'Data Source [ 10 / DiskIdleTime ]',NULL,'task_item_id'),(1556,'852b9f7f80fb963400314ffe7cb15250',290,'Data Source [  9 / DiskIdleTime ]',NULL,'task_item_id'),(1555,'a50a8cdc609bf628bb245b35ff2661b2',290,'Data Source [  8 / DiskIdleTime ]',NULL,'task_item_id'),(1554,'9be8ec7cd16509b25c31fca380379882',290,'Data Source [  7 / DiskIdleTime ]',NULL,'task_item_id'),(1553,'edc5012535b2317e0db0c1f959d626a4',290,'Data Source [  6 / DiskIdleTime ]',NULL,'task_item_id'),(1552,'5ec351046fd9661468892600ae376c93',290,'Data Source [  5 / DiskIdleTime ]',NULL,'task_item_id'),(1551,'2c621e60dbf6a6c7666a6eeedc4693a6',290,'Data Source [  4 / DiskIdleTime ]',NULL,'task_item_id'),(1550,'9a9ce3d3c2527076a8edbaf1d88a2ffc',290,'Data Source [  3 / DiskIdleTime ]',NULL,'task_item_id'),(1549,'58c689a6d2f0f4b62a144162b778cf27',290,'Data Source [  2 / DiskIdleTime ]',NULL,'task_item_id'),(1548,'b07247bc65769a671582f3b0d38df35f',290,'Data Source [  1 / DiskIdleTime ]',NULL,'task_item_id'),(1547,'313de279cdbf9084a4a897f9f0a17a97',289,'Data Source [ 12 / DiskIdleTime ]',NULL,'task_item_id'),(1546,'803ffe546dee2721070aaab4a350f069',289,'Data Source [ 11 / DiskIdleTime ]',NULL,'task_item_id'),(1545,'43a3100cbb0a0d5264bd7cbb6a175993',289,'Data Source [ 10 / DiskIdleTime ]',NULL,'task_item_id'),(1544,'7c607e35ceef2fb884e2d44bbc85cbd1',289,'Data Source [  9 / DiskIdleTime ]',NULL,'task_item_id'),(1543,'ffdada69f79b1e79b2cc4c677c945966',289,'Data Source [  8 / DiskIdleTime ]',NULL,'task_item_id'),(1542,'3c5e3fa921132b4cd4f60ca18d8155f0',289,'Data Source [  7 / DiskIdleTime ]',NULL,'task_item_id'),(1541,'4da74c561851c39fa4f2e278c703bec8',289,'Data Source [  6 / DiskIdleTime ]',NULL,'task_item_id'),(1540,'49266373dfe6e82ed5a80735ba8745e1',289,'Data Source [  5 / DiskIdleTime ]',NULL,'task_item_id'),(1539,'8e8ef97473863ccc1be481eda71946a0',289,'Data Source [  4 / DiskIdleTime ]',NULL,'task_item_id'),(1538,'bcac50866f74ee1cc0148a0549da5b0d',289,'Data Source [  3 / DiskIdleTime ]',NULL,'task_item_id'),(1537,'9926918c7a866e238d8f6776d94463e4',289,'Data Source [  2 / DiskIdleTime ]',NULL,'task_item_id'),(1536,'3e4da9fbadd31c76931cfc1ec3135d72',289,'Data Source [  1 / DiskIdleTime ]',NULL,'task_item_id'),(1535,'5b0baf1215c3a62a42b7a67e86ff031a',288,'Data Source [ 11 / DiskIdleTime ]',NULL,'task_item_id'),(1534,'54ae281f4eae21af0ba6eb6e32825d99',288,'Data Source [ 10 / DiskIdleTime ]',NULL,'task_item_id'),(1533,'ef50d2bd8624c97bfaf2d1f6e63e3e8a',288,'Data Source [  9 / DiskIdleTime ]',NULL,'task_item_id'),(1532,'85be09388597003d7ba5c5d6c48b3b98',288,'Data Source [  8 / DiskIdleTime ]',NULL,'task_item_id'),(1531,'cc0f7ab88001e2255a5dd552bf0d9057',288,'Data Source [  7 / DiskIdleTime ]',NULL,'task_item_id'),(1530,'5124ac233075c12b287c583dc0963e64',288,'Data Source [  6 / DiskIdleTime ]',NULL,'task_item_id'),(1529,'b9b17bf939a2c6e3702b40c6b617123c',288,'Data Source [  5 / DiskIdleTime ]',NULL,'task_item_id'),(1528,'511f1ace65341830c27cfb0229c5a3e2',288,'Data Source [  4 / DiskIdleTime ]',NULL,'task_item_id'),(1527,'0b3ae21fc9f551c711aa63d5594ea5c1',288,'Data Source [  3 / DiskIdleTime ]',NULL,'task_item_id'),(1526,'b868ac82bee06e06267a6958a8e5a276',288,'Data Source [  2 / DiskIdleTime ]',NULL,'task_item_id'),(1525,'041623078763fc3f6a9153796372a832',288,'Data Source [  1 / DiskIdleTime ]',NULL,'task_item_id'),(1524,'142479c905d64c232923a1fa1e9fa90d',287,'Data Source [ 10 / DiskIdleTime ]',NULL,'task_item_id'),(1523,'f0fe5020e08ef1a9d27a39276b842d51',287,'Data Source [  9 / DiskIdleTime ]',NULL,'task_item_id'),(1522,'bad2e69fabb26417799a6edf82a8c0c2',287,'Data Source [  8 / DiskIdleTime ]',NULL,'task_item_id'),(1521,'396d56bfcd8d5bdf60298f5c2246c5b1',287,'Data Source [  7 / DiskIdleTime ]',NULL,'task_item_id'),(1520,'161fb08f43f634fe540136047965579b',287,'Data Source [  6 / DiskIdleTime ]',NULL,'task_item_id'),(1519,'ee367692de460ae5725691533c7ae1ef',287,'Data Source [  5 / DiskIdleTime ]',NULL,'task_item_id'),(1518,'52636c381166b13108457383e3df95fb',287,'Data Source [  4 / DiskIdleTime ]',NULL,'task_item_id'),(1517,'5c2b491f71664c9d7132d25c6d1a78a7',287,'Data Source [  3 / DiskIdleTime ]',NULL,'task_item_id'),(1516,'1c34bf50c2acb8a42eb0f936b35e579e',287,'Data Source [  2 / DiskIdleTime ]',NULL,'task_item_id'),(1515,'2a69e4d6d429506f5ca31f6c079a8479',287,'Data Source [  1 / DiskIdleTime ]',NULL,'task_item_id'),(1344,'3c54f3e5cbe465387e3e8b25bfe32bfd',257,'Data Source [  1 / PercentFree ]',NULL,'task_item_id'),(1338,'927b7aaac9e80b2f87a907f192f1f4a7',256,'Data Source [  3 / PercentFree ]',NULL,'task_item_id'),(1339,'a417ca58f832b7d84f2807280fe4f7b5',256,'Data Source [  4 / PercentFree ]',NULL,'task_item_id'),(1340,'dd6e15ce30e76fd7d7716d4fe4e3f900',256,'Data Source [  5 / PercentFree ]',NULL,'task_item_id'),(1341,'31c5b6b35f6cc88d043dc79dc985fa6d',256,'Data Source [  6 / PercentFree ]',NULL,'task_item_id'),(1342,'bfa64b111ead651c1de6ff16a40ef402',256,'Data Source [  7 / PercentFree ]',NULL,'task_item_id'),(1343,'ad0255bc1ce5c7d6c89b2ea54c8da964',256,'Data Source [  8 / PercentFree ]',NULL,'task_item_id'),(1514,'c20054977eecf24eae9e375e9c800c0b',286,'Data Source [  9 / DiskIdleTime ]',NULL,'task_item_id'),(1513,'a25b0e2d266a2be6c8698cd6df6e3244',286,'Data Source [  8 / DiskIdleTime ]',NULL,'task_item_id'),(1512,'0de1ede303fdd88101ad88eb1d309249',286,'Data Source [  7 / DiskIdleTime ]',NULL,'task_item_id'),(1511,'55f1bcb4a827c47769102b171b7d9c21',286,'Data Source [  6 / DiskIdleTime ]',NULL,'task_item_id'),(1510,'0b9e0d57a0daf97b5416f16ea2a1cde5',286,'Data Source [  5 / DiskIdleTime ]',NULL,'task_item_id'),(1509,'0b330faa3175bd26c6d1ec7af917eef3',286,'Data Source [  4 / DiskIdleTime ]',NULL,'task_item_id'),(1508,'b67c47d6f4bc9153215f71eeea4a4f63',286,'Data Source [  3 / DiskIdleTime ]',NULL,'task_item_id'),(1507,'1d2320b497f19e6688c21b5e665643ec',286,'Data Source [  2 / DiskIdleTime ]',NULL,'task_item_id'),(1506,'a04bb3f2164169b9c2e3caeebc9f321d',286,'Data Source [  1 / DiskIdleTime ]',NULL,'task_item_id'),(1505,'75d5d65afcd9eddaa02ba8587d33c573',285,'Data Source [  8 / DiskIdleTime ]',NULL,'task_item_id'),(1504,'535647e3f018a17954419e0b6303a300',285,'Data Source [  7 / DiskIdleTime ]',NULL,'task_item_id'),(1503,'8e1d36ed62d99501b223c374dbbd2ad3',285,'Data Source [  6 / DiskIdleTime ]',NULL,'task_item_id'),(1502,'cfb229ec3e98f964850ebeb2e89feeb2',285,'Data Source [  5 / DiskIdleTime ]',NULL,'task_item_id'),(1501,'281133c7adab19ab2345cce7218a86b0',285,'Data Source [  4 / DiskIdleTime ]',NULL,'task_item_id'),(1500,'57b78d91701f1261181a17d4eae3da57',285,'Data Source [  3 / DiskIdleTime ]',NULL,'task_item_id'),(1499,'4943a2c8e766f8487818752c155f3e65',285,'Data Source [  2 / DiskIdleTime ]',NULL,'task_item_id'),(1498,'664999739716e9538da22e7caf4c12ab',285,'Data Source [  1 / DiskIdleTime ]',NULL,'task_item_id'),(1497,'9963471c406ab45929473b105f36156d',284,'Data Source [  7 / DiskIdleTime ]',NULL,'task_item_id'),(1496,'a28005c7c30564a921537e132959cc20',284,'Data Source [  6 / DiskIdleTime ]',NULL,'task_item_id'),(1495,'ff030d72c4d0d73eb19fae6e9e75e6a7',284,'Data Source [  5 / DiskIdleTime ]',NULL,'task_item_id'),(1494,'ff35304de24be6121d87756d04504168',284,'Data Source [  4 / DiskIdleTime ]',NULL,'task_item_id'),(1493,'faa70740dbcd0650c59d74a6b7785c0b',284,'Data Source [  3 / DiskIdleTime ]',NULL,'task_item_id'),(1492,'fa6da50b1339979f3c620e383c101cc5',284,'Data Source [  2 / DiskIdleTime ]',NULL,'task_item_id'),(1491,'414ba6f4c67c80ea4fea67b81c9522ce',284,'Data Source [  1 / DiskIdleTime ]',NULL,'task_item_id'),(1490,'b699e3a89300e743117856af25ad0cd8',283,'Data Source [  6 / DiskIdleTime ]',NULL,'task_item_id'),(1489,'4f0fc2a560cf7ab80bd90da720e79fa2',283,'Data Source [  5 / DiskIdleTime ]',NULL,'task_item_id'),(1488,'81266de361b5a06baa66d637b186ab7e',283,'Data Source [  4 / DiskIdleTime ]',NULL,'task_item_id'),(1487,'177de9dfae8fec7522c8a9ffa8de4b75',283,'Data Source [  3 / DiskIdleTime ]',NULL,'task_item_id'),(1486,'e58ab9f370de2281ff9bfe326148bef5',283,'Data Source [  2 / DiskIdleTime ]',NULL,'task_item_id'),(1485,'f926dadf399d2f261a810f6dcd5c21c7',283,'Data Source [  1 / DiskIdleTime ]',NULL,'task_item_id'),(1484,'e52e84cf8779d27e21bea53acb8a591c',282,'Data Source [  5 / DiskIdleTime ]',NULL,'task_item_id'),(1483,'86eaff3ef467b80c1490c8fb4c931ac7',282,'Data Source [  4 / DiskIdleTime ]',NULL,'task_item_id'),(1482,'1d64392c64df3e1a913c13eea64f2d68',282,'Data Source [  3 / DiskIdleTime ]',NULL,'task_item_id'),(1481,'a3ecd0e3e823a0b94e9c97eacd7ba228',282,'Data Source [  2 / DiskIdleTime ]',NULL,'task_item_id'),(1480,'8f16bab9754dfcb7f5ead259dd88f004',282,'Data Source [  1 / DiskIdleTime ]',NULL,'task_item_id'),(1479,'3cb278876eca7addc75de3f2548c0c81',281,'Data Source [  4 / DiskIdleTime ]',NULL,'task_item_id'),(1478,'26dcd068d9c101fea9a8f0a1cb9e5fe6',281,'Data Source [  3 / DiskIdleTime ]',NULL,'task_item_id'),(1477,'7ede7f182e85912f494f60df53964ee6',281,'Data Source [  2 / DiskIdleTime ]',NULL,'task_item_id'),(1476,'6d074e73e47f6b33ed2c3a22899f791a',281,'Data Source [  1 / DiskIdleTime ]',NULL,'task_item_id'),(1475,'0da3af8380fc07ff4d61488ae8204f93',280,'Data Source [  3 / DiskIdleTime ]',NULL,'task_item_id'),(1474,'76d3ce964865d4b378173b21c9b86ae8',280,'Data Source [  2 / DiskIdleTime ]',NULL,'task_item_id'),(1473,'c8ece7bef337026e1b22d5afe9aa5504',280,'Data Source [  1 / DiskIdleTime ]',NULL,'task_item_id'),(1472,'a0e6afabec2961e534455b29e125c1c9',279,'Data Source [  2 / DiskIdleTime ]',NULL,'task_item_id'),(1471,'7b9faf0fe26625d41e143a1a62e3d13f',279,'Data Source [  1 / DiskIdleTime ]',NULL,'task_item_id'),(1470,'a5cff6cae87ac944d4097256e9a0ae22',278,'Data Source [  1 / DiskIdleTime ]',NULL,'task_item_id'),(1469,'dceb29508a68a348f3874c9a06377e43',277,'Data Source [  4 / OutboundErrors ]',NULL,'task_item_id'),(1468,'73793c61aecba139b4416f29d51e0535',277,'Data Source [  3 / OutboundDiscarded ]',NULL,'task_item_id'),(1467,'3d8b79bef31bdd18e1912d1285da26cb',277,'Data Source [  2 / RecievedErrors ]',NULL,'task_item_id'),(1466,'2ece23d33c033bfc2ec850c921899d93',277,'Data Source [  1 / RecievedDiscarded ]',NULL,'task_item_id'),(1465,'a87e47d830509a2a5e919d639ce6a024',276,'Data Source [  2 / PacketsSentSec ]',NULL,'task_item_id'),(1464,'cbb67fb2129f8fa203c69ec24aabb779',276,'Data Source [  1 / PacketsRecivedSec ]',NULL,'task_item_id'),(1463,'bff8b1953fa259cc713e59ef8779fc00',275,'Data Source [  2 / BytesSentSec ]',NULL,'task_item_id'),(1462,'ca876d122b234d9a13aa95d021c9def5',275,'Data Source [  1 / BytesRecivedSec ]',NULL,'task_item_id'),(1461,'4054775cc1f07d6a903527614f5c3149',274,'Data Source [  5 / BytesSentSec ]',NULL,'task_item_id'),(1460,'9e0dc305bf25812e43028ead2b510078',274,'Data Source [  4 / BytesSentSec ]',NULL,'task_item_id'),(1459,'9dc400d8917822617a565c6c14482681',274,'Data Source [  3 / BytesSentSec ]',NULL,'task_item_id'),(1458,'6dd8b79469f98c8e0cc8b4caa1e3ece9',274,'Data Source [  2 / BytesSentSec ]',NULL,'task_item_id'),(1457,'035bcc7921f43d5277d1da08175f0fb2',274,'Data Source [  1 / BytesSentSec ]',NULL,'task_item_id'),(1456,'6dc9ea2a8d7ca46a632c5838bd1c3eef',273,'Data Source [  4 / BytesSentSec ]',NULL,'task_item_id'),(1455,'06e598dbf83842ebd2a2a9909b33e1ba',273,'Data Source [  3 / BytesSentSec ]',NULL,'task_item_id'),(1454,'d29f08d944d541a23a4e2738df39d672',273,'Data Source [  2 / BytesSentSec ]',NULL,'task_item_id'),(1453,'44b655ef39dae3f0d9cdec7a72272b63',273,'Data Source [  1 / BytesSentSec ]',NULL,'task_item_id'),(1452,'21cba5f3010c46c613df93b6f9e73f5c',272,'Data Source [  3 / BytesSentSec ]',NULL,'task_item_id'),(1451,'23c3c882c489a7961a29c6822d60265f',272,'Data Source [  2 / BytesSentSec ]',NULL,'task_item_id'),(1450,'3b0d26de0ad0a8dae62e79263775e266',272,'Data Source [  1 / BytesSentSec ]',NULL,'task_item_id'),(1449,'8d861040e94dd3a5fd6a27e822d61d26',271,'Data Source [  2 / BytesSentSec ]',NULL,'task_item_id'),(1448,'1030bf93c7bc6e8954488a35516cd211',271,'Data Source [  1 / BytesSentSec ]',NULL,'task_item_id'),(1447,'a8fad5500fa3c3ee2e120b0be966d757',270,'Data Source [  1 / BytesSentSec ]',NULL,'task_item_id'),(1446,'489b706a207d2324b7d46f5301708af4',269,'Data Source [  5 / BytesRecivedSec ]',NULL,'task_item_id'),(1445,'691a1906374ec8e2b37b47cd05ebc143',269,'Data Source [  4 / BytesRecivedSec ]',NULL,'task_item_id'),(1444,'e97681baadcc397c4e4d4ee86fbb27be',269,'Data Source [  3 / BytesRecivedSec ]',NULL,'task_item_id'),(1443,'a21e80e6272aa5364522131e114ee247',269,'Data Source [  2 / BytesRecivedSec ]',NULL,'task_item_id'),(1442,'bc07512605f41573584be9d089403845',269,'Data Source [  1 / BytesRecivedSec ]',NULL,'task_item_id'),(1441,'8852ff6506e7a783326fd5cfd1124c82',268,'Data Source [  4 / BytesRecivedSec ]',NULL,'task_item_id'),(1440,'daec8de8a6010eaa8bff4273f046643b',268,'Data Source [  3 / BytesRecivedSec ]',NULL,'task_item_id'),(1439,'7d608b920d208ee70c3227d2f556eca6',268,'Data Source [  2 / BytesRecivedSec ]',NULL,'task_item_id'),(1438,'e4f1f580e08c7f8dfc8616e8059b88bd',268,'Data Source [  1 / BytesRecivedSec ]',NULL,'task_item_id'),(1437,'091e5d6c4d52f01fbc13af46a838cf69',267,'Data Source [  3 / BytesRecivedSec ]',NULL,'task_item_id'),(1436,'f239e1923937c538f3f909160aab3543',267,'Data Source [  2 / BytesRecivedSec ]',NULL,'task_item_id'),(1435,'d6dfdd2635b04f3ffee19bd362886040',267,'Data Source [  1 / BytesRecivedSec ]',NULL,'task_item_id'),(1434,'5f458dc0896b48fc95d119ad6bcea4af',266,'Data Source [  2 / BytesRecivedSec ]',NULL,'task_item_id'),(1433,'49fc256128123163780d02a487e981b4',266,'Data Source [  1 / BytesRecivedSec ]',NULL,'task_item_id'),(1432,'0cd0a6255d24da15a738deff715281e4',265,'Data Source [  1 / BytesRecivedSec ]',NULL,'task_item_id'),(1431,'b9a4185818c938d41a9f27ba35a3ec4b',264,'Data Source [  2 / AvailableBytes ]',NULL,'task_item_id'),(1430,'c31701a7ebd0c3139f6d50ef4771c875',264,'Data Source [  1 / CommittedBytes ]',NULL,'task_item_id'),(1429,'80297b55edf6d45ca57f8b8b67f0ccfc',264,'Data Source [ threshold ]',NULL,'value'),(1428,'2cc364947706d3b6bfbdb93a51cfb3eb',264,'Data Source [ comment ]',NULL,'text_format'),(1427,'9585699d0a7d9165b02a321c2fcabdc7',263,'Data Source [ 15 / PercentFree ]',NULL,'task_item_id'),(1426,'1890d94f43defb92bc6c1b0044bf93fa',263,'Data Source [ 14 / PercentFree ]',NULL,'task_item_id'),(1425,'e2f72bb851aa84dc8af43afd458140dd',263,'Data Source [ 13 / PercentFree ]',NULL,'task_item_id'),(1424,'1d5b5e3b475ce6618fd4c00c8c409c14',263,'Data Source [ 12 / PercentFree ]',NULL,'task_item_id'),(1423,'d3e1ce1d14d58f1391ff59aaa346b597',263,'Data Source [ 11 / PercentFree ]',NULL,'task_item_id'),(1422,'a6c0c1c7a04aed014071b739cada9ef0',263,'Data Source [ 10 / PercentFree ]',NULL,'task_item_id'),(1421,'cabd1bc1a8df2b3c54ddc01e5069eaf2',263,'Data Source [  9 / PercentFree ]',NULL,'task_item_id'),(1420,'026bf96236773b54152ec17cde61801d',263,'Data Source [  8 / PercentFree ]',NULL,'task_item_id'),(1419,'f3e0867a57d4b6c5898a4aa80c2c59d2',263,'Data Source [  7 / PercentFree ]',NULL,'task_item_id'),(1418,'76e04786db84a89e9e526835b079cae3',263,'Data Source [  6 / PercentFree ]',NULL,'task_item_id'),(1417,'c7a6af5371cdf5c63674e25e415f1b1a',263,'Data Source [  5 / PercentFree ]',NULL,'task_item_id'),(1416,'f643cd2b89e117c0e21b25a6aa9a9a2f',263,'Data Source [  4 / PercentFree ]',NULL,'task_item_id'),(1415,'9947689fd7b096c8b09210813e516da2',263,'Data Source [  3 / PercentFree ]',NULL,'task_item_id'),(1414,'32c773d6164772d9f6c6e67507c5a028',263,'Data Source [  2 / PercentFree ]',NULL,'task_item_id'),(1413,'ec381602de533da27c6971a05659ccd2',263,'Data Source [  1 / PercentFree ]',NULL,'task_item_id'),(1412,'9068c968a23970ecd73a9f746336a128',262,'Data Source [ 14 / PercentFree ]',NULL,'task_item_id'),(1337,'2787e8f86fdc681299639586532a10f3',256,'Data Source [  2 / PercentFree ]',NULL,'task_item_id'),(1336,'dcd5bb682da9a8de1e672f4357a87516',256,'Data Source [  1 / PercentFree ]',NULL,'task_item_id'),(1335,'c73a9a67d846b8c2a5177602a24fcc83',255,'Data Source [  7 / PercentFree ]',NULL,'task_item_id'),(1334,'8c416512995ea96c135d90a563ab3a2b',255,'Data Source [  6 / PercentFree ]',NULL,'task_item_id'),(1333,'9733289ef0610b87ca0c47d91a47d0b8',255,'Data Source [  5 / PercentFree ]',NULL,'task_item_id'),(1332,'e76c318791d154f51a58ba91d2ef952a',255,'Data Source [  4 / PercentFree ]',NULL,'task_item_id'),(1331,'53ff9efe736d50f3ec69494a37e64cbf',255,'Data Source [  3 / PercentFree ]',NULL,'task_item_id'),(1330,'574badd66371c3b1d45e35587af0dc41',255,'Data Source [  2 / PercentFree ]',NULL,'task_item_id'),(1329,'942450b1398c81a45de6bbc26a068782',255,'Data Source [  1 / PercentFree ]',NULL,'task_item_id'),(1328,'9a4b2cbe147b3b019aae431b48d437f4',254,'Data Source [  6 / PercentFree ]',NULL,'task_item_id'),(1327,'b9818d40f8095c2db7682a21c6fdebc0',254,'Data Source [  5 / PercentFree ]',NULL,'task_item_id'),(1326,'439a7c3a8b58f763267069ee2cfe32b7',254,'Data Source [  4 / PercentFree ]',NULL,'task_item_id'),(1325,'66814b6626b602c8e5f39d75f40d1d20',254,'Data Source [  3 / PercentFree ]',NULL,'task_item_id'),(1324,'4fa7057a3b91109ead2d4727afe273c4',254,'Data Source [  2 / PercentFree ]',NULL,'task_item_id'),(1323,'315165bc4e73426f74de732dc8244433',254,'Data Source [  1 / PercentFree ]',NULL,'task_item_id'),(1322,'92ea69cca1aef95679467c9b8f087161',253,'Data Source [  5 / PercentFree ]',NULL,'task_item_id'),(1321,'bc730d3cd96b924dc24bab02ed97ad0a',253,'Data Source [  4 / PercentFree ]',NULL,'task_item_id'),(1320,'92ca1b4e1ee7c81557fb9b07f197629d',253,'Data Source [  3 / PercentFree ]',NULL,'task_item_id'),(1319,'655cfaa4f51fda4cbbcbcc5f99368523',253,'Data Source [  2 / PercentFree ]',NULL,'task_item_id'),(1318,'8bccea8189c1a00211d2c72487ee154e',253,'Data Source [  1 / PercentFree ]',NULL,'task_item_id'),(1317,'142b81e22a2816a1675fd232e5978d1a',252,'Data Source [  4 / PercentFree ]',NULL,'task_item_id'),(1316,'cad9feb51260563aecd1a8f8f307d98a',252,'Data Source [  3 / PercentFree ]',NULL,'task_item_id'),(1315,'479c6f875688bd02c0f67c5e47108a2e',252,'Data Source [  2 / PercentFree ]',NULL,'task_item_id'),(1314,'5ea8f5fc93752497d5a6f5adb90b9727',252,'Data Source [  1 / PercentFree ]',NULL,'task_item_id'),(1313,'353db3c93d341f5cf46d4ce08f2a605e',251,'Data Source [  3 / PercentFree ]',NULL,'task_item_id'),(1312,'3e07ff2a61bc7317e1ab498786bc45c6',251,'Data Source [  2 / PercentFree ]',NULL,'task_item_id'),(1311,'da60efc57d8f073ea773579c193aa51c',251,'Data Source [  1 / PercentFree ]',NULL,'task_item_id'),(1310,'2b9d73305e6471b442ab1fcc2312dfcb',250,'Data Source [  2 / PercentFree ]',NULL,'task_item_id'),(1309,'4435e872a8e2a47765090c24c65d5e04',250,'Data Source [  1 / PercentFree ]',NULL,'task_item_id'),(1308,'e92b048a95af9de8b5da59c69d8582af',249,'Data Source [  1 / PercentFree ]',NULL,'task_item_id'),(1111,'6aca9f15fd17d7c1942f9e56c2e2899a',215,'Data Source [ 13 / pct ]','','task_item_id'),(1110,'09ce53ca6fa063e61489b669c12bd795',215,'Data Source [ 14 / pct ]','','task_item_id'),(1109,'5e7836071811de64a5b7a1e711599b41',214,'Data Source [  1 / pct ]','','task_item_id'),(1108,'3bc07f07066f8a85a915449e812e9293',214,'Data Source [  2 / pct ]','','task_item_id'),(1107,'14324156fafe1e586d505df66aa63dcc',214,'Data Source [  3 / pct ]','','task_item_id'),(1001,'849f9c6e41792bce1c3afb3e651cbd0c',195,'Data Source [  1 / us ]','','task_item_id'),(1000,'43bae509a61081718885806bfc87da80',195,'Data Source [  2 / sy ]','','task_item_id'),(999,'7a547d6073b9a7060c20a0248ed5bd65',195,'Data Source [  3 / wa ]','','task_item_id'),(1276,'e9127782662f894a8d778503b619295e',246,'Data Source [  2 / usage ]','','task_item_id'),(1277,'670997a9a81a5cdae85a83fc6fb47275',246,'Data Source [  1 / usage ]','','task_item_id'),(1278,'7d4dd7f7f01876ebeecb4f77e209c6a6',247,'Data Source [ 10 / usage ]','','task_item_id'),(1279,'5407160ca695da3c7dbaec819865cc39',247,'Data Source [ 11 / usage ]','','task_item_id'),(1280,'fdda387962c1c89531abee73345b180c',247,'Data Source [ 12 / usage ]','','task_item_id'),(1281,'df7f6d5d768add2af284873e49880c99',247,'Data Source [ 13 / usage ]','','task_item_id'),(1282,'dea5718077d0c7100c33353a9c27fa71',247,'Data Source [ 14 / usage ]','','task_item_id'),(1283,'ddcb86f554e50e336f0162ea1bd7720a',247,'Data Source [  8 / usage ]','','task_item_id'),(1284,'e03f7d787f3071a17d2fe03cdcfc7041',247,'Data Source [  9 / usage ]','','task_item_id'),(1285,'38ad4a428e50654877da3b166a384af7',247,'Data Source [  7 / usage ]','','task_item_id'),(1286,'383a595cd504a6a03b4d7c6178e7282b',247,'Data Source [  6 / usage ]','','task_item_id'),(1287,'62d56f0d07f4eb8fc9236794505c3b6c',247,'Data Source [  1 / usage ]','','task_item_id'),(1288,'d780c01105aa799129099499c34b88b5',247,'Data Source [  2 / usage ]','','task_item_id'),(1289,'353d468b7afc0a5ab92315812c822f9c',247,'Data Source [  3 / usage ]','','task_item_id'),(1290,'dc4320cceaae0c84c680e5cc75ade6c7',247,'Data Source [  4 / usage ]','','task_item_id'),(1291,'c9d86c77dee321e1c511d94202b39394',247,'Data Source [  5 / usage ]','','task_item_id'),(1292,'52d6072c065753fa9f2ab3ff6f5c83fe',248,'Data Source [ 15 / usage ]','','task_item_id'),(1293,'02dea65ba071353b52b701b7cb31d6b0',248,'Data Source [ 13 / usage ]','','task_item_id'),(1294,'aae8a2a029a133643f86eb83ef98aefd',248,'Data Source [ 14 / usage ]','','task_item_id'),(1295,'ba10b1999d4e4f1b8936f22dc7f935de',248,'Data Source [ 12 / usage ]','','task_item_id'),(1296,'b869c5fe200d25e2a591dd4fe163cf67',248,'Data Source [ 10 / usage ]','','task_item_id'),(1297,'68d810d0a47230e0f1a88921c51609ac',248,'Data Source [ 11 / usage ]','','task_item_id'),(1298,'e068de99d247afee272eda574dcf018c',248,'Data Source [  9 / usage ]','','task_item_id'),(1299,'eaf656c0f613c34e5c697f8f5b047228',248,'Data Source [  2 / usage ]','','task_item_id'),(1300,'7b5fc20a28497fbbc6075023c759033c',248,'Data Source [  3 / usage ]','','task_item_id'),(1301,'3fd27c39c694d524aa655f27e0a50038',248,'Data Source [  4 / usage ]','','task_item_id'),(1302,'7b68a4c723fcb3ae6071aeb00fb019cc',248,'Data Source [  8 / usage ]','','task_item_id'),(1303,'4eb52d5b2a39cfe6f97088686cee7011',248,'Data Source [  7 / usage ]','','task_item_id'),(1304,'aef13bf86cd46051d7b169412f6a7904',248,'Data Source [  6 / usage ]','','task_item_id'),(1305,'8b247cf8e94d294c27ce0a9002a2acbd',248,'Data Source [  5 / usage ]','','task_item_id'),(1306,'c4962953d1f7cfe8128307aaa33eed26',248,'Data Source [  1 / usage ]','','task_item_id'),(1588,'3c3c2ca8a369cacf72673d56314c3f87',292,'Data Source [ 14 / DiskIdleTime ]',NULL,'task_item_id'),(1589,'05779e049dab110214d8710399abf626',292,'Data Source [ 15 / DiskIdleTime ]',NULL,'task_item_id'),(1590,'a7c06b31b987ea6c9207eeba6c26fb09',293,'Data Source [  1 / DiskReadsSec ]',NULL,'task_item_id'),(1591,'f44f3b56cd92d9bc7b61c9ebf860d801',293,'Data Source [  2 / DiskWritesSec ]',NULL,'task_item_id'),(1592,'54b4334bab3c72c1d83406a30120c67f',294,'Data Source [  1 / DiskReadBytesSec ]',NULL,'task_item_id'),(1593,'7a59e5f14c64e964da1e691cbb3b221c',294,'Data Source [  2 / DiskWriteBytesSec ]',NULL,'task_item_id'),(1594,'cd2f36470c9e09f69d3982e660b355d1',295,'Data Source [  1 / DiskReadElapse ]',NULL,'task_item_id'),(1595,'141b42c24d09157d0fe050c55f9d0375',295,'Data Source [  2 / DiskWriteElapse ]',NULL,'task_item_id'),(1603,'53091c5c5193b3254a0f6ad07b1d6b13',297,'Data Source [  3 / InterruptTime ]',NULL,'task_item_id'),(1602,'39fed8b9dbe4fa719de1014f081e90fe',297,'Data Source [  2 / PrivilegedTime ]',NULL,'task_item_id'),(1601,'ee5570bea96380feb4a0b34fda6f89b1',297,'Data Source [  1 / UserTime ]',NULL,'task_item_id'),(1600,'38979d194116e0044d3b95ff82fc914f',297,'Data Source [ comment ]',NULL,'text_format');
/*!40000 ALTER TABLE `graph_template_input` ENABLE KEYS */;
UNLOCK TABLES;

--
-- Table structure for table `graph_template_input_defs`
--

DROP TABLE IF EXISTS `graph_template_input_defs`;
/*!40101 SET @saved_cs_client     = @@character_set_client */;
/*!40101 SET character_set_client = utf8 */;
CREATE TABLE `graph_template_input_defs` (
  `graph_template_input_id` mediumint(8) unsigned NOT NULL DEFAULT '0',
  `graph_template_item_id` int(12) unsigned NOT NULL DEFAULT '0',
  PRIMARY KEY (`graph_template_input_id`,`graph_template_item_id`),
  KEY `graph_template_input_id` (`graph_template_input_id`)
) ENGINE=MyISAM DEFAULT CHARSET=utf8 COMMENT='Stores the relationship for what graph iitems are associated';
/*!40101 SET character_set_client = @saved_cs_client */;

--
-- Dumping data for table `graph_template_input_defs`
--

LOCK TABLES `graph_template_input_defs` WRITE;
/*!40000 ALTER TABLE `graph_template_input_defs` DISABLE KEYS */;
INSERT INTO `graph_template_input_defs` VALUES (999,5726),(999,5727),(999,5728),(999,5729),(1000,5722),(1000,5723),(1000,5724),(1000,5725),(1001,5718),(1001,5719),(1001,5720),(1001,5721),(1002,5717),(1008,5758),(1008,5759),(1008,5760),(1008,5761),(1009,5754),(1009,5755),(1009,5756),(1009,5757),(1010,5750),(1010,5751),(1010,5752),(1010,5753),(1019,5788),(1019,5789),(1019,5790),(1019,5791),(1020,5796),(1020,5797),(1020,5798),(1020,5799),(1021,5792),(1021,5793),(1021,5794),(1021,5795),(1022,5808),(1022,5809),(1022,5810),(1022,5811),(1023,5804),(1023,5805),(1023,5806),(1023,5807),(1024,5800),(1024,5801),(1024,5802),(1024,5803),(1025,5824),(1025,5825),(1025,5826),(1025,5827),(1026,5820),(1026,5821),(1026,5822),(1026,5823),(1027,5816),(1027,5817),(1027,5818),(1027,5819),(1028,5812),(1028,5813),(1028,5814),(1028,5815),(1029,5844),(1029,5845),(1029,5846),(1029,5847),(1030,5840),(1030,5841),(1030,5842),(1030,5843),(1031,5836),(1031,5837),(1031,5838),(1031,5839),(1032,5832),(1032,5833),(1032,5834),(1032,5835),(1033,5828),(1033,5829),(1033,5830),(1033,5831),(1034,5868),(1034,5869),(1034,5870),(1034,5871),(1035,5864),(1035,5865),(1035,5866),(1035,5867),(1036,5860),(1036,5861),(1036,5862),(1036,5863),(1037,5856),(1037,5857),(1037,5858),(1037,5859),(1038,5852),(1038,5853),(1038,5854),(1038,5855),(1039,5848),(1039,5849),(1039,5850),(1039,5851),(1040,5896),(1040,5897),(1040,5898),(1040,5899),(1041,5892),(1041,5893),(1041,5894),(1041,5895),(1042,5888),(1042,5889),(1042,5890),(1042,5891),(1043,5884),(1043,5885),(1043,5886),(1043,5887),(1044,5880),(1044,5881),(1044,5882),(1044,5883),(1045,5876),(1045,5877),(1045,5878),(1045,5879),(1046,5872),(1046,5873),(1046,5874),(1046,5875),(1047,5928),(1047,5929),(1047,5930),(1047,5931),(1048,5924),(1048,5925),(1048,5926),(1048,5927),(1049,5920),(1049,5921),(1049,5922),(1049,5923),(1050,5916),(1050,5917),(1050,5918),(1050,5919),(1051,5912),(1051,5913),(1051,5914),(1051,5915),(1052,5908),(1052,5909),(1052,5910),(1052,5911),(1053,5904),(1053,5905),(1053,5906),(1053,5907),(1054,5900),(1054,5901),(1054,5902),(1054,5903),(1055,5964),(1055,5965),(1055,5966),(1055,5967),(1056,5960),(1056,5961),(1056,5962),(1056,5963),(1057,5956),(1057,5957),(1057,5958),(1057,5959),(1058,5952),(1058,5953),(1058,5954),(1058,5955),(1059,5948),(1059,5949),(1059,5950),(1059,5951),(1060,5944),(1060,5945),(1060,5946),(1060,5947),(1061,5940),(1061,5941),(1061,5942),(1061,5943),(1062,5936),(1062,5937),(1062,5938),(1062,5939),(1063,5932),(1063,5933),(1063,5934),(1063,5935),(1064,6004),(1064,6005),(1064,6006),(1064,6007),(1065,6000),(1065,6001),(1065,6002),(1065,6003),(1066,5996),(1066,5997),(1066,5998),(1066,5999),(1067,5992),(1067,5993),(1067,5994),(1067,5995),(1068,5988),(1068,5989),(1068,5990),(1068,5991),(1069,5984),(1069,5985),(1069,5986),(1069,5987),(1070,5980),(1070,5981),(1070,5982),(1070,5983),(1071,5976),(1071,5977),(1071,5978),(1071,5979),(1072,5972),(1072,5973),(1072,5974),(1072,5975),(1073,5968),(1073,5969),(1073,5970),(1073,5971),(1074,6048),(1074,6049),(1074,6050),(1074,6051),(1075,6044),(1075,6045),(1075,6046),(1075,6047),(1076,6040),(1076,6041),(1076,6042),(1076,6043),(1077,6036),(1077,6037),(1077,6038),(1077,6039),(1078,6032),(1078,6033),(1078,6034),(1078,6035),(1079,6028),(1079,6029),(1079,6030),(1079,6031),(1080,6024),(1080,6025),(1080,6026),(1080,6027),(1081,6020),(1081,6021),(1081,6022),(1081,6023),(1082,6016),(1082,6017),(1082,6018),(1082,6019),(1083,6012),(1083,6013),(1083,6014),(1083,6015),(1084,6008),(1084,6009),(1084,6010),(1084,6011),(1085,6096),(1085,6097),(1085,6098),(1085,6099),(1086,6092),(1086,6093),(1086,6094),(1086,6095),(1087,6088),(1087,6089),(1087,6090),(1087,6091),(1088,6084),(1088,6085),(1088,6086),(1088,6087),(1089,6080),(1089,6081),(1089,6082),(1089,6083),(1090,6076),(1090,6077),(1090,6078),(1090,6079),(1091,6072),(1091,6073),(1091,6074),(1091,6075),(1092,6068),(1092,6069),(1092,6070),(1092,6071),(1093,6064),(1093,6065),(1093,6066),(1093,6067),(1094,6060),(1094,6061),(1094,6062),(1094,6063),(1095,6056),(1095,6057),(1095,6058),(1095,6059),(1096,6052),(1096,6053),(1096,6054),(1096,6055),(1097,6148),(1097,6149),(1097,6150),(1097,6151),(1098,6144),(1098,6145),(1098,6146),(1098,6147),(1099,6140),(1099,6141),(1099,6142),(1099,6143),(1100,6136),(1100,6137),(1100,6138),(1100,6139),(1101,6132),(1101,6133),(1101,6134),(1101,6135),(1102,6128),(1102,6129),(1102,6130),(1102,6131),(1103,6124),(1103,6125),(1103,6126),(1103,6127),(1104,6120),(1104,6121),(1104,6122),(1104,6123),(1105,6116),(1105,6117),(1105,6118),(1105,6119),(1106,6112),(1106,6113),(1106,6114),(1106,6115),(1107,6108),(1107,6109),(1107,6110),(1107,6111),(1108,6104),(1108,6105),(1108,6106),(1108,6107),(1109,6100),(1109,6101),(1109,6102),(1109,6103),(1110,6204),(1110,6205),(1110,6206),(1110,6207),(1111,6200),(1111,6201),(1111,6202),(1111,6203),(1112,6196),(1112,6197),(1112,6198),(1112,6199),(1113,6192),(1113,6193),(1113,6194),(1113,6195),(1114,6188),(1114,6189),(1114,6190),(1114,6191),(1115,6184),(1115,6185),(1115,6186),(1115,6187),(1116,6180),(1116,6181),(1116,6182),(1116,6183),(1117,6176),(1117,6177),(1117,6178),(1117,6179),(1118,6172),(1118,6173),(1118,6174),(1118,6175),(1119,6168),(1119,6169),(1119,6170),(1119,6171),(1120,6164),(1120,6165),(1120,6166),(1120,6167),(1121,6160),(1121,6161),(1121,6162),(1121,6163),(1122,6156),(1122,6157),(1122,6158),(1122,6159),(1123,6152),(1123,6153),(1123,6154),(1123,6155),(1124,6264),(1124,6265),(1124,6266),(1124,6267),(1125,6260),(1125,6261),(1125,6262),(1125,6263),(1126,6256),(1126,6257),(1126,6258),(1126,6259),(1127,6252),(1127,6253),(1127,6254),(1127,6255),(1128,6232),(1128,6233),(1128,6234),(1128,6235),(1129,6236),(1129,6237),(1129,6238),(1129,6239),(1130,6240),(1130,6241),(1130,6242),(1130,6243),(1131,6244),(1131,6245),(1131,6246),(1131,6247),(1132,6248),(1132,6249),(1132,6250),(1132,6251),(1133,6228),(1133,6229),(1133,6230),(1133,6231),(1134,6224),(1134,6225),(1134,6226),(1134,6227),(1135,6220),(1135,6221),(1135,6222),(1135,6223),(1136,6216),(1136,6217),(1136,6218),(1136,6219),(1137,6212),(1137,6213),(1137,6214),(1137,6215),(1138,6208),(1138,6209),(1138,6210),(1138,6211),(1139,6272),(1139,6273),(1139,6274),(1139,6275),(1140,6268),(1140,6269),(1140,6270),(1140,6271),(1141,6280),(1141,6281),(1141,6282),(1141,6283),(1142,6276),(1142,6277),(1142,6278),(1142,6279),(1143,6284),(1143,6285),(1143,6286),(1143,6287),(1308,7239),(1308,7240),(1308,7241),(1308,7242),(1309,7243),(1309,7244),(1309,7245),(1309,7246),(1310,7247),(1310,7248),(1310,7249),(1310,7250),(1311,7251),(1311,7252),(1311,7253),(1311,7254),(1312,7255),(1312,7256),(1312,7257),(1312,7258),(1313,7259),(1313,7260),(1313,7261),(1313,7262),(1314,7263),(1314,7264),(1314,7265),(1314,7266),(1315,7267),(1315,7268),(1315,7269),(1315,7270),(1316,7271),(1316,7272),(1316,7273),(1316,7274),(1317,7275),(1317,7276),(1317,7277),(1317,7278),(1318,7279),(1318,7280),(1318,7281),(1318,7282),(1319,7283),(1319,7284),(1319,7285),(1319,7286),(1320,7287),(1320,7288),(1320,7289),(1320,7290),(1321,7291),(1321,7292),(1321,7293),(1321,7294),(1322,7295),(1322,7296),(1322,7297),(1322,7298),(1323,7299),(1323,7300),(1323,7301),(1323,7302),(1324,7303),(1324,7304),(1324,7305),(1324,7306),(1325,7307),(1325,7308),(1325,7309),(1325,7310),(1326,7311),(1326,7312),(1326,7313),(1326,7314),(1327,7315),(1327,7316),(1327,7317),(1327,7318),(1328,7319),(1328,7320),(1328,7321),(1328,7322),(1329,7323),(1329,7324),(1329,7325),(1329,7326),(1330,7327),(1330,7328),(1330,7329),(1330,7330),(1331,7331),(1331,7332),(1331,7333),(1331,7334),(1332,7335),(1332,7336),(1332,7337),(1332,7338),(1333,7339),(1333,7340),(1333,7341),(1333,7342),(1334,7343),(1334,7344),(1334,7345),(1334,7346),(1335,7347),(1335,7348),(1335,7349),(1335,7350),(1336,7351),(1336,7352),(1336,7353),(1336,7354),(1337,7355),(1337,7356),(1337,7357),(1337,7358),(1338,7359),(1338,7360),(1338,7361),(1338,7362),(1339,7363),(1339,7364),(1339,7365),(1339,7366),(1340,7367),(1340,7368),(1340,7369),(1340,7370),(1341,7371),(1341,7372),(1341,7373),(1341,7374),(1342,7375),(1342,7376),(1342,7377),(1342,7378),(1343,7379),(1343,7380),(1343,7381),(1343,7382),(1344,7383),(1344,7384),(1344,7385),(1344,7386),(1345,7387),(1345,7388),(1345,7389),(1345,7390),(1346,7391),(1346,7392),(1346,7393),(1346,7394),(1347,7395),(1347,7396),(1347,7397),(1347,7398),(1348,7399),(1348,7400),(1348,7401),(1348,7402),(1349,7403),(1349,7404),(1349,7405),(1349,7406),(1350,7407),(1350,7408),(1350,7409),(1350,7410),(1351,7411),(1351,7412),(1351,7413),(1351,7414),(1352,7415),(1352,7416),(1352,7417),(1352,7418),(1353,7419),(1353,7420),(1353,7421),(1353,7422),(1354,7423),(1354,7424),(1354,7425),(1354,7426),(1355,7427),(1355,7428),(1355,7429),(1355,7430),(1356,7431),(1356,7432),(1356,7433),(1356,7434),(1357,7435),(1357,7436),(1357,7437),(1357,7438),(1358,7439),(1358,7440),(1358,7441),(1358,7442),(1359,7443),(1359,7444),(1359,7445),(1359,7446),(1360,7447),(1360,7448),(1360,7449),(1360,7450),(1361,7451),(1361,7452),(1361,7453),(1361,7454),(1362,7455),(1362,7456),(1362,7457),(1362,7458),(1363,7459),(1363,7460),(1363,7461),(1363,7462),(1364,7463),(1364,7464),(1364,7465),(1364,7466),(1365,7467),(1365,7468),(1365,7469),(1365,7470),(1366,7471),(1366,7472),(1366,7473),(1366,7474),(1367,7475),(1367,7476),(1367,7477),(1367,7478),(1368,7479),(1368,7480),(1368,7481),(1368,7482),(1369,7483),(1369,7484),(1369,7485),(1369,7486),(1370,7487),(1370,7488),(1370,7489),(1370,7490),(1371,7491),(1371,7492),(1371,7493),(1371,7494),(1372,7495),(1372,7496),(1372,7497),(1372,7498),(1373,7499),(1373,7500),(1373,7501),(1373,7502),(1374,7503),(1374,7504),(1374,7505),(1374,7506),(1375,7507),(1375,7508),(1375,7509),(1375,7510),(1376,7511),(1376,7512),(1376,7513),(1376,7514),(1377,7515),(1377,7516),(1377,7517),(1377,7518),(1378,7519),(1378,7520),(1378,7521),(1378,7522),(1379,7523),(1379,7524),(1379,7525),(1379,7526),(1380,7527),(1380,7528),(1380,7529),(1380,7530),(1381,7531),(1381,7532),(1381,7533),(1381,7534),(1382,7535),(1382,7536),(1382,7537),(1382,7538),(1383,7539),(1383,7540),(1383,7541),(1383,7542),(1384,7543),(1384,7544),(1384,7545),(1384,7546),(1385,7547),(1385,7548),(1385,7549),(1385,7550),(1386,7551),(1386,7552),(1386,7553),(1386,7554),(1387,7555),(1387,7556),(1387,7557),(1387,7558),(1388,7559),(1388,7560),(1388,7561),(1388,7562),(1389,7563),(1389,7564),(1389,7565),(1389,7566),(1390,7567),(1390,7568),(1390,7569),(1390,7570),(1391,7571),(1391,7572),(1391,7573),(1391,7574),(1392,7575),(1392,7576),(1392,7577),(1392,7578),(1393,7579),(1393,7580),(1393,7581),(1393,7582),(1394,7583),(1394,7584),(1394,7585),(1394,7586),(1395,7587),(1395,7588),(1395,7589),(1395,7590),(1396,7591),(1396,7592),(1396,7593),(1396,7594),(1397,7595),(1397,7596),(1397,7597),(1397,7598),(1398,7599),(1398,7600),(1398,7601),(1398,7602),(1399,7603),(1399,7604),(1399,7605),(1399,7606),(1400,7607),(1400,7608),(1400,7609),(1400,7610),(1401,7611),(1401,7612),(1401,7613),(1401,7614),(1402,7615),(1402,7616),(1402,7617),(1402,7618),(1403,7619),(1403,7620),(1403,7621),(1403,7622),(1404,7623),(1404,7624),(1404,7625),(1404,7626),(1405,7627),(1405,7628),(1405,7629),(1405,7630),(1406,7631),(1406,7632),(1406,7633),(1406,7634),(1407,7635),(1407,7636),(1407,7637),(1407,7638),(1408,7639),(1408,7640),(1408,7641),(1408,7642),(1409,7643),(1409,7644),(1409,7645),(1409,7646),(1410,7647),(1410,7648),(1410,7649),(1410,7650),(1411,7651),(1411,7652),(1411,7653),(1411,7654),(1412,7655),(1412,7656),(1412,7657),(1412,7658),(1413,7659),(1413,7660),(1413,7661),(1413,7662),(1414,7663),(1414,7664),(1414,7665),(1414,7666),(1415,7667),(1415,7668),(1415,7669),(1415,7670),(1416,7671),(1416,7672),(1416,7673),(1416,7674),(1417,7675),(1417,7676),(1417,7677),(1417,7678),(1418,7679),(1418,7680),(1418,7681),(1418,7682),(1419,7683),(1419,7684),(1419,7685),(1419,7686),(1420,7687),(1420,7688),(1420,7689),(1420,7690),(1421,7691),(1421,7692),(1421,7693),(1421,7694),(1422,7695),(1422,7696),(1422,7697),(1422,7698),(1423,7699),(1423,7700),(1423,7701),(1423,7702),(1424,7703),(1424,7704),(1424,7705),(1424,7706),(1425,7707),(1425,7708),(1425,7709),(1425,7710),(1426,7711),(1426,7712),(1426,7713),(1426,7714),(1427,7715),(1427,7716),(1427,7717),(1427,7718),(1428,7719),(1429,7720),(1430,7721),(1430,7722),(1430,7723),(1430,7724),(1431,7725),(1431,7726),(1431,7727),(1431,7728),(1432,7729),(1432,7730),(1432,7731),(1432,7732),(1433,7733),(1433,7734),(1433,7735),(1433,7736),(1434,7737),(1434,7738),(1434,7739),(1434,7740),(1435,7741),(1435,7742),(1435,7743),(1435,7744),(1436,7745),(1436,7746),(1436,7747),(1436,7748),(1437,7749),(1437,7750),(1437,7751),(1437,7752),(1438,7753),(1438,7754),(1438,7755),(1438,7756),(1439,7757),(1439,7758),(1439,7759),(1439,7760),(1440,7761),(1440,7762),(1440,7763),(1440,7764),(1441,7765),(1441,7766),(1441,7767),(1441,7768),(1442,7769),(1442,7770),(1442,7771),(1442,7772),(1443,7773),(1443,7774),(1443,7775),(1443,7776),(1444,7777),(1444,7778),(1444,7779),(1444,7780),(1445,7781),(1445,7782),(1445,7783),(1445,7784),(1446,7785),(1446,7786),(1446,7787),(1446,7788),(1447,7789),(1447,7790),(1447,7791),(1447,7792),(1448,7793),(1448,7794),(1448,7795),(1448,7796),(1449,7797),(1449,7798),(1449,7799),(1449,7800),(1450,7801),(1450,7802),(1450,7803),(1450,7804),(1451,7805),(1451,7806),(1451,7807),(1451,7808),(1452,7809),(1452,7810),(1452,7811),(1452,7812),(1453,7813),(1453,7814),(1453,7815),(1453,7816),(1454,7817),(1454,7818),(1454,7819),(1454,7820),(1455,7821),(1455,7822),(1455,7823),(1455,7824),(1456,7825),(1456,7826),(1456,7827),(1456,7828),(1457,7829),(1457,7830),(1457,7831),(1457,7832),(1458,7833),(1458,7834),(1458,7835),(1458,7836),(1459,7837),(1459,7838),(1459,7839),(1459,7840),(1460,7841),(1460,7842),(1460,7843),(1460,7844),(1461,7845),(1461,7846),(1461,7847),(1461,7848),(1462,7849),(1462,7850),(1462,7851),(1462,7852),(1463,7853),(1463,7854),(1463,7855),(1463,7856),(1464,7857),(1464,7858),(1464,7859),(1464,7860),(1465,7861),(1465,7862),(1465,7863),(1465,7864),(1466,7865),(1466,7866),(1466,7867),(1466,7868),(1467,7869),(1467,7870),(1467,7871),(1467,7872),(1468,7873),(1468,7874),(1468,7875),(1468,7876),(1469,7877),(1469,7878),(1469,7879),(1469,7880),(1470,7881),(1470,7882),(1470,7883),(1470,7884),(1471,7885),(1471,7886),(1471,7887),(1471,7888),(1472,7889),(1472,7890),(1472,7891),(1472,7892),(1473,7893),(1473,7894),(1473,7895),(1473,7896),(1474,7897),(1474,7898),(1474,7899),(1474,7900),(1475,7901),(1475,7902),(1475,7903),(1475,7904),(1476,7905),(1476,7906),(1476,7907),(1476,7908),(1477,7909),(1477,7910),(1477,7911),(1477,7912),(1478,7913),(1478,7914),(1478,7915),(1478,7916),(1479,7917),(1479,7918),(1479,7919),(1479,7920),(1480,7921),(1480,7922),(1480,7923),(1480,7924),(1481,7925),(1481,7926),(1481,7927),(1481,7928),(1482,7929),(1482,7930),(1482,7931),(1482,7932),(1483,7933),(1483,7934),(1483,7935),(1483,7936),(1484,7937),(1484,7938),(1484,7939),(1484,7940),(1485,7941),(1485,7942),(1485,7943),(1485,7944),(1486,7945),(1486,7946),(1486,7947),(1486,7948),(1487,7949),(1487,7950),(1487,7951),(1487,7952),(1488,7953),(1488,7954),(1488,7955),(1488,7956),(1489,7957),(1489,7958),(1489,7959),(1489,7960),(1490,7961),(1490,7962),(1490,7963),(1490,7964),(1491,7965),(1491,7966),(1491,7967),(1491,7968),(1492,7969),(1492,7970),(1492,7971),(1492,7972),(1493,7973),(1493,7974),(1493,7975),(1493,7976),(1494,7977),(1494,7978),(1494,7979),(1494,7980),(1495,7981),(1495,7982),(1495,7983),(1495,7984),(1496,7985),(1496,7986),(1496,7987),(1496,7988),(1497,7989),(1497,7990),(1497,7991),(1497,7992),(1498,7993),(1498,7994),(1498,7995),(1498,7996),(1499,7997),(1499,7998),(1499,7999),(1499,8000),(1500,8001),(1500,8002),(1500,8003),(1500,8004),(1501,8005),(1501,8006),(1501,8007),(1501,8008),(1502,8009),(1502,8010),(1502,8011),(1502,8012),(1503,8013),(1503,8014),(1503,8015),(1503,8016),(1504,8017),(1504,8018),(1504,8019),(1504,8020),(1505,8021),(1505,8022),(1505,8023),(1505,8024),(1506,8025),(1506,8026),(1506,8027),(1506,8028),(1507,8029),(1507,8030),(1507,8031),(1507,8032),(1508,8033),(1508,8034),(1508,8035),(1508,8036),(1509,8037),(1509,8038),(1509,8039),(1509,8040),(1510,8041),(1510,8042),(1510,8043),(1510,8044),(1511,8045),(1511,8046),(1511,8047),(1511,8048),(1512,8049),(1512,8050),(1512,8051),(1512,8052),(1513,8053),(1513,8054),(1513,8055),(1513,8056),(1514,8057),(1514,8058),(1514,8059),(1514,8060),(1515,8061),(1515,8062),(1515,8063),(1515,8064),(1516,8065),(1516,8066),(1516,8067),(1516,8068),(1517,8069),(1517,8070),(1517,8071),(1517,8072),(1518,8073),(1518,8074),(1518,8075),(1518,8076),(1519,8077),(1519,8078),(1519,8079),(1519,8080),(1520,8081),(1520,8082),(1520,8083),(1520,8084),(1521,8085),(1521,8086),(1521,8087),(1521,8088),(1522,8089),(1522,8090),(1522,8091),(1522,8092),(1523,8093),(1523,8094),(1523,8095),(1523,8096),(1524,8097),(1524,8098),(1524,8099),(1524,8100),(1525,8101),(1525,8102),(1525,8103),(1525,8104),(1526,8105),(1526,8106),(1526,8107),(1526,8108),(1527,8109),(1527,8110),(1527,8111),(1527,8112),(1528,8113),(1528,8114),(1528,8115),(1528,8116),(1529,8117),(1529,8118),(1529,8119),(1529,8120),(1530,8121),(1530,8122),(1530,8123),(1530,8124),(1531,8125),(1531,8126),(1531,8127),(1531,8128),(1532,8129),(1532,8130),(1532,8131),(1532,8132),(1533,8133),(1533,8134),(1533,8135),(1533,8136),(1534,8137),(1534,8138),(1534,8139),(1534,8140),(1535,8141),(1535,8142),(1535,8143),(1535,8144),(1536,8145),(1536,8146),(1536,8147),(1536,8148),(1537,8149),(1537,8150),(1537,8151),(1537,8152),(1538,8153),(1538,8154),(1538,8155),(1538,8156),(1539,8157),(1539,8158),(1539,8159),(1539,8160),(1540,8161),(1540,8162),(1540,8163),(1540,8164),(1541,8165),(1541,8166),(1541,8167),(1541,8168),(1542,8169),(1542,8170),(1542,8171),(1542,8172),(1543,8173),(1543,8174),(1543,8175),(1543,8176),(1544,8177),(1544,8178),(1544,8179),(1544,8180),(1545,8181),(1545,8182),(1545,8183),(1545,8184),(1546,8185),(1546,8186),(1546,8187),(1546,8188),(1547,8189),(1547,8190),(1547,8191),(1547,8192),(1548,8193),(1548,8194),(1548,8195),(1548,8196),(1549,8197),(1549,8198),(1549,8199),(1549,8200),(1550,8201),(1550,8202),(1550,8203),(1550,8204),(1551,8205),(1551,8206),(1551,8207),(1551,8208),(1552,8209),(1552,8210),(1552,8211),(1552,8212),(1553,8213),(1553,8214),(1553,8215),(1553,8216),(1554,8217),(1554,8218),(1554,8219),(1554,8220),(1555,8221),(1555,8222),(1555,8223),(1555,8224),(1556,8225),(1556,8226),(1556,8227),(1556,8228),(1557,8229),(1557,8230),(1557,8231),(1557,8232),(1558,8233),(1558,8234),(1558,8235),(1558,8236),(1559,8237),(1559,8238),(1559,8239),(1559,8240),(1560,8241),(1560,8242),(1560,8243),(1560,8244),(1561,8245),(1561,8246),(1561,8247),(1561,8248),(1562,8249),(1562,8250),(1562,8251),(1562,8252),(1563,8253),(1563,8254),(1563,8255),(1563,8256),(1564,8257),(1564,8258),(1564,8259),(1564,8260),(1565,8261),(1565,8262),(1565,8263),(1565,8264),(1566,8265),(1566,8266),(1566,8267),(1566,8268),(1567,8269),(1567,8270),(1567,8271),(1567,8272),(1568,8273),(1568,8274),(1568,8275),(1568,8276),(1569,8277),(1569,8278),(1569,8279),(1569,8280),(1570,8281),(1570,8282),(1570,8283),(1570,8284),(1571,8285),(1571,8286),(1571,8287),(1571,8288),(1572,8289),(1572,8290),(1572,8291),(1572,8292),(1573,8293),(1573,8294),(1573,8295),(1573,8296),(1574,8297),(1574,8298),(1574,8299),(1574,8300),(1575,8301),(1575,8302),(1575,8303),(1575,8304),(1576,8305),(1576,8306),(1576,8307),(1576,8308),(1577,8309),(1577,8310),(1577,8311),(1577,8312),(1578,8313),(1578,8314),(1578,8315),(1578,8316),(1579,8317),(1579,8318),(1579,8319),(1579,8320),(1580,8321),(1580,8322),(1580,8323),(1580,8324),(1581,8325),(1581,8326),(1581,8327),(1581,8328),(1582,8329),(1582,8330),(1582,8331),(1582,8332),(1583,8333),(1583,8334),(1583,8335),(1583,8336),(1584,8337),(1584,8338),(1584,8339),(1584,8340),(1585,8341),(1585,8342),(1585,8343),(1585,8344),(1586,8345),(1586,8346),(1586,8347),(1586,8348),(1587,8349),(1587,8350),(1587,8351),(1587,8352),(1588,8353),(1588,8354),(1588,8355),(1588,8356),(1589,8357),(1589,8358),(1589,8359),(1589,8360),(1590,8361),(1590,8362),(1590,8363),(1590,8364),(1591,8365),(1591,8366),(1591,8367),(1591,8368),(1592,8369),(1592,8370),(1592,8371),(1592,8372),(1593,8373),(1593,8374),(1593,8375),(1593,8376),(1594,8377),(1594,8378),(1594,8379),(1594,8380),(1595,8381),(1595,8382),(1595,8383),(1595,8384),(1600,8406),(1601,8407),(1601,8408),(1601,8409),(1601,8410),(1602,8411),(1602,8412),(1602,8413),(1602,8414),(1603,8415),(1603,8416),(1603,8417),(1603,8418);
/*!40000 ALTER TABLE `graph_template_input_defs` ENABLE KEYS */;
UNLOCK TABLES;

--
-- Table structure for table `graph_templates`
--

DROP TABLE IF EXISTS `graph_templates`;
/*!40101 SET @saved_cs_client     = @@character_set_client */;
/*!40101 SET character_set_client = utf8 */;
CREATE TABLE `graph_templates` (
  `id` mediumint(8) unsigned NOT NULL AUTO_INCREMENT,
  `hash` char(32) NOT NULL DEFAULT '',
  `name` char(255) NOT NULL DEFAULT '',
  PRIMARY KEY (`id`),
  KEY `name` (`name`)
) ENGINE=MyISAM AUTO_INCREMENT=298 DEFAULT CHARSET=utf8 COMMENT='Contains each graph template name.';
/*!40101 SET character_set_client = @saved_cs_client */;

--
-- Dumping data for table `graph_templates`
--

LOCK TABLES `graph_templates` WRITE;
/*!40000 ALTER TABLE `graph_templates` DISABLE KEYS */;
INSERT INTO `graph_templates` VALUES (248,'131017a91f453b4d9cb1d96a88167fba','Linux - Disk Util% - 15 cols'),(247,'64cc37df1d20eff5207b52ce5bc80a6e','Linux - Disk Util% - 14 cols'),(246,'f084339cb5f96f2475b481cc0e6b91c1','Linux - Disk Util% - 13 cols'),(245,'f17b3e7d90fbd984bc5637851f4c0ce2','Linux - Disk Util% - 12 cols'),(244,'277b0c295b31c2998747c773366ec236','Linux - Disk Util% - 11 cols'),(243,'76566045b452dff2a40b5e6734dac6da','Linux - Disk Util% - 10 cols'),(242,'7bca69130bd3ddea1a09555c35d2c4d9','Linux - Disk Util% - 9 cols'),(241,'c645c32afc8891b179875c0c716dcb8e','Linux - Disk Util% - 8 cols'),(240,'d838ed580d4479ce4f257dd7e8656d4d','Linux - Disk Util% - 7 cols'),(239,'1b241a7f3cfcd7407e35f5cafde019e3','Linux - Disk Util% - 6 cols'),(238,'bbb5df43d32bba607cf4c27037017b69','Linux - Disk Util% - 5 cols'),(237,'fbd29d1f30cf2dd84e1f7f8a725df272','Linux - Disk Util% - 4 cols'),(236,'f952e9c49814fbbf313f4217ee3b9f0a','Linux - Disk Util% - 3 cols'),(219,'0a20757355c73ff29627fc04119acc9f','Linux - Disk Response'),(218,'ae803b2dee7752827af602eea4f3ce71','Linux - Disk MBs'),(217,'4f8b64ba2fa6c10ffe620b53d4c411f1','Linux - Disk IO/sec'),(216,'5a122f04999ebfeea662e249bc41e210','Linux - Disk Busy% - 15 cols'),(215,'e5f174e4ba20b2ed6aaa20e6770fce0c','Linux - Disk Busy% - 14 cols'),(235,'2f6f210b2a3d0adda66012b9a8dfc41f','Linux - Disk Util% - 2 cols'),(234,'59130a1d4bd7bfb00da886bd234a08bc','Linux - Disk Util% - 1 cols'),(233,'0efe251145ec233aa9648ade2bcc72a4','Linux - Network Drop - net_dev'),(297,'497517776fd8e9b9215699e202258258','WIN - CPU% (Total)'),(271,'75f411ce1cfee9826972a899142a246d','WIN - Network Transfer Traffic - 2 cols'),(232,'0b48a2efc4e3550779d91e2f1f5ba000','Linux - Network Error - net_dev'),(231,'b2b5a7cdfacb2f910d374bc7b70e0d3b','Linux - Network Packet - net_dev'),(230,'cc1275201347eb2dc72655119b4542ec','Linux - Network Traffic - net_dev'),(86,'3250582f99c0c35c86d70289ea9288d6','__root__'),(295,'d30b43638f8a99edd2fdd362642104be','WIN - Disk - Response'),(294,'ee8972c94ab548ce032dfec02da5f3b4','WIN - Disk - byte/s'),(293,'6f783f41131e322f836041664cf602a4','WIN - Disk - cmd/s'),(292,'2b0c538d8fcecd1254d3ec9a3b3006ec','WIN - Disk - busy% - 15 cols'),(229,'ceac266302730332828636dc0102f78f','Linux - Network Transfer Traffic - net_dev - 5 cols'),(228,'8d4f249ba52ace1ffe078350aeb17cc2','Linux - Network Transfer Traffic - net_dev - 4 cols'),(227,'a2e543e7de0c28f2defc9bf0ab3dc168','Linux - Network Transfer Traffic - net_dev - 3 cols'),(226,'c900f5d310fc9a98df5de264e778e69b','Linux - Network Transfer Traffic - net_dev - 2 cols'),(214,'bed3a8b302374da7a65b7665dbbe87d0','Linux - Disk Busy% - 13 cols'),(291,'97a882d8975a140671d22a920f1a56cb','WIN - Disk - busy% - 14 cols'),(290,'248818c2cb379f976e1dd55e3a686dce','WIN - Disk - busy% - 13 cols'),(270,'c859ded876715c7812085cf63dca540e','WIN - Network Transfer Traffic - 1 cols'),(269,'5f61223e66cc7bf52a2088d4c711fac5','WIN - Network Recieve Traffic - 5 cols'),(268,'7c56d52fefaa1beb6972764e64c1eab7','WIN - Network Recieve Traffic - 4 cols'),(267,'bd35ff2ef99ccbec38a8df4e3aa40d6b','WIN - Network Recieve Traffic - 3 cols'),(266,'4726d92bc4283bde1e292b59c2d02e7d','WIN - Network Recieve Traffic - 2 cols'),(265,'258beaf88baaeac95f6c82b306d9bfc5','WIN - Network Recieve Traffic - 1 cols'),(264,'c74c00ca26f0363c005cbffdbefeaafd','WIN - Memory Usage - bordered'),(289,'670a301be9cf1a98d2ae5a49ebdda189','WIN - Disk - busy% - 12 cols'),(288,'bcdf186253b63efc52d1514d0ffc0595','WIN - Disk - busy% - 11 cols'),(263,'aa7c443868381ae154614b93da8a0cfb','WIN - Disk Util% - 15 cols'),(262,'8f8c13449f707e8ab3bcbd7551c79159','WIN - Disk Util% - 14 cols'),(287,'63f3742e532b7dbcde8cb972883aa3da','WIN - Disk - busy% - 10 cols'),(261,'b507c28f7af97b22f884000ca1619bc7','WIN - Disk Util% - 13 cols'),(286,'7c45004a6dd129de6a5c5bfdcc72fb5a','WIN - Disk - busy% - 9 cols'),(213,'a658bf4c9acc03eecc133a2b1eb8f5cb','Linux - Disk Busy% - 12 cols'),(212,'8642e7ac0542703ed40694d7ac450743','Linux - Disk Busy% - 11 cols'),(211,'171cf94ebec1db73d228d47cc93f085b','Linux - Disk Busy% - 10 cols'),(210,'2f03ca6ee8de3207c5288c2bedccbe99','Linux - Disk Busy% - 9 cols'),(209,'d17fe15bdd8219918dbf96c3edd5d446','Linux - Disk Busy% - 8 cols'),(208,'0bf403e0081f8a59a70ac7df4017d480','Linux - Disk Busy% - 7 cols'),(225,'3e724d55d2bc2f32a4f364aa1febf345','Linux - Network Transfer Traffic - net_dev - 1 cols'),(224,'7cee36a1687984aec7ba527c0537b051','Linux - Network Recieve Traffic - net_dev - 5 cols'),(207,'4e09944a2bc869d0d7aac4f06e98a376','Linux - Disk Busy% - 6 cols'),(206,'17602d92033708b5d0a5c16d05b8b6f2','Linux - Disk Busy% - 5 cols'),(205,'904a9e336350a663847010f855bd0714','Linux - Disk Busy% - 4 cols'),(285,'88babb98698801432ddf33767bd41ecf','WIN - Disk - busy% - 8 cols'),(204,'df2e33c9b699ecefbfd950a5c6607f24','Linux - Disk Busy% - 3 cols'),(203,'29ee2475a766e33672f2c44b6ebc2e7c','Linux - Disk Busy% - 2 cols'),(202,'652645158867235ddf8e97548187085c','Linux - Disk Busy% - 1 cols'),(201,'bd20b20aba80b67364c6480805d1a1d4','Linux - Memory Detail - Linux'),(200,'fe47baa3cd6b8726f5883ba62659ba77','Linux - Memory Usage - Linux'),(199,'0ec081b74c4f42dd916777ae1d0041a1','Linux - CPU Load Average'),(198,'11055fe887f8e7f67da767c5343c8c89','Linux - Memory - swap rate'),(197,'3672b1573c9064b7ca1b22b9db40fbee','Linux - Memory - free'),(260,'7cbf052867cdb3e825617c1e6135a861','WIN - Disk Util% - 12 cols'),(259,'0a5054a8a2dae3afa8df47dc88754e30','WIN - Disk Util% - 11 cols'),(284,'0919b15b8d6de6f397ec66fabc334474','WIN - Disk - busy% - 7 cols'),(283,'a121f6988748b42964e955c467a6b184','WIN - Disk - busy% - 6 cols'),(223,'150170308e4a0866aceea26daa452729','Linux - Network Recieve Traffic - net_dev - 4 cols'),(222,'e2eebf70bf5c83b85619e80291bb9363','Linux - Network Recieve Traffic - net_dev - 3 cols'),(282,'0a22b6511b55c9209e584075dad7a3ce','WIN - Disk - busy% - 5 cols'),(281,'52b7f9c7ea932fb5f9ede441dc567085','WIN - Disk - busy% - 4 cols'),(280,'055b7e55f55ae1d03edc1051aac62f1e','WIN - Disk - busy% - 3 cols'),(279,'d21493c72d2327fd10171ac90c53b7a3','WIN - Disk - busy% - 2 cols'),(278,'79dd74b2183a1771af6ef7cf8b497056','WIN - Disk - busy% - 1 cols'),(277,'5e2c47a86eeb0a4210ba1fcbf51b2adc','WIN - Network Errors'),(276,'d42018b637fa5e3962b4f3c407ce91c7','WIN - Network Packets'),(275,'d04419d89a9d18fa4d334c829962ef60','WIN - Network Bytes'),(274,'39c89751eb8c43eb86e7c41bb78d98b4','WIN - Network Transfer Traffic - 5 cols'),(273,'e668894b14dd6174f32165ad1c05b01c','WIN - Network Transfer Traffic - 4 cols'),(272,'92c14d8a937817ec6065a3932893c506','WIN - Network Transfer Traffic - 3 cols'),(258,'f25dd0048c5097ceaf0ac713ee0f89de','WIN - Disk Util% - 10 cols'),(257,'720ec5b00c7420e01d15737af7caf851','WIN - Disk Util% - 9 cols'),(256,'ef1a6f2df3af08e2f29e3e115c8be603','WIN - Disk Util% - 8 cols'),(255,'e1510c2b0c78f77348fb7df3dbdefd7a','WIN - Disk Util% - 7 cols'),(254,'bc9c89b4f67cf9801b37cf5c88e01715','WIN - Disk Util% - 6 cols'),(253,'4c24128dd5e080b228cb54c8d76a9b96','WIN - Disk Util% - 5 cols'),(252,'de8d01489b80a2a21d696f06e2b16615','WIN - Disk Util% - 4 cols'),(251,'b6973880431dcd37bac7025033ba5ac6','WIN - Disk Util% - 3 cols'),(250,'cfbf09a49431b6ab3c084af1d022f378','WIN - Disk Util% - 2 cols'),(249,'6fc81ee32175b3d51e208b99a8e87277','WIN - Disk Util% - 1 cols'),(221,'bcd782c414ff52ed601b0539cf55459d','Linux - Network Recieve Traffic - net_dev - 2 cols'),(220,'116686cbcb05fc0be6cb8d0431f99f21','Linux - Network Recieve Traffic - net_dev - 1 cols'),(196,'6d0eebd806c7d518e4eb0dc1fb7ff800','Linux - CPU RunQue - vm'),(195,'81551aa7fc9ef6a1962ff9e33ecca463','Linux - CPU Util% - vm');
/*!40000 ALTER TABLE `graph_templates` ENABLE KEYS */;
UNLOCK TABLES;

--
-- Table structure for table `graph_templates_gprint`
--

DROP TABLE IF EXISTS `graph_templates_gprint`;
/*!40101 SET @saved_cs_client     = @@character_set_client */;
/*!40101 SET character_set_client = utf8 */;
CREATE TABLE `graph_templates_gprint` (
  `id` mediumint(8) unsigned NOT NULL AUTO_INCREMENT,
  `hash` varchar(32) NOT NULL DEFAULT '',
  `name` varchar(100) NOT NULL DEFAULT '',
  `gprint_text` varchar(255) DEFAULT NULL,
  PRIMARY KEY (`id`)
) ENGINE=MyISAM AUTO_INCREMENT=5 DEFAULT CHARSET=utf8;
/*!40101 SET character_set_client = @saved_cs_client */;

--
-- Dumping data for table `graph_templates_gprint`
--

LOCK TABLES `graph_templates_gprint` WRITE;
/*!40000 ALTER TABLE `graph_templates_gprint` DISABLE KEYS */;
INSERT INTO `graph_templates_gprint` VALUES (2,'e9c43831e54eca8069317a2ce8c6f751','Normal','%8.2lf %s'),(3,'19414480d6897c8731c7dc6c5310653e','Exact Numbers','%8.0lf'),(4,'304a778405392f878a6db435afffc1e9','Load Average','%8.2lf');
/*!40000 ALTER TABLE `graph_templates_gprint` ENABLE KEYS */;
UNLOCK TABLES;

--
-- Table structure for table `graph_templates_graph`
--

DROP TABLE IF EXISTS `graph_templates_graph`;
/*!40101 SET @saved_cs_client     = @@character_set_client */;
/*!40101 SET character_set_client = utf8 */;
CREATE TABLE `graph_templates_graph` (
  `id` mediumint(8) unsigned NOT NULL AUTO_INCREMENT,
  `local_graph_template_graph_id` mediumint(8) unsigned NOT NULL DEFAULT '0',
  `local_graph_id` mediumint(8) unsigned NOT NULL DEFAULT '0',
  `graph_template_id` mediumint(8) unsigned NOT NULL DEFAULT '0',
  `t_image_format_id` char(2) DEFAULT '0',
  `image_format_id` tinyint(1) NOT NULL DEFAULT '0',
  `t_title` char(2) DEFAULT '0',
  `title` varchar(255) NOT NULL DEFAULT '',
  `title_cache` varchar(255) NOT NULL DEFAULT '',
  `t_height` char(2) DEFAULT '0',
  `height` mediumint(8) NOT NULL DEFAULT '0',
  `t_width` char(2) DEFAULT '0',
  `width` mediumint(8) NOT NULL DEFAULT '0',
  `t_upper_limit` char(2) DEFAULT '0',
  `upper_limit` varchar(20) NOT NULL DEFAULT '0',
  `t_lower_limit` char(2) DEFAULT '0',
  `lower_limit` varchar(20) NOT NULL DEFAULT '0',
  `t_vertical_label` char(2) DEFAULT '0',
  `vertical_label` varchar(200) DEFAULT NULL,
  `t_slope_mode` char(2) DEFAULT '0',
  `slope_mode` char(2) DEFAULT 'on',
  `t_auto_scale` char(2) DEFAULT '0',
  `auto_scale` char(2) DEFAULT NULL,
  `t_auto_scale_opts` char(2) DEFAULT '0',
  `auto_scale_opts` tinyint(1) NOT NULL DEFAULT '0',
  `t_auto_scale_log` char(2) DEFAULT '0',
  `auto_scale_log` char(2) DEFAULT NULL,
  `t_scale_log_units` char(2) DEFAULT '0',
  `scale_log_units` char(2) DEFAULT NULL,
  `t_auto_scale_rigid` char(2) DEFAULT '0',
  `auto_scale_rigid` char(2) DEFAULT NULL,
  `t_auto_padding` char(2) DEFAULT '0',
  `auto_padding` char(2) DEFAULT NULL,
  `t_base_value` char(2) DEFAULT '0',
  `base_value` mediumint(8) NOT NULL DEFAULT '0',
  `t_grouping` char(2) DEFAULT '0',
  `grouping` char(2) NOT NULL DEFAULT '',
  `t_export` char(2) DEFAULT '0',
  `export` char(2) DEFAULT NULL,
  `t_unit_value` char(2) DEFAULT '0',
  `unit_value` varchar(20) DEFAULT NULL,
  `t_unit_exponent_value` char(2) DEFAULT '0',
  `unit_exponent_value` varchar(5) NOT NULL DEFAULT '',
  PRIMARY KEY (`id`),
  KEY `local_graph_id` (`local_graph_id`),
  KEY `graph_template_id` (`graph_template_id`),
  KEY `title_cache` (`title_cache`)
) ENGINE=MyISAM AUTO_INCREMENT=525 DEFAULT CHARSET=utf8 COMMENT='Stores the actual graph data.';
/*!40101 SET character_set_client = @saved_cs_client */;

--
-- Dumping data for table `graph_templates_graph`
--

LOCK TABLES `graph_templates_graph` WRITE;
/*!40000 ALTER TABLE `graph_templates_graph` DISABLE KEYS */;
INSERT INTO `graph_templates_graph` VALUES (505,0,0,294,'',1,'on','title','','',120,'',700,'','100','','0','','byte/sec','','on','','on','',2,'','','','','','','','on','',1000,'0','','','on','','','',''),(504,0,0,293,'',1,'on','title','','',120,'',700,'','100','','0','','io/sec','','on','','on','',2,'','','','','','','','on','',1000,'0','','','on','','','',''),(419,0,0,239,'',1,'on','title','','',120,'',700,'','100','','0','','percent','','on','','on','',2,'','','','','','','','on','',1000,'0','','','on','','','',''),(418,0,0,238,'',1,'on','title','','',120,'',700,'','100','','0','','percent','','on','','on','',2,'','','','','','','','on','',1000,'0','','','on','','','',''),(417,0,0,237,'',1,'on','title','','',120,'',700,'','100','','0','','percent','','on','','on','',2,'','','','','','','','on','',1000,'0','','','on','','','',''),(403,0,0,223,'',1,'on','title','','',120,'',700,'','100','','0','','byte/sec','','on','','on','',2,'','','','','','','','on','',1000,'0','','','on','','','',''),(402,0,0,222,'',1,'on','title','','',120,'',700,'','100','','0','','byte/sec','','on','','on','',2,'','','','','','','','on','',1000,'0','','','on','','','',''),(401,0,0,221,'',1,'on','title','','',120,'',700,'','100','','0','','byte/sec','','on','','on','',2,'','','','','','','','on','',1000,'0','','','on','','','',''),(400,0,0,220,'',1,'on','title','','',120,'',700,'','100','','0','','byte/sec','','on','','on','',2,'','','','','','','','on','',1000,'0','','','on','','','',''),(397,0,0,217,'',1,'on','title','','',120,'',700,'','100','','0','','io/sec','','on','','on','',2,'','','','','','','','on','',1000,'0','','','on','','','',''),(398,0,0,218,'',1,'on','title','','',120,'',700,'','100','','0','','byte/sec','','on','','on','',2,'','','','','','','','on','',1000,'0','','','on','','','',''),(399,0,0,219,'',1,'on','title','','',120,'',700,'','100','','0','','msec','','on','','on','',2,'','','','','','','','on','',1000,'0','','','on','','','',''),(396,0,0,216,'',1,'on','title','','',120,'',700,'','100','','0','','pct','','on','','on','',2,'','','','','','','','on','',1000,'0','','','on','','','',''),(395,0,0,215,'',1,'on','title','','',120,'',700,'','100','','0','','pct','','on','','on','',2,'','','','','','','','on','',1000,'0','','','on','','','',''),(394,0,0,214,'',1,'on','title','','',120,'',700,'','100','','0','','pct','','on','','on','',2,'','','','','','','','on','',1000,'0','','','on','','','',''),(393,0,0,213,'',1,'on','title','','',120,'',700,'','100','','0','','pct','','on','','on','',2,'','','','','','','','on','',1000,'0','','','on','','','',''),(392,0,0,212,'',1,'on','title','','',120,'',700,'','100','','0','','pct','','on','','on','',2,'','','','','','','','on','',1000,'0','','','on','','','',''),(391,0,0,211,'',1,'on','title','','',120,'',700,'','100','','0','','pct','','on','','on','',2,'','','','','','','','on','',1000,'0','','','on','','','',''),(390,0,0,210,'',1,'on','title','','',120,'',700,'','100','','0','','pct','','on','','on','',2,'','','','','','','','on','',1000,'0','','','on','','','',''),(389,0,0,209,'',1,'on','title','','',120,'',700,'','100','','0','','pct','','on','','on','',2,'','','','','','','','on','',1000,'0','','','on','','','',''),(388,0,0,208,'',1,'on','title','','',120,'',700,'','100','','0','','pct','','on','','on','',2,'','','','','','','','on','',1000,'0','','','on','','','',''),(387,0,0,207,'',1,'on','title','','',120,'',700,'','100','','0','','pct','','on','','on','',2,'','','','','','','','on','',1000,'0','','','on','','','',''),(382,0,0,202,'',1,'on','title','','',120,'',700,'','100','','0','','pct','','on','','on','',2,'','','','','','','','on','',1000,'0','','','on','','','',''),(383,0,0,203,'',1,'on','title','','',120,'',700,'','100','','0','','pct','','on','','on','',2,'','','','','','','','on','',1000,'0','','','on','','','',''),(384,0,0,204,'',1,'on','title','','',120,'',700,'','100','','0','','pct','','on','','on','',2,'','','','','','','','on','',1000,'0','','','on','','','',''),(385,0,0,205,'',1,'on','title','','',120,'',700,'','100','','0','','pct','','on','','on','',2,'','','','','','','','on','',1000,'0','','','on','','','',''),(386,0,0,206,'',1,'on','title','','',120,'',700,'','100','','0','','pct','','on','','on','',2,'','','','','','','','on','',1000,'0','','','on','','','',''),(416,0,0,236,'',1,'on','title','','',120,'',700,'','100','','0','','percent','','on','','on','',2,'','','','','','','','on','',1000,'0','','','on','','','',''),(415,0,0,235,'',1,'on','title','','',120,'',700,'','100','','0','','percent','','on','','on','',2,'','','','','','','','on','',1000,'0','','','on','','','',''),(414,0,0,234,'',1,'on','title','','',120,'',700,'','100','','0','','percent','','on','','on','',2,'','','','','','','','on','',1000,'0','','','on','','','',''),(413,0,0,233,'',1,'on','title','','',120,'',700,'','100','','0','','count/sec','','on','','on','',2,'','','','','','','','on','',1000,'0','','','on','','','',''),(412,0,0,232,'',1,'on','title','','',120,'',700,'','100','','0','','count/sec','','on','','on','',2,'','','','','','','','on','',1000,'0','','','on','','','',''),(411,0,0,231,'',1,'on','title','','',120,'',700,'','100','','0','','packet/sec','','on','','on','',2,'','','','','','','','on','',1000,'0','','','on','','','',''),(410,0,0,230,'',1,'on','title','','',120,'',700,'','100','','0','','byte/sec','','on','','on','',2,'','','','','','','','on','',1000,'0','','','on','','','',''),(381,0,0,201,'',1,'on','title','','',120,'',700,'','100','','0','','byte','','on','','on','',2,'','','','','','','','on','',1000,'0','','','on','','','',''),(99,0,0,86,'',1,'on','title','','',120,'',700,'','100','','0','','label','','on','','','',2,'','','','','','','','on','',1000,'0','','','on','','','',''),(409,0,0,229,'',1,'on','title','','',120,'',700,'','100','','0','','byte/sec','','on','','on','',2,'','','','','','','','on','',1000,'0','','','on','','','',''),(408,0,0,228,'',1,'on','title','','',120,'',700,'','100','','0','','byte/sec','','on','','on','',2,'','','','','','','','on','',1000,'0','','','on','','','',''),(407,0,0,227,'',1,'on','title','','',120,'',700,'','100','','0','','byte/sec','','on','','on','',2,'','','','','','','','on','',1000,'0','','','on','','','',''),(406,0,0,226,'',1,'on','title','','',120,'',700,'','100','','0','','byte/sec','','on','','on','',2,'','','','','','','','on','',1000,'0','','','on','','','',''),(379,0,0,199,'',1,'on','title','','',120,'',700,'','100','','0','','cnt','','on','','on','',2,'','','','','','','','on','',1000,'0','','','on','','','',''),(380,0,0,200,'',1,'on','title','','',120,'',700,'','100','','0','','byte','','on','','on','',2,'','','','','','','','on','',1000,'0','','','on','','','',''),(378,0,0,198,'',1,'on','title','','',120,'',700,'','100','','0','','count/sec','','on','','on','',2,'','','','','','','','on','',1000,'0','','','on','','','',''),(377,0,0,197,'',1,'on','title','','',120,'',700,'','100','','0','','byte','','on','','on','',2,'','','','','','','','on','',1000,'0','','','on','','','',''),(495,0,0,284,'',1,'on','title','','',120,'',700,'','100','','0','','percent','','on','','on','',2,'','','','','','','','on','',1000,'0','','','on','','','',''),(494,0,0,283,'',1,'on','title','','',120,'',700,'','100','','0','','percent','','on','','on','',2,'','','','','','','','on','',1000,'0','','','on','','','',''),(493,0,0,282,'',1,'on','title','','',120,'',700,'','100','','0','','percent','','on','','on','',2,'','','','','','','','on','',1000,'0','','','on','','','',''),(492,0,0,281,'',1,'on','title','','',120,'',700,'','100','','0','','percent','','on','','on','',2,'','','','','','','','on','',1000,'0','','','on','','','',''),(489,0,0,278,'',1,'on','title','','',120,'',700,'','100','','0','','percent','','on','','on','',2,'','','','','','','','on','',1000,'0','','','on','','','',''),(490,0,0,279,'',1,'on','title','','',120,'',700,'','100','','0','','percent','','on','','on','',2,'','','','','','','','on','',1000,'0','','','on','','','',''),(491,0,0,280,'',1,'on','title','','',120,'',700,'','100','','0','','percent','','on','','on','',2,'','','','','','','','on','',1000,'0','','','on','','','',''),(503,0,0,292,'',1,'on','title','','',120,'',700,'','100','','0','','percent','','on','','on','',2,'','','','','','','','on','',1000,'0','','','on','','','',''),(486,0,0,275,'',1,'on','title','','',120,'',700,'','100','','0','','byte/sec','','on','','on','',2,'','','','','','','','on','',1000,'0','','','on','','','',''),(487,0,0,276,'',1,'on','title','','',120,'',700,'','100','','0','','packet/sec','','on','','on','',2,'','','','','','','','on','',1000,'0','','','on','','','',''),(488,0,0,277,'',1,'on','title','','',120,'',700,'','100','','0','','count/sec','','on','','on','',2,'','','','','','','','on','',1000,'0','','','on','','','',''),(502,0,0,291,'',1,'on','title','','',120,'',700,'','100','','0','','percent','','on','','on','',2,'','','','','','','','on','',1000,'0','','','on','','','',''),(484,0,0,273,'',1,'on','title','','',120,'',700,'','100','','0','','byte/sec','','on','','on','',2,'','','','','','','','on','',1000,'0','','','on','','','',''),(485,0,0,274,'',1,'on','title','','',120,'',700,'','100','','0','','byte/sec','','on','','on','',2,'','','','','','','','on','',1000,'0','','','on','','','',''),(483,0,0,272,'',1,'on','title','','',120,'',700,'','100','','0','','byte/sec','','on','','on','',2,'','','','','','','','on','',1000,'0','','','on','','','',''),(481,0,0,270,'',1,'on','title','','',120,'',700,'','100','','0','','byte/sec','','on','','on','',2,'','','','','','','','on','',1000,'0','','','on','','','',''),(482,0,0,271,'',1,'on','title','','',120,'',700,'','100','','0','','byte/sec','','on','','on','',2,'','','','','','','','on','',1000,'0','','','on','','','',''),(477,0,0,266,'',1,'on','title','','',120,'',700,'','100','','0','','byte/sec','','on','','on','',2,'','','','','','','','on','',1000,'0','','','on','','','',''),(478,0,0,267,'',1,'on','title','','',120,'',700,'','100','','0','','byte/sec','','on','','on','',2,'','','','','','','','on','',1000,'0','','','on','','','',''),(479,0,0,268,'',1,'on','title','','',120,'',700,'','100','','0','','byte/sec','','on','','on','',2,'','','','','','','','on','',1000,'0','','','on','','','',''),(480,0,0,269,'',1,'on','title','','',120,'',700,'','100','','0','','byte/sec','','on','','on','',2,'','','','','','','','on','',1000,'0','','','on','','','',''),(476,0,0,265,'',1,'on','title','','',120,'',700,'','100','','0','','byte/sec','','on','','on','',2,'','','','','','','','on','',1000,'0','','','on','','','',''),(470,0,0,259,'',1,'on','title','','',120,'',700,'','100','','0','','percent','','on','','on','',2,'','','','','','','','on','',1000,'0','','','on','','','',''),(471,0,0,260,'',1,'on','title','','',120,'',700,'','100','','0','','percent','','on','','on','',2,'','','','','','','','on','',1000,'0','','','on','','','',''),(472,0,0,261,'',1,'on','title','','',120,'',700,'','100','','0','','percent','','on','','on','',2,'','','','','','','','on','',1000,'0','','','on','','','',''),(473,0,0,262,'',1,'on','title','','',120,'',700,'','100','','0','','percent','','on','','on','',2,'','','','','','','','on','',1000,'0','','','on','','','',''),(474,0,0,263,'',1,'on','title','','',120,'',700,'','100','','0','','percent','','on','','on','',2,'','','','','','','','on','',1000,'0','','','on','','','',''),(475,0,0,264,'',1,'on','title','','',120,'',700,'','100','','0','','byte','','on','','on','',2,'','','','','','','','on','',1000,'0','','','on','','','',''),(405,0,0,225,'',1,'on','title','','',120,'',700,'','100','','0','','byte/sec','','on','','on','',2,'','','','','','','','on','',1000,'0','','','on','','','',''),(501,0,0,290,'',1,'on','title','','',120,'',700,'','100','','0','','percent','','on','','on','',2,'','','','','','','','on','',1000,'0','','','on','','','',''),(500,0,0,289,'',1,'on','title','','',120,'',700,'','100','','0','','percent','','on','','on','',2,'','','','','','','','on','',1000,'0','','','on','','','',''),(499,0,0,288,'',1,'on','title','','',120,'',700,'','100','','0','','percent','','on','','on','',2,'','','','','','','','on','',1000,'0','','','on','','','',''),(498,0,0,287,'',1,'on','title','','',120,'',700,'','100','','0','','percent','','on','','on','',2,'','','','','','','','on','',1000,'0','','','on','','','',''),(497,0,0,286,'',1,'on','title','','',120,'',700,'','100','','0','','percent','','on','','on','',2,'','','','','','','','on','',1000,'0','','','on','','','',''),(496,0,0,285,'',1,'on','title','','',120,'',700,'','100','','0','','percent','','on','','on','',2,'','','','','','','','on','',1000,'0','','','on','','','',''),(469,0,0,258,'',1,'on','title','','',120,'',700,'','100','','0','','percent','','on','','on','',2,'','','','','','','','on','',1000,'0','','','on','','','',''),(468,0,0,257,'',1,'on','title','','',120,'',700,'','100','','0','','percent','','on','','on','',2,'','','','','','','','on','',1000,'0','','','on','','','',''),(467,0,0,256,'',1,'on','title','','',120,'',700,'','100','','0','','percent','','on','','on','',2,'','','','','','','','on','',1000,'0','','','on','','','',''),(466,0,0,255,'',1,'on','title','','',120,'',700,'','100','','0','','percent','','on','','on','',2,'','','','','','','','on','',1000,'0','','','on','','','',''),(465,0,0,254,'',1,'on','title','','',120,'',700,'','100','','0','','percent','','on','','on','',2,'','','','','','','','on','',1000,'0','','','on','','','',''),(464,0,0,253,'',1,'on','title','','',120,'',700,'','100','','0','','percent','','on','','on','',2,'','','','','','','','on','',1000,'0','','','on','','','',''),(463,0,0,252,'',1,'on','title','','',120,'',700,'','100','','0','','percent','','on','','on','',2,'','','','','','','','on','',1000,'0','','','on','','','',''),(462,0,0,251,'',1,'on','title','','',120,'',700,'','100','','0','','percent','','on','','on','',2,'','','','','','','','on','',1000,'0','','','on','','','',''),(461,0,0,250,'',1,'on','title','','',120,'',700,'','100','','0','','percent','','on','','on','',2,'','','','','','','','on','',1000,'0','','','on','','','',''),(460,0,0,249,'',1,'on','title','','',120,'',700,'','100','','0','','percent','','on','','on','',2,'','','','','','','','on','',1000,'0','','','on','','','',''),(404,0,0,224,'',1,'on','title','','',120,'',700,'','100','','0','','byte/sec','','on','','on','',2,'','','','','','','','on','',1000,'0','','','on','','','',''),(376,0,0,196,'',1,'on','title','','',120,'',700,'','100','','0','','count','','on','','on','',2,'','','','','','','','on','',1000,'0','','','on','','','',''),(375,0,0,195,'',1,'on','title','','',120,'',700,'','100','','0','','percent','','on','','','',2,'','','','','','','','on','',1000,'0','','','on','','','',''),(506,0,0,295,'',1,'on','title','','',120,'',700,'','100','','0','','msec','','on','','on','',2,'','','','','','','','on','',1000,'0','','','on','','','',''),(508,0,0,297,'',1,'on','title','','',120,'',700,'','100','','0','','percent','','on','','on','',2,'','','','','','','','on','',1000,'0','','','on','','','',''),(420,0,0,240,'',1,'on','title','','',120,'',700,'','100','','0','','percent','','on','','on','',2,'','','','','','','','on','',1000,'0','','','on','','','',''),(421,0,0,241,'',1,'on','title','','',120,'',700,'','100','','0','','percent','','on','','on','',2,'','','','','','','','on','',1000,'0','','','on','','','',''),(422,0,0,242,'',1,'on','title','','',120,'',700,'','100','','0','','percent','','on','','on','',2,'','','','','','','','on','',1000,'0','','','on','','','',''),(423,0,0,243,'',1,'on','title','','',120,'',700,'','100','','0','','percent','','on','','on','',2,'','','','','','','','on','',1000,'0','','','on','','','',''),(424,0,0,244,'',1,'on','title','','',120,'',700,'','100','','0','','percent','','on','','on','',2,'','','','','','','','on','',1000,'0','','','on','','','',''),(425,0,0,245,'',1,'on','title','','',120,'',700,'','100','','0','','percent','','on','','on','',2,'','','','','','','','on','',1000,'0','','','on','','','',''),(426,0,0,246,'',1,'on','title','','',120,'',700,'','100','','0','','percent','','on','','on','',2,'','','','','','','','on','',1000,'0','','','on','','','',''),(427,0,0,247,'',1,'on','title','','',120,'',700,'','100','','0','','percent','','on','','on','',2,'','','','','','','','on','',1000,'0','','','on','','','',''),(428,0,0,248,'',1,'on','title','','',120,'',700,'','100','','0','','percent','','on','','on','',2,'','','','','','','','on','',1000,'0','','','on','','','','');
/*!40000 ALTER TABLE `graph_templates_graph` ENABLE KEYS */;
UNLOCK TABLES;

--
-- Table structure for table `graph_templates_item`
--

DROP TABLE IF EXISTS `graph_templates_item`;
/*!40101 SET @saved_cs_client     = @@character_set_client */;
/*!40101 SET character_set_client = utf8 */;
CREATE TABLE `graph_templates_item` (
  `id` int(12) unsigned NOT NULL AUTO_INCREMENT,
  `hash` varchar(32) NOT NULL DEFAULT '',
  `local_graph_template_item_id` int(12) unsigned NOT NULL DEFAULT '0',
  `local_graph_id` mediumint(8) unsigned NOT NULL DEFAULT '0',
  `graph_template_id` mediumint(8) unsigned NOT NULL DEFAULT '0',
  `task_item_id` mediumint(8) unsigned NOT NULL DEFAULT '0',
  `color_id` mediumint(8) unsigned NOT NULL DEFAULT '0',
  `alpha` char(2) DEFAULT 'FF',
  `graph_type_id` tinyint(3) NOT NULL DEFAULT '0',
  `cdef_id` mediumint(8) unsigned NOT NULL DEFAULT '0',
  `consolidation_function_id` tinyint(2) NOT NULL DEFAULT '0',
  `text_format` varchar(255) DEFAULT NULL,
  `value` varchar(255) DEFAULT NULL,
  `hard_return` char(2) DEFAULT NULL,
  `gprint_id` mediumint(8) unsigned NOT NULL DEFAULT '0',
  `sequence` mediumint(8) unsigned NOT NULL DEFAULT '0',
  PRIMARY KEY (`id`),
  KEY `graph_template_id` (`graph_template_id`),
  KEY `local_graph_id` (`local_graph_id`),
  KEY `task_item_id` (`task_item_id`)
) ENGINE=MyISAM AUTO_INCREMENT=8591 DEFAULT CHARSET=utf8 COMMENT='Stores the actual graph item data.';
/*!40101 SET character_set_client = @saved_cs_client */;

--
-- Dumping data for table `graph_templates_item`
--

LOCK TABLES `graph_templates_item` WRITE;
/*!40000 ALTER TABLE `graph_templates_item` DISABLE KEYS */;
INSERT INTO `graph_templates_item` VALUES (6085,'a94d6ec8bf91c5bd7b4e0c438a0f1e72',0,0,213,295,0,'FF',9,0,4,'Current:','','',2,34),(6084,'3294b173c9ab947a0de3b71820519a2e',0,0,213,295,13,'FF',4,0,1,'pct','','',2,33),(6083,'4a18d70f2c37d1f195f4588f385b5562',0,0,213,293,0,'FF',9,0,3,'Maximum:','','on',2,32),(6082,'dc69f91494fe590543f07088ae210173',0,0,213,293,0,'FF',9,0,1,'Average:','','',2,31),(6081,'5d517b8c0cc311f4bf350a6ac77c56c0',0,0,213,293,0,'FF',9,0,4,'Current:','','',2,30),(6080,'d5ee76ea669936a6d51314fe2ed1fc87',0,0,213,293,20,'FF',4,0,1,'pct','','',2,29),(6079,'5f7fc5313a386d603c4e20ae650cfa13',0,0,213,291,0,'FF',9,0,3,'Maximum:','','on',2,28),(6076,'e0445a4e36b815c2babb41cf5909e5ab',0,0,213,291,8,'FF',4,0,1,'pct','','',2,25),(6077,'8545de90aa3c0775999c503bcec0440f',0,0,213,291,0,'FF',9,0,4,'Current:','','',2,26),(6078,'2be8ba83a67d50a0e1ba29d0ee6520f1',0,0,213,291,0,'FF',9,0,1,'Average:','','',2,27),(6863,'d6dad62014356e9e05ffac21af541857',0,0,247,224,0,'FF',9,0,3,'Maximum:','','on',2,40),(6862,'77ff7445653872f982aa69fb83c6eb51',0,0,247,224,0,'FF',9,0,1,'Average:','','',2,39),(6861,'eb522d59ca4750747d12f0c2b0490921',0,0,247,224,0,'FF',9,0,4,'Current:','','',2,38),(6860,'24dfcdbfbde358bd4060ee8cd1aba242',0,0,247,224,14,'FF',5,0,1,'usage','','',2,37),(6859,'ed0b82aa8b594d4aa9aef70c549d24d2',0,0,247,221,0,'FF',9,0,3,'Maximum:','','on',2,36),(6858,'f4da0e27b6d284176065cf7e310dded4',0,0,247,221,0,'FF',9,0,1,'Average:','','',2,35),(6857,'bdbd99319e3bfa4c4f507c5be7010c1f',0,0,247,221,0,'FF',9,0,4,'Current:','','',2,34),(6856,'9e6f89968af98c4076ea864c295b6a36',0,0,247,221,13,'FF',5,0,1,'usage','','',2,33),(6855,'9f23d0a7a75231513ec7940d39b25c3f',0,0,247,218,0,'FF',9,0,3,'Maximum:','','on',2,32),(6854,'22608e76a69c6897a137d248a6b541e1',0,0,247,218,0,'FF',9,0,1,'Average:','','',2,31),(6853,'0ada1c5215cf30e1b7976f23cd9d5f8c',0,0,247,218,0,'FF',9,0,4,'Current:','','',2,30),(6852,'92b13d7ddf23f0044d1c39775da9132c',0,0,247,218,20,'FF',5,0,1,'usage','','',2,29),(6851,'bc9593219f0b15ccd8421596f6e604d7',0,0,247,215,0,'FF',9,0,3,'Maximum:','','on',2,28),(6850,'28b061f5e6fb502274a49020f0cdeae3',0,0,247,215,0,'FF',9,0,1,'Average:','','',2,27),(6849,'ade9b18b264e9715af5de0a56152ea04',0,0,247,215,0,'FF',9,0,4,'Current:','','',2,26),(6848,'8a2b03c1b1d3fa2f1361ab6aa434c80e',0,0,247,215,8,'FF',5,0,1,'usage','','',2,25),(6847,'fe45dc15ac7b74feb7c82cb32964a3ee',0,0,247,212,0,'FF',9,0,3,'Maximum:','','on',2,24),(6846,'50b1f267a53a3dd0cb739979752c6565',0,0,247,212,0,'FF',9,0,1,'Average:','','',2,23),(6845,'21fa702b342f02cc9e7ddd2065f8e996',0,0,247,212,0,'FF',9,0,4,'Current:','','',2,22),(6844,'59be1a0e9474ba4bf592ebc7b9ea1f2d',0,0,247,212,7,'FF',5,0,1,'usage','','',2,21),(6843,'14ac053d2182925f303d1ddffd58346e',0,0,247,209,0,'FF',9,0,3,'Maximum:','','on',2,20),(6842,'2fb4a374177dfeb6afc507df4860fe6a',0,0,247,209,0,'FF',9,0,1,'Average:','','',2,19),(6841,'4269ec70b54ad239e7f93d2a9b76af04',0,0,247,209,0,'FF',9,0,4,'Current:','','',2,18),(6840,'998d1eb5660aac6c03957a956e0423bf',0,0,247,209,25,'FF',5,0,1,'usage','','',2,17),(6839,'70ea42e5e7635be4d73c20a87adcf6b7',0,0,247,206,0,'FF',9,0,3,'Maximum:','','on',2,16),(6838,'796d962d1f449c8d0ddf63aaabcf751d',0,0,247,206,0,'FF',9,0,1,'Average:','','',2,15),(6837,'cb38f42278f897375acd0d13f3c6b530',0,0,247,206,0,'FF',9,0,4,'Current:','','',2,14),(6836,'d61bc580268a42f19de65cb495e80bb1',0,0,247,206,35,'FF',5,0,1,'usage','','',2,13),(6835,'112c3dcf0c3b4765c0e0b9a6f8539dd2',0,0,247,203,0,'FF',9,0,3,'Maximum:','','on',2,12),(6834,'5b86f2446156bdf9403089b65734c258',0,0,247,203,0,'FF',9,0,1,'Average:','','',2,11),(6833,'a53c6148509286e5798b9c4692b2d2b1',0,0,247,203,0,'FF',9,0,4,'Current:','','',2,10),(6832,'075d07f3664c430036cbe81486c1da77',0,0,247,203,93,'FF',5,0,1,'usage','','',2,9),(6831,'37e075d064c0d3bd81626fb6d53a14d0',0,0,247,200,0,'FF',9,0,3,'Maximum:','','on',2,8),(6830,'6e2b9c09ad8e836ff83e8f1991feead1',0,0,247,200,0,'FF',9,0,1,'Average:','','',2,7),(6829,'c278977e5fcb54ecc14a829384e80756',0,0,247,200,0,'FF',9,0,4,'Current:','','',2,6),(6828,'3e4e99d2d41848d03c10b1ea9b27a9f0',0,0,247,200,48,'FF',5,0,1,'usage','','',2,5),(6827,'1e02c94fbc8ea64fc381267e1755101e',0,0,247,197,0,'FF',9,0,3,'Maximum:','','on',2,4),(6826,'e24e9da94c7ad35b722cb735618a8590',0,0,247,197,0,'FF',9,0,1,'Average:','','',2,3),(6825,'e5e07311e40dc971d01b70725ecd635b',0,0,247,197,0,'FF',9,0,4,'Current:','','',2,2),(6824,'e580545a8f0a73d67cd056828d8a9ef2',0,0,247,197,10,'FF',5,0,1,'usage','','',2,1),(6823,'5198655607bb6e08e23b5c482e225069',0,0,246,235,0,'FF',9,0,3,'Maximum:','','on',2,52),(6822,'142c9af5d87ae443eddb839798a7a6b3',0,0,246,235,0,'FF',9,0,1,'Average:','','',2,51),(6821,'4b37a9f88e1c23899a5bf8b25c395ee7',0,0,246,235,0,'FF',9,0,4,'Current:','','',2,50),(6820,'93faf2f952de64eb6acd146d98dd683d',0,0,246,235,17,'FF',5,0,1,'usage','','',2,49),(6819,'9713f57a946616c96c9bb96271df0064',0,0,246,232,0,'FF',9,0,3,'Maximum:','','on',2,48),(6818,'c52f28b60ba797b73118a95c7e211ca3',0,0,246,232,0,'FF',9,0,1,'Average:','','',2,47),(6817,'ee7d442b2bfb44cebed5aa266d43eef4',0,0,246,232,0,'FF',9,0,4,'Current:','','',2,46),(6816,'a83faaccc54446abfb2c1d0b0547da97',0,0,246,232,6,'FF',5,0,1,'usage','','',2,45),(6815,'2ad88cd475bc211645f64005617a06c9',0,0,246,229,0,'FF',9,0,3,'Maximum:','','on',2,44),(6814,'426e46941af775e0ec6e829d93f1367b',0,0,246,229,0,'FF',9,0,1,'Average:','','',2,43),(6813,'b90cb383be2893c4bd156cd2f5a3d1d8',0,0,246,229,0,'FF',9,0,4,'Current:','','',2,42),(6812,'60e45a84b50e1a2dd8c22f7e3c883558',0,0,246,229,16,'FF',5,0,1,'usage','','',2,41),(6811,'583d9c22ee071984508accedf26e79cf',0,0,246,224,0,'FF',9,0,3,'Maximum:','','on',2,40),(6810,'e34ef73dcc8e42526625022e6c11ca81',0,0,246,224,0,'FF',9,0,1,'Average:','','',2,39),(6809,'2be79a7ab45ebefb4c8872a8487c9107',0,0,246,224,0,'FF',9,0,4,'Current:','','',2,38),(6808,'dbe4dbe0311e11624006020e5ef3aee3',0,0,246,224,14,'FF',5,0,1,'usage','','',2,37),(6807,'2f5ff8ce19eef5b32d6dee85343dae2e',0,0,246,221,0,'FF',9,0,3,'Maximum:','','on',2,36),(6806,'01a7c39a9b5eb900ae86baff2eaac3c5',0,0,246,221,0,'FF',9,0,1,'Average:','','',2,35),(6805,'2c7a3a25f6be5c536d6316fa7597fb5c',0,0,246,221,0,'FF',9,0,4,'Current:','','',2,34),(6804,'929cd86171ebb26b3105a979e7b43ffb',0,0,246,221,13,'FF',5,0,1,'usage','','',2,33),(6803,'76866583416639e49c419be2291736c8',0,0,246,218,0,'FF',9,0,3,'Maximum:','','on',2,32),(6802,'26cc9c02bd7d1ed8c0cb2f0be2f2657e',0,0,246,218,0,'FF',9,0,1,'Average:','','',2,31),(6801,'deb4eae378b1c5dffb39b6e15d5f41cb',0,0,246,218,0,'FF',9,0,4,'Current:','','',2,30),(6800,'ca4cf54fceb56b4651fb88b4bae28311',0,0,246,218,20,'FF',5,0,1,'usage','','',2,29),(6799,'a121ed843edc82109da7078d65829e22',0,0,246,215,0,'FF',9,0,3,'Maximum:','','on',2,28),(6075,'d9a3a7f3c93a0887956b0dd007b1f344',0,0,213,289,0,'FF',9,0,3,'Maximum:','','on',2,24),(6074,'ae4b214f396ab971b770822dee08fd96',0,0,213,289,0,'FF',9,0,1,'Average:','','',2,23),(6073,'b736af20796923eb26ca025601a01387',0,0,213,289,0,'FF',9,0,4,'Current:','','',2,22),(6072,'1c7a4f09ee5b3d8fb0a847a3dafa93f4',0,0,213,289,7,'FF',4,0,1,'pct','','',2,21),(6071,'a253842df12b4d40347de478815bd8d0',0,0,213,287,0,'FF',9,0,3,'Maximum:','','on',2,20),(6070,'379f67f8d6860acf01b27ced904f122b',0,0,213,287,0,'FF',9,0,1,'Average:','','',2,19),(6069,'b54d1d8525d7f8f44604905f0adca88b',0,0,213,287,0,'FF',9,0,4,'Current:','','',2,18),(6068,'fa55526fc7185f63060e59f514c9de26',0,0,213,287,25,'FF',4,0,1,'pct','','',2,17),(6067,'9a835dda61ba78b8c3134dc01f87483d',0,0,213,285,0,'FF',9,0,3,'Maximum:','','on',2,16),(6066,'1c5b4ee6fb7a8e6f1be8ff9ad4b0667f',0,0,213,285,0,'FF',9,0,1,'Average:','','',2,15),(6065,'f66af55fd9f1384325a416f9801b7592',0,0,213,285,0,'FF',9,0,4,'Current:','','',2,14),(6064,'c610fb64e4150043218f9363669a277a',0,0,213,285,35,'FF',4,0,1,'pct','','',2,13),(6063,'961c5ccfda32ec47f7be431178f51fd2',0,0,213,283,0,'FF',9,0,3,'Maximum:','','on',2,12),(6062,'3f54936a125a3994afe0b5ec9434a8b6',0,0,213,283,0,'FF',9,0,1,'Average:','','',2,11),(6061,'5a9842b2af00e3a522d2edba2c383dd9',0,0,213,283,0,'FF',9,0,4,'Current:','','',2,10),(6058,'0d94f3a22f68e81e064a57ee7d6198a5',0,0,213,281,0,'FF',9,0,1,'Average:','','',2,7),(6059,'2f2fbbab6e00617f7f4ece9f7cdd15d3',0,0,213,281,0,'FF',9,0,3,'Maximum:','','on',2,8),(6060,'c9318533a8b8010446a6a50cbf9a0502',0,0,213,283,93,'FF',4,0,1,'pct','','',2,9),(6057,'e1c9740e6188915db9c8a729caeb40fb',0,0,213,281,0,'FF',9,0,4,'Current:','','',2,6),(6056,'05b7979173d4607cf6160869f77defe2',0,0,213,281,48,'FF',4,0,1,'pct','','',2,5),(6055,'3398b6c4176dfe375566fa74715f4b9b',0,0,213,279,0,'FF',9,0,3,'Maximum:','','on',2,4),(6054,'7ea879d960b7515e4824b6c68c060d6a',0,0,213,279,0,'FF',9,0,1,'Average:','','',2,3),(6051,'ad34a55e61c16b517a88a1ecb9c87f0e',0,0,212,299,0,'FF',9,0,3,'Maximum:','','on',2,44),(6052,'e51d683dc1b4a97804c98ddaa005c980',0,0,213,279,10,'FF',4,0,1,'pct','','',2,1),(6053,'add90bf7624fe2ac9467a2926e8b7d39',0,0,213,279,0,'FF',9,0,4,'Current:','','',2,2),(6050,'7ebf16c06f15e72ad36548feb9692bf0',0,0,212,299,0,'FF',9,0,1,'Average:','','',2,43),(6049,'521863cb97a93786186a53aba5eb58f5',0,0,212,299,0,'FF',9,0,4,'Current:','','',2,42),(6048,'2e4daff26670be043ac23b81a70b85da',0,0,212,299,16,'FF',4,0,1,'pct','','',2,41),(6047,'3f330d4933e877e8b93369558dfd7bd3',0,0,212,297,0,'FF',9,0,3,'Maximum:','','on',2,40),(6046,'790f190a3fd274ee4a7065e47ee2135d',0,0,212,297,0,'FF',9,0,1,'Average:','','',2,39),(6045,'0c2d36e215294682b2903801f55e613e',0,0,212,297,0,'FF',9,0,4,'Current:','','',2,38),(6044,'a3c4968c00343487101aa242d04a2d2a',0,0,212,297,14,'FF',4,0,1,'pct','','',2,37),(6043,'dc24999d6798e60d966674def658cd43',0,0,212,295,0,'FF',9,0,3,'Maximum:','','on',2,36),(6042,'dc27552b65dd6278d330d48ccb4cdc61',0,0,212,295,0,'FF',9,0,1,'Average:','','',2,35),(6041,'7d0f76baaea03a91e5d6a7e0e4b4a2ee',0,0,212,295,0,'FF',9,0,4,'Current:','','',2,34),(6040,'ec0b08ba4ce7e9fbfc04fa6dc9c17d7c',0,0,212,295,13,'FF',4,0,1,'pct','','',2,33),(6039,'4f2f986d37fa9dab17fb3cbe3dcd4d92',0,0,212,293,0,'FF',9,0,3,'Maximum:','','on',2,32),(6038,'0894bedce0d43452eced539878fa41a0',0,0,212,293,0,'FF',9,0,1,'Average:','','',2,31),(6037,'b9fa3dc02342766574751a70f28fb928',0,0,212,293,0,'FF',9,0,4,'Current:','','',2,30),(6036,'2cc5e3ad1950225baee2c938f2749011',0,0,212,293,20,'FF',4,0,1,'pct','','',2,29),(6035,'b257581c208f14086a8c96dbb1281001',0,0,212,291,0,'FF',9,0,3,'Maximum:','','on',2,28),(6034,'3dcfee743a57ea0cdfa588782e1eac92',0,0,212,291,0,'FF',9,0,1,'Average:','','',2,27),(6033,'acd4423a7716205c65a70337040fdfd1',0,0,212,291,0,'FF',9,0,4,'Current:','','',2,26),(6032,'71bea55fc3c52eb204dbf78e51f2c5e1',0,0,212,291,8,'FF',4,0,1,'pct','','',2,25),(6031,'09493dcf80a0c6dd693df0a489ca32a2',0,0,212,289,0,'FF',9,0,3,'Maximum:','','on',2,24),(6030,'8701ab7c988e33cf2da4dffd421eb26b',0,0,212,289,0,'FF',9,0,1,'Average:','','',2,23),(6029,'6d05492fbdcc7d510d8fdb069ddf2df2',0,0,212,289,0,'FF',9,0,4,'Current:','','',2,22),(6028,'ceb4a8e4fccac31fde5789c638acbe7e',0,0,212,289,7,'FF',4,0,1,'pct','','',2,21),(6027,'61a0e567eb0c995ff30ceef75b66ba02',0,0,212,287,0,'FF',9,0,3,'Maximum:','','on',2,20),(6026,'86dab98e36f29f4c29dca5cfb43f3381',0,0,212,287,0,'FF',9,0,1,'Average:','','',2,19),(6025,'d75d31cf17a5a14bba98c91bc46c993e',0,0,212,287,0,'FF',9,0,4,'Current:','','',2,18),(6024,'35e3faeb5ea5d0f26520f175ee1d35b9',0,0,212,287,25,'FF',4,0,1,'pct','','',2,17),(6023,'fbc9714a4da7a3317a938cb2a98d0fce',0,0,212,285,0,'FF',9,0,3,'Maximum:','','on',2,16),(6022,'bf0672137415788ccf94941b9e6e7de6',0,0,212,285,0,'FF',9,0,1,'Average:','','',2,15),(6021,'040096154e5e45aa60646bc3ebe55338',0,0,212,285,0,'FF',9,0,4,'Current:','','',2,14),(6020,'88f0e78f200740ba07651a5be25ffa94',0,0,212,285,35,'FF',4,0,1,'pct','','',2,13),(6019,'63219a2bccb8f3ef851f7847ef559957',0,0,212,283,0,'FF',9,0,3,'Maximum:','','on',2,12),(6018,'22350019e73585c31fa07aea125587cc',0,0,212,283,0,'FF',9,0,1,'Average:','','',2,11),(6017,'644d1dfa92a87387dfc6d1203f177cf8',0,0,212,283,0,'FF',9,0,4,'Current:','','',2,10),(6016,'92de2d411016ed5a55f592a34604028c',0,0,212,283,93,'FF',4,0,1,'pct','','',2,9),(6015,'a7fca16d1239bc117307401c703edb52',0,0,212,281,0,'FF',9,0,3,'Maximum:','','on',2,8),(6014,'feb12324bcf9aec01ffdb619c34c6ba4',0,0,212,281,0,'FF',9,0,1,'Average:','','',2,7),(6013,'7ad88548a465c7df6c0657415668be2c',0,0,212,281,0,'FF',9,0,4,'Current:','','',2,6),(6012,'7073ea5083471df26551613789a495fd',0,0,212,281,48,'FF',4,0,1,'pct','','',2,5),(6011,'354cb3c9d50a82a4b2fcd6e3d837d67d',0,0,212,279,0,'FF',9,0,3,'Maximum:','','on',2,4),(6010,'c66dc8f5ca155b7f9516166d56e98741',0,0,212,279,0,'FF',9,0,1,'Average:','','',2,3),(6009,'c9f020c3c376ade4c4179a9f76999c00',0,0,212,279,0,'FF',9,0,4,'Current:','','',2,2),(6008,'c9dd90e871da008adfb92dbdcebd4522',0,0,212,279,10,'FF',4,0,1,'pct','','',2,1),(6006,'68839ec10b03ffb21f41f4e3f99c488a',0,0,211,297,0,'FF',9,0,1,'Average:','','',2,39),(6007,'db2541d96ef490e8aedf7149d3136264',0,0,211,297,0,'FF',9,0,3,'Maximum:','','on',2,40),(6005,'ef74156170b655e2f109f80f061226fd',0,0,211,297,0,'FF',9,0,4,'Current:','','',2,38),(6004,'b87d88b3a934277a8151d95a37523416',0,0,211,297,14,'FF',4,0,1,'pct','','',2,37),(6798,'44c1cb2e09ab2d76a12d271f3ffee3ea',0,0,246,215,0,'FF',9,0,1,'Average:','','',2,27),(6797,'2d1da6076009297b180ea73251e95db3',0,0,246,215,0,'FF',9,0,4,'Current:','','',2,26),(6796,'21bdcb82dd9b9dcf55e513391aba1750',0,0,246,215,8,'FF',5,0,1,'usage','','',2,25),(6795,'8f1ade1eb210c5593d1125604a1c4919',0,0,246,212,0,'FF',9,0,3,'Maximum:','','on',2,24),(6794,'1393faaa5f5d9803e50a7918adda56c0',0,0,246,212,0,'FF',9,0,1,'Average:','','',2,23),(6793,'c5a556bde3ea339bb0aeeeafc4bf85c7',0,0,246,212,0,'FF',9,0,4,'Current:','','',2,22),(6792,'e57b822b46d25807a3a5427712a045dd',0,0,246,212,7,'FF',5,0,1,'usage','','',2,21),(6791,'18632705e9f71c95bd8b5bd41df35814',0,0,246,209,0,'FF',9,0,3,'Maximum:','','on',2,20),(6790,'6420d5b9c10a8ed6cbef5ad66206180f',0,0,246,209,0,'FF',9,0,1,'Average:','','',2,19),(6003,'7cf137f4a30ce5916d5410b28f5c550a',0,0,211,295,0,'FF',9,0,3,'Maximum:','','on',2,36),(6002,'f9465a622c69838bbf0070179e4902da',0,0,211,295,0,'FF',9,0,1,'Average:','','',2,35),(6001,'4e4596d2fc75aaed7b42d32194011cb7',0,0,211,295,0,'FF',9,0,4,'Current:','','',2,34),(6000,'6023e6a29258284f26bd2424b4cd0892',0,0,211,295,13,'FF',4,0,1,'pct','','',2,33),(5997,'face96953837829e5f44fc446d469ee0',0,0,211,293,0,'FF',9,0,4,'Current:','','',2,30),(5998,'e43cb518a094d878cd55ffa6c7c886ee',0,0,211,293,0,'FF',9,0,1,'Average:','','',2,31),(5999,'a7370029579177c8cd7a01b4b687472b',0,0,211,293,0,'FF',9,0,3,'Maximum:','','on',2,32),(6789,'79a24c4af92931a698937af405514dc8',0,0,246,209,0,'FF',9,0,4,'Current:','','',2,18),(6788,'bdc4673991657ff024c4e72795767e46',0,0,246,209,25,'FF',5,0,1,'usage','','',2,17),(6787,'e947798bdf1bc2551d630a5fa3b8bfaa',0,0,246,206,0,'FF',9,0,3,'Maximum:','','on',2,16),(6786,'758b12e5946220b0f30d33e9893b6a44',0,0,246,206,0,'FF',9,0,1,'Average:','','',2,15),(6785,'0d91dd7dbd99ee1bebbb24a219450705',0,0,246,206,0,'FF',9,0,4,'Current:','','',2,14),(6784,'9ef54077f4a62e577245961ae70d24f9',0,0,246,206,35,'FF',5,0,1,'usage','','',2,13),(6783,'1dbeb309067b08e6dc8f20dc7289c3d9',0,0,246,203,0,'FF',9,0,3,'Maximum:','','on',2,12),(6782,'809909d3661ea310d98be71edc01b4a5',0,0,246,203,0,'FF',9,0,1,'Average:','','',2,11),(6781,'f46840115cc74755687dbae90cc2f0e8',0,0,246,203,0,'FF',9,0,4,'Current:','','',2,10),(6780,'16df3e5cf51d7068a08ff17ff7461c15',0,0,246,203,93,'FF',5,0,1,'usage','','',2,9),(6779,'64ccc5819c9215ef0c50962a49c4a7b0',0,0,246,200,0,'FF',9,0,3,'Maximum:','','on',2,8),(6778,'3187d8599badf7a62aa89c0d7c558b97',0,0,246,200,0,'FF',9,0,1,'Average:','','',2,7),(6777,'001fb8665094628830ce0ea6c4a715ed',0,0,246,200,0,'FF',9,0,4,'Current:','','',2,6),(6776,'d731a0e24edd55aef2d36d441284cc38',0,0,246,200,48,'FF',5,0,1,'usage','','',2,5),(6775,'c9b220a0532af33ee62a4678a7f31b12',0,0,246,197,0,'FF',9,0,3,'Maximum:','','on',2,4),(6774,'ab623c0676619a20049f90170eea983d',0,0,246,197,0,'FF',9,0,1,'Average:','','',2,3),(6773,'7c0c32e5b8639a9fed82451f8262f7b8',0,0,246,197,0,'FF',9,0,4,'Current:','','',2,2),(6772,'c4bbb3f4aa37f6ac945e7429feea266c',0,0,246,197,10,'FF',5,0,1,'usage','','',2,1),(6771,'143dee2d1cb238e9801d58473ca0d6a2',0,0,245,232,0,'FF',9,0,3,'Maximum:','','on',2,48),(6770,'b60bab0d3cdc87000656200eb504707a',0,0,245,232,0,'FF',9,0,1,'Average:','','',2,47),(6769,'e34b67ea8e00c8d4db8b26e91f901e3c',0,0,245,232,0,'FF',9,0,4,'Current:','','',2,46),(6768,'c6cc1b6941c73e44df5983550c722cf5',0,0,245,232,6,'FF',5,0,1,'usage','','',2,45),(5996,'5818b5333ec27c0a1b49612e3ca98b81',0,0,211,293,20,'FF',4,0,1,'pct','','',2,29),(5995,'7a640466d4b6e6d2aaae75dcdff5b34e',0,0,211,291,0,'FF',9,0,3,'Maximum:','','on',2,28),(5994,'10f1495150bc6c327f085e8b2f0d7fed',0,0,211,291,0,'FF',9,0,1,'Average:','','',2,27),(5993,'361fcb4e5ef048ca1f6b49f958e3c20d',0,0,211,291,0,'FF',9,0,4,'Current:','','',2,26),(5992,'5b95209bc7410050eb2c299d8ef65168',0,0,211,291,8,'FF',4,0,1,'pct','','',2,25),(5991,'3a58c4e498360c1442b01907a857dce5',0,0,211,289,0,'FF',9,0,3,'Maximum:','','on',2,24),(5990,'c1de1ba92d4ec3dccfb44134c3150a8e',0,0,211,289,0,'FF',9,0,1,'Average:','','',2,23),(5989,'afd2082d9453c01b81ea33d7b6df3798',0,0,211,289,0,'FF',9,0,4,'Current:','','',2,22),(5988,'600e9baaadb6554923e036ffe03295ee',0,0,211,289,7,'FF',4,0,1,'pct','','',2,21),(5987,'d6570a7e2cf3f6a5fa9dce00eb303e78',0,0,211,287,0,'FF',9,0,3,'Maximum:','','on',2,20),(5986,'590d1dafb201ddbfda700b18048d08f3',0,0,211,287,0,'FF',9,0,1,'Average:','','',2,19),(5985,'bba9c59c2a0065d9d0cd8ebb83952c72',0,0,211,287,0,'FF',9,0,4,'Current:','','',2,18),(5984,'772dd69e76cc81a7cc5f2d44367563c8',0,0,211,287,25,'FF',4,0,1,'pct','','',2,17),(5983,'7c9d3eaec15c83385d1c5ec7095e6772',0,0,211,285,0,'FF',9,0,3,'Maximum:','','on',2,16),(5982,'a98575223c7cdccdaee70b19057e589b',0,0,211,285,0,'FF',9,0,1,'Average:','','',2,15),(5981,'ef2c705d45b700921ce1ca46e87fef32',0,0,211,285,0,'FF',9,0,4,'Current:','','',2,14),(5980,'f033209b08a45f86fafd0f5b91886de2',0,0,211,285,35,'FF',4,0,1,'pct','','',2,13),(5979,'15160cd828ddf78bf63380325ea50589',0,0,211,283,0,'FF',9,0,3,'Maximum:','','on',2,12),(5978,'b3729a4cca1cfe17f77e386f0133d129',0,0,211,283,0,'FF',9,0,1,'Average:','','',2,11),(5977,'36a0b7603627cf0f05116a15f2641846',0,0,211,283,0,'FF',9,0,4,'Current:','','',2,10),(5976,'24c4b7f6eac3796541bfeab48b6c10fb',0,0,211,283,93,'FF',4,0,1,'pct','','',2,9),(5975,'81071b481c8e014b5f23861658d589e9',0,0,211,281,0,'FF',9,0,3,'Maximum:','','on',2,8),(5974,'1ce768f481628e79f33293bb95f4f018',0,0,211,281,0,'FF',9,0,1,'Average:','','',2,7),(5973,'dd086248408a3b2d5c8b40fc810381f3',0,0,211,281,0,'FF',9,0,4,'Current:','','',2,6),(5972,'bee06cb0ee813bf09940fcc599bbd26f',0,0,211,281,48,'FF',4,0,1,'pct','','',2,5),(5971,'037946df98cb0759174ef84b16528227',0,0,211,279,0,'FF',9,0,3,'Maximum:','','on',2,4),(5970,'7db789a6bdbd40edd5b32b3067700149',0,0,211,279,0,'FF',9,0,1,'Average:','','',2,3),(5969,'8523b2fba64b15e4b6dcdc642f23188b',0,0,211,279,0,'FF',9,0,4,'Current:','','',2,2),(5968,'86325d1b1b9067a6f6410b0ccc6a1e27',0,0,211,279,10,'FF',4,0,1,'pct','','',2,1),(5967,'a7737da73b9d138de3972d0de898d5b8',0,0,210,295,0,'FF',9,0,3,'Maximum:','','on',2,36),(5966,'cf98a7faed6ae3fd1a86ed426da0dc1a',0,0,210,295,0,'FF',9,0,1,'Average:','','',2,35),(5965,'da5c4f72da27b44bb4814a3fe1b657cc',0,0,210,295,0,'FF',9,0,4,'Current:','','',2,34),(5964,'e886739d64003c402446cdb88c302608',0,0,210,295,13,'FF',4,0,1,'pct','','',2,33),(5963,'41389234eedc08cd711d9a51ec13a1eb',0,0,210,293,0,'FF',9,0,3,'Maximum:','','on',2,32),(5962,'aec875cd9ba55636069bdfe348fdee2b',0,0,210,293,0,'FF',9,0,1,'Average:','','',2,31),(5961,'a55bb8e55fad10f0415cc5c2bd3f8f0b',0,0,210,293,0,'FF',9,0,4,'Current:','','',2,30),(5960,'ece53f965f46d11df7c0662ed7b32c4c',0,0,210,293,20,'FF',4,0,1,'pct','','',2,29),(5959,'f5790b69c7b1c1771e0fe32ef8a7a34f',0,0,210,291,0,'FF',9,0,3,'Maximum:','','on',2,28),(5958,'f25ff582c3daa0cb10a3796a4ccce243',0,0,210,291,0,'FF',9,0,1,'Average:','','',2,27),(5957,'bcf09d5e8b601952ef411e2676c9e42e',0,0,210,291,0,'FF',9,0,4,'Current:','','',2,26),(5956,'cb715193145442181d540f527ecf8860',0,0,210,291,8,'FF',4,0,1,'pct','','',2,25),(5955,'e4f6a7bab739628af1f7cb03446e6625',0,0,210,289,0,'FF',9,0,3,'Maximum:','','on',2,24),(5954,'c1d9f30481e5bc0fee80dc9631ddd097',0,0,210,289,0,'FF',9,0,1,'Average:','','',2,23),(5953,'a766e02c2ad2a00475e2d15d5e671d79',0,0,210,289,0,'FF',9,0,4,'Current:','','',2,22),(5952,'6026dfe5f49e24ee2d933bd7ecedd33c',0,0,210,289,7,'FF',4,0,1,'pct','','',2,21),(5951,'f9ae47c2be7932651f25ffa04e68e3c9',0,0,210,287,0,'FF',9,0,3,'Maximum:','','on',2,20),(5950,'3299e818c4a3a728845b33552bf404b2',0,0,210,287,0,'FF',9,0,1,'Average:','','',2,19),(5949,'6871bd8dd021b76888d0fc7decd88618',0,0,210,287,0,'FF',9,0,4,'Current:','','',2,18),(5948,'9b5b81cda5d29a8fe2d48e0792e00ca1',0,0,210,287,25,'FF',4,0,1,'pct','','',2,17),(5947,'84fa0685e86bf43d73934392fc1a25c2',0,0,210,285,0,'FF',9,0,3,'Maximum:','','on',2,16),(5946,'7c77ad455de40d2db2417b59a3d00829',0,0,210,285,0,'FF',9,0,1,'Average:','','',2,15),(5945,'9c3a8ca96b785af8f3127fefd71c2d55',0,0,210,285,0,'FF',9,0,4,'Current:','','',2,14),(5944,'0ebae2579bb1ea8eb64df2e4f26e25d4',0,0,210,285,35,'FF',4,0,1,'pct','','',2,13),(5943,'884a8ee76e2f792acabc9f08845324f4',0,0,210,283,0,'FF',9,0,3,'Maximum:','','on',2,12),(5942,'ee1454a79e3b9a866a5290eb8f35908d',0,0,210,283,0,'FF',9,0,1,'Average:','','',2,11),(5941,'2ff24ece16b2e0c1fb887ab15ffe25ed',0,0,210,283,0,'FF',9,0,4,'Current:','','',2,10),(5940,'3a36f675f3ff5ffa7d33dac5770ef43b',0,0,210,283,93,'FF',4,0,1,'pct','','',2,9),(5939,'10ba5d110ae9b7266b36b3f884497b00',0,0,210,281,0,'FF',9,0,3,'Maximum:','','on',2,8),(5938,'78eedbfd99f6bde27516a2937a824216',0,0,210,281,0,'FF',9,0,1,'Average:','','',2,7),(5937,'8037ee3fc54cb409632089c0f4dd3390',0,0,210,281,0,'FF',9,0,4,'Current:','','',2,6),(5936,'5fc9eb68fc3d76c8328e1435bf977d29',0,0,210,281,48,'FF',4,0,1,'pct','','',2,5),(5935,'8b9efe7128223afb6174345c37e62391',0,0,210,279,0,'FF',9,0,3,'Maximum:','','on',2,4),(5934,'d784194f9a1961bc00bc495b22a41d71',0,0,210,279,0,'FF',9,0,1,'Average:','','',2,3),(5933,'dd56b7ccedf78953d18e7c2edfacea22',0,0,210,279,0,'FF',9,0,4,'Current:','','',2,2),(5932,'fee29c58ff50dde499a4e05af981e542',0,0,210,279,10,'FF',4,0,1,'pct','','',2,1),(5931,'c0441828d396e2586060b849af7954df',0,0,209,293,0,'FF',9,0,3,'Maximum:','','on',2,32),(5930,'46b013cd82bc23f111b109d6c420b351',0,0,209,293,0,'FF',9,0,1,'Average:','','',2,31),(5929,'8c4f128ee8cbc39f58803008f0fcd3a7',0,0,209,293,0,'FF',9,0,4,'Current:','','',2,30),(5928,'7a5f72e739f1cfd7ac617dbbb206abc3',0,0,209,293,20,'FF',4,0,1,'pct','','',2,29),(5927,'264e87ab23edfa1535b5457c8e482d58',0,0,209,291,0,'FF',9,0,3,'Maximum:','','on',2,28),(5926,'8e860568634f66aa20d964c2fff71ab3',0,0,209,291,0,'FF',9,0,1,'Average:','','',2,27),(5925,'2be5dcf73edef848f2badc1d9f458e0c',0,0,209,291,0,'FF',9,0,4,'Current:','','',2,26),(5924,'ff106165b19f3039b7091d321dae0e7d',0,0,209,291,8,'FF',4,0,1,'pct','','',2,25),(5923,'47663ae705661e994277fd0022c0a057',0,0,209,289,0,'FF',9,0,3,'Maximum:','','on',2,24),(5922,'924b9af2557361d89100459b89afad64',0,0,209,289,0,'FF',9,0,1,'Average:','','',2,23),(5921,'4e31a5688afb36847a00c6fd67e7fb7a',0,0,209,289,0,'FF',9,0,4,'Current:','','',2,22),(5920,'698da01a0ac95b5c1462bff9c00da7dc',0,0,209,289,7,'FF',4,0,1,'pct','','',2,21),(5919,'32718e2e75546def29592fd40a39b245',0,0,209,287,0,'FF',9,0,3,'Maximum:','','on',2,20),(5918,'d301511546aa2aee0e57f48112654700',0,0,209,287,0,'FF',9,0,1,'Average:','','',2,19),(5917,'4f5cedd572f683f1c7aac569f2d40ad5',0,0,209,287,0,'FF',9,0,4,'Current:','','',2,18),(5916,'8afee40b4701729a52bd100f60f01acc',0,0,209,287,25,'FF',4,0,1,'pct','','',2,17),(8560,'1d822ba89cc13e075a43a17a38ea8d7d',0,0,297,0,0,'FF',9,12,4,'Current:','','',2,15),(8562,'0be2fd7d3643d43e95f6cdf388309b88',0,0,297,0,0,'FF',9,12,1,'Average:','','',2,16),(8564,'6823413f31ad7656065671ab66152777',0,0,297,0,0,'FF',9,12,3,'Maximum:','','on',2,17),(8566,'9bf5fffb22a7beed5f6308056a14d5ba',0,0,195,0,1,'FF',4,12,1,'Total','','',2,14),(8570,'3c13df07f3d3c801bf1deac42f4a11d2',0,0,195,0,0,'FF',9,12,1,'Average:','','',2,16),(8572,'624f22b794cc59828924b81f70f9b533',0,0,195,0,0,'FF',9,12,3,'Maximum:','','on',2,17),(8558,'701e6654c903ca666e41b89511183ab2',0,0,297,0,1,'FF',1,12,1,'Total','','',2,14),(6767,'3c68a49ebee8eee9470d2603ed77b04e',0,0,245,229,0,'FF',9,0,3,'Maximum:','','on',2,44),(6766,'47a3ca1021f80087c295840f8235ae8d',0,0,245,229,0,'FF',9,0,1,'Average:','','',2,43),(6765,'648268144f60698e638ca6b18cdc2345',0,0,245,229,0,'FF',9,0,4,'Current:','','',2,42),(6764,'592b320f6fec00c4be771b8a0a62736d',0,0,245,229,16,'FF',5,0,1,'usage','','',2,41),(6763,'2b93d69d3597d238475563f223990559',0,0,245,224,0,'FF',9,0,3,'Maximum:','','on',2,40),(6762,'1ce4fac497ad9a35ac07e2ede75136cb',0,0,245,224,0,'FF',9,0,1,'Average:','','',2,39),(6761,'8609f3752e3cff307c128f97b2faa905',0,0,245,224,0,'FF',9,0,4,'Current:','','',2,38),(6760,'42f23145ade7462de591823b951d1e72',0,0,245,224,14,'FF',5,0,1,'usage','','',2,37),(6759,'1f9a886d64d418e6a2c58e2c057a10e0',0,0,245,221,0,'FF',9,0,3,'Maximum:','','on',2,36),(6758,'3fed97e15266ece16233e08a68f7872e',0,0,245,221,0,'FF',9,0,1,'Average:','','',2,35),(6757,'7f351c241a361ba833301e2eb58b31f1',0,0,245,221,0,'FF',9,0,4,'Current:','','',2,34),(6756,'ff039c74a074046ec627a43c8fb0f421',0,0,245,221,13,'FF',5,0,1,'usage','','',2,33),(6755,'f2e147cc45c3be01d318cd7fedff7397',0,0,245,218,0,'FF',9,0,3,'Maximum:','','on',2,32),(6754,'1a4a90750468e2fdf4a63537d3378a96',0,0,245,218,0,'FF',9,0,1,'Average:','','',2,31),(6753,'a27f2531213312ddb72c454e06d4bf56',0,0,245,218,0,'FF',9,0,4,'Current:','','',2,30),(6752,'2a720893359851fc9267ca66afd84099',0,0,245,218,20,'FF',5,0,1,'usage','','',2,29),(6751,'0a8538e837bf5b385e995530ae15d94d',0,0,245,215,0,'FF',9,0,3,'Maximum:','','on',2,28),(6750,'2619b571eefc8c4403102c3e215b1471',0,0,245,215,0,'FF',9,0,1,'Average:','','',2,27),(6749,'a7cb4a56fbc6b6a43eb102bba0c6a934',0,0,245,215,0,'FF',9,0,4,'Current:','','',2,26),(6748,'da65a14e502488eebd49d47cc4a06075',0,0,245,215,8,'FF',5,0,1,'usage','','',2,25),(6747,'80e437f732a15df6b8029c18dfd45d7c',0,0,245,212,0,'FF',9,0,3,'Maximum:','','on',2,24),(6746,'5e5af45c1b7ba47a5f3b424276023b12',0,0,245,212,0,'FF',9,0,1,'Average:','','',2,23),(6745,'6ec3bd9caff197aca95fd5e5a6e5fe4b',0,0,245,212,0,'FF',9,0,4,'Current:','','',2,22),(6744,'faa6865a7a00d82ce82c86144abd4ac6',0,0,245,212,7,'FF',5,0,1,'usage','','',2,21),(6743,'0da8d050e8f8316391147cf9160f2833',0,0,245,209,0,'FF',9,0,3,'Maximum:','','on',2,20),(6742,'704c158e055ed7fbea228d4ef51f378f',0,0,245,209,0,'FF',9,0,1,'Average:','','',2,19),(6741,'9e160a108bf1e66ba681e34fc401a290',0,0,245,209,0,'FF',9,0,4,'Current:','','',2,18),(6740,'c2378603de819d9f6cbc0fcc13f0b6d8',0,0,245,209,25,'FF',5,0,1,'usage','','',2,17),(6739,'7bcad5026fac4b694b9a3addfa4a74ed',0,0,245,206,0,'FF',9,0,3,'Maximum:','','on',2,16),(6738,'cab3c1e7345fdb608aee316f5d325912',0,0,245,206,0,'FF',9,0,1,'Average:','','',2,15),(6737,'fd5d9ad2e3450a2f8dd8d8d4fad98886',0,0,245,206,0,'FF',9,0,4,'Current:','','',2,14),(6736,'9593a8114271c54df36cad374cda6f84',0,0,245,206,35,'FF',5,0,1,'usage','','',2,13),(6735,'29a25c78335d9d83bd6aff0ce209940b',0,0,245,203,0,'FF',9,0,3,'Maximum:','','on',2,12),(6734,'7269aee508190daf6a2183eb67ff6962',0,0,245,203,0,'FF',9,0,1,'Average:','','',2,11),(6733,'57e1408c7380d0db6fce2316bc746507',0,0,245,203,0,'FF',9,0,4,'Current:','','',2,10),(6732,'dcf2c02215107d16e8776d5ec4566127',0,0,245,203,93,'FF',5,0,1,'usage','','',2,9),(6731,'159682f69cab9c8edeb41cee7fd0601e',0,0,245,200,0,'FF',9,0,3,'Maximum:','','on',2,8),(6730,'5e9afca2c91f0de5691631e7e44624ee',0,0,245,200,0,'FF',9,0,1,'Average:','','',2,7),(6729,'f46fe779cc377d5166a75beebd1001c9',0,0,245,200,0,'FF',9,0,4,'Current:','','',2,6),(6728,'de8f7efe3c62b1a9656c429ece3bdd6d',0,0,245,200,48,'FF',5,0,1,'usage','','',2,5),(6727,'a7a31980c7bc2b232f492231b75cc641',0,0,245,197,0,'FF',9,0,3,'Maximum:','','on',2,4),(6726,'b417f36d5098a37c5b5beeff94ef149b',0,0,245,197,0,'FF',9,0,1,'Average:','','',2,3),(6725,'1d41e6939a4408566fbc8a8979b1c873',0,0,245,197,0,'FF',9,0,4,'Current:','','',2,2),(6724,'a5b24536b2e0ec49d7d57bcbff8aa7bc',0,0,245,197,10,'FF',5,0,1,'usage','','',2,1),(6723,'1c1ebdf2ac5734f6a1424391b44754f5',0,0,244,229,0,'FF',9,0,3,'Maximum:','','on',2,44),(6722,'407e0fab2eaad456a2b876276b2ff385',0,0,244,229,0,'FF',9,0,1,'Average:','','',2,43),(6721,'9c2e200fd969111e2fa9eb9cdf686bd4',0,0,244,229,0,'FF',9,0,4,'Current:','','',2,42),(6720,'ccae8a2c3aeff6faa45fe5e4da887d89',0,0,244,229,16,'FF',5,0,1,'usage','','',2,41),(6719,'60a934e28ec2675b125bdc83751c5a3a',0,0,244,224,0,'FF',9,0,3,'Maximum:','','on',2,40),(6718,'91c84f61fdf4cd9d973df6685cc834f8',0,0,244,224,0,'FF',9,0,1,'Average:','','',2,39),(6717,'eaf4a0d73f4a3dab137f0444e2327692',0,0,244,224,0,'FF',9,0,4,'Current:','','',2,38),(6716,'83072017706e97994d2442869736ba28',0,0,244,224,14,'FF',5,0,1,'usage','','',2,37),(6715,'943c997cabf344070b99a7d07ab5b3fd',0,0,244,221,0,'FF',9,0,3,'Maximum:','','on',2,36),(6714,'c31d8670e6a5f3520bc987a8c1fa83f8',0,0,244,221,0,'FF',9,0,1,'Average:','','',2,35),(6713,'c48eb67f82946a9e10602f8ecd983bbe',0,0,244,221,0,'FF',9,0,4,'Current:','','',2,34),(6712,'7e7daac66e85ce435eaaf28d34fb2437',0,0,244,221,13,'FF',5,0,1,'usage','','',2,33),(6711,'52480494c7f35bcf14126a5cc4fca4c4',0,0,244,218,0,'FF',9,0,3,'Maximum:','','on',2,32),(6710,'429ea969c2194438cba7be402926d8da',0,0,244,218,0,'FF',9,0,1,'Average:','','',2,31),(6709,'fd39e30f060eca6eaf3112c91781f68d',0,0,244,218,0,'FF',9,0,4,'Current:','','',2,30),(6708,'bef7341a26b57c4fb087f766f1df5f3e',0,0,244,218,20,'FF',5,0,1,'usage','','',2,29),(6707,'3e1c6dcee9260684045504b6723aba1f',0,0,244,215,0,'FF',9,0,3,'Maximum:','','on',2,28),(6706,'747d2ab24862b103b7d180fd8f7ece0a',0,0,244,215,0,'FF',9,0,1,'Average:','','',2,27),(6705,'743698d3241eb31968be486e20c28079',0,0,244,215,0,'FF',9,0,4,'Current:','','',2,26),(6704,'6fabf757b6f1b65269645cfbeb6f6f17',0,0,244,215,8,'FF',5,0,1,'usage','','',2,25),(6703,'ac9e7a6ae99299f8e3276576ee99e1e7',0,0,244,212,0,'FF',9,0,3,'Maximum:','','on',2,24),(6702,'e80df009918593ff33b485ddfe567b3c',0,0,244,212,0,'FF',9,0,1,'Average:','','',2,23),(6701,'c78379945ff64ad294fbe56e44918503',0,0,244,212,0,'FF',9,0,4,'Current:','','',2,22),(6700,'8ae64c994b74d589b8f8c54698f716d3',0,0,244,212,7,'FF',5,0,1,'usage','','',2,21),(6699,'f51edbc7156d8ce323ad28d19d3ab352',0,0,244,209,0,'FF',9,0,3,'Maximum:','','on',2,20),(6698,'dcf611f0cfc78aa13357a19eadee15df',0,0,244,209,0,'FF',9,0,1,'Average:','','',2,19),(6697,'47ce4f4413bfbf35dd34d26141469837',0,0,244,209,0,'FF',9,0,4,'Current:','','',2,18),(6696,'7b501d25f8d4dfe330df10f3aeba9a9d',0,0,244,209,25,'FF',5,0,1,'usage','','',2,17),(6695,'eb181239017578e2d494bdfbf9188b6f',0,0,244,206,0,'FF',9,0,3,'Maximum:','','on',2,16),(6694,'f32acabb323dc1690474440dec1ebcb1',0,0,244,206,0,'FF',9,0,1,'Average:','','',2,15),(6693,'9e965b8cddd5a2a207bef188b0f4e07a',0,0,244,206,0,'FF',9,0,4,'Current:','','',2,14),(6692,'c0aa78a710d7a4c757e3db2202c333cc',0,0,244,206,35,'FF',5,0,1,'usage','','',2,13),(6691,'0e7e07ea5bb43e3ac14377667b99e78a',0,0,244,203,0,'FF',9,0,3,'Maximum:','','on',2,12),(6690,'be643b7dbe1b3b48f0074a074ba29e41',0,0,244,203,0,'FF',9,0,1,'Average:','','',2,11),(6689,'e44b6dc9b29bc7d4bb7f6074caa185bd',0,0,244,203,0,'FF',9,0,4,'Current:','','',2,10),(6688,'7c43e9c7bce89abfb3a672971768a49b',0,0,244,203,93,'FF',5,0,1,'usage','','',2,9),(6687,'e439d3a2666cc739572df0ba2d600421',0,0,244,200,0,'FF',9,0,3,'Maximum:','','on',2,8),(6686,'d8ff10f045d6c5435ba907d82fb192ba',0,0,244,200,0,'FF',9,0,1,'Average:','','',2,7),(6685,'4dfd14abffc6c3ddaf5aba31d4aca7af',0,0,244,200,0,'FF',9,0,4,'Current:','','',2,6),(6684,'8fb73bd70ae1731839c5acde0339af5d',0,0,244,200,48,'FF',5,0,1,'usage','','',2,5),(6683,'22a0126839afb273ef1ec1792a17a4c9',0,0,244,197,0,'FF',9,0,3,'Maximum:','','on',2,4),(6682,'334da6548ef851faf7a67d7fbe506fb7',0,0,244,197,0,'FF',9,0,1,'Average:','','',2,3),(6681,'9858ce225f9c51d3b27990314b39d994',0,0,244,197,0,'FF',9,0,4,'Current:','','',2,2),(6680,'21e1715dcfb0a24fce93ba0794ae5f38',0,0,244,197,10,'FF',5,0,1,'usage','','',2,1),(6679,'b53ed08a2871cfa11d12a16f243bc841',0,0,243,224,0,'FF',9,0,3,'Maximum:','','on',2,40),(6678,'f38b1576d591892a4812fdd73dcecca7',0,0,243,224,0,'FF',9,0,1,'Average:','','',2,39),(6677,'6964ac6116bfad62c11177f2a9d585fa',0,0,243,224,0,'FF',9,0,4,'Current:','','',2,38),(6676,'dd0e552d3d89053d14258cbd5eee8853',0,0,243,224,14,'FF',5,0,1,'usage','','',2,37),(6675,'0e5d3fa615daac9277518cde71928394',0,0,243,221,0,'FF',9,0,3,'Maximum:','','on',2,36),(6674,'10f35ff17550ffce266368ea302448a7',0,0,243,221,0,'FF',9,0,1,'Average:','','',2,35),(6673,'4af112efa11c952479a338ff68eb56a2',0,0,243,221,0,'FF',9,0,4,'Current:','','',2,34),(6672,'99055b48a8b0286d14c85dada77cfd5a',0,0,243,221,13,'FF',5,0,1,'usage','','',2,33),(6671,'f946af7cf537c5e5195c1ed050935a58',0,0,243,218,0,'FF',9,0,3,'Maximum:','','on',2,32),(6670,'cd29ee868bfbb6f69e678f1bc48cda5d',0,0,243,218,0,'FF',9,0,1,'Average:','','',2,31),(6669,'06f51a9d23e4356b735d507636f5ee2e',0,0,243,218,0,'FF',9,0,4,'Current:','','',2,30),(6668,'2b3697ddd0667232fa5fcfe4c8d933d7',0,0,243,218,20,'FF',5,0,1,'usage','','',2,29),(6667,'db9c7f65c465c228c45774167c855592',0,0,243,215,0,'FF',9,0,3,'Maximum:','','on',2,28),(6666,'ca0189a12783aa0bb7c7083c82a08d57',0,0,243,215,0,'FF',9,0,1,'Average:','','',2,27),(6665,'d57a1e693894fdce73eecd9a5309ef89',0,0,243,215,0,'FF',9,0,4,'Current:','','',2,26),(6664,'43faa3e4b1abf4d132db165610489653',0,0,243,215,8,'FF',5,0,1,'usage','','',2,25),(6663,'3c29e54f117c122fa966db6cd64d8a80',0,0,243,212,0,'FF',9,0,3,'Maximum:','','on',2,24),(6662,'70b3edd00d9362e35a6438ea4e221886',0,0,243,212,0,'FF',9,0,1,'Average:','','',2,23),(6661,'405005e4f4d3f2fe9d4b95bef8365034',0,0,243,212,0,'FF',9,0,4,'Current:','','',2,22),(6660,'f67dac562742d08ba4801929400692dd',0,0,243,212,7,'FF',5,0,1,'usage','','',2,21),(6659,'b50b1936645bd9ede54bf2a3eb7d323b',0,0,243,209,0,'FF',9,0,3,'Maximum:','','on',2,20),(6658,'6b8b6c55452258d56b83ed007956bf54',0,0,243,209,0,'FF',9,0,1,'Average:','','',2,19),(6657,'89085ea4286ba83f41dfd20ce8c0bffd',0,0,243,209,0,'FF',9,0,4,'Current:','','',2,18),(6656,'9c1201164a431d2cebfa2e04127a0a81',0,0,243,209,25,'FF',5,0,1,'usage','','',2,17),(6655,'8a32440254a8731e79dd693ac8938c2f',0,0,243,206,0,'FF',9,0,3,'Maximum:','','on',2,16),(6654,'add46875de7328d5d65556f117216fde',0,0,243,206,0,'FF',9,0,1,'Average:','','',2,15),(6653,'fc1da6631c56714912aac063867ab836',0,0,243,206,0,'FF',9,0,4,'Current:','','',2,14),(6652,'4d8db6a8c43eb035c1b8ae1f22a22372',0,0,243,206,35,'FF',5,0,1,'usage','','',2,13),(6651,'936ef8b1aa1f99c391055bf313bee43f',0,0,243,203,0,'FF',9,0,3,'Maximum:','','on',2,12),(6650,'e1e7ddcf1dee5c6efb1f94385a4b0a23',0,0,243,203,0,'FF',9,0,1,'Average:','','',2,11),(6649,'fe817411d9f2ed803b5e91ddf20527d9',0,0,243,203,0,'FF',9,0,4,'Current:','','',2,10),(6648,'dd7dcbf0c8e4f3525fd3bf54370ff382',0,0,243,203,93,'FF',5,0,1,'usage','','',2,9),(6647,'c89457aadfb60a1fe9e8232756051e99',0,0,243,200,0,'FF',9,0,3,'Maximum:','','on',2,8),(6646,'864ba0cca0ba7b126e4609376a34cd60',0,0,243,200,0,'FF',9,0,1,'Average:','','',2,7),(6645,'5769a3af3671846fe3fbf745a881ba4d',0,0,243,200,0,'FF',9,0,4,'Current:','','',2,6),(6644,'c86f943c23757d6e57eaa38f0419f53a',0,0,243,200,48,'FF',5,0,1,'usage','','',2,5),(6643,'9c2290c7127a0a4d201acdb581f45ed5',0,0,243,197,0,'FF',9,0,3,'Maximum:','','on',2,4),(6642,'6a7ea574e85091af0f9de16a29e8a41f',0,0,243,197,0,'FF',9,0,1,'Average:','','',2,3),(6641,'25f95ff715f2e0eaedac5d13416079d4',0,0,243,197,0,'FF',9,0,4,'Current:','','',2,2),(6640,'008d5474d37147fcee44843706ed09f3',0,0,243,197,10,'FF',5,0,1,'usage','','',2,1),(6639,'00855cb54fa3853d58ffe3a7f65dc9fb',0,0,242,221,0,'FF',9,0,3,'Maximum:','','on',2,36),(6638,'375f3673ed189895fe2376b5b6f3512b',0,0,242,221,0,'FF',9,0,1,'Average:','','',2,35),(6637,'dea77ae9f13815ff27f03c7514eb6533',0,0,242,221,0,'FF',9,0,4,'Current:','','',2,34),(6636,'e1d1351400213039e836b5b917d19e8f',0,0,242,221,13,'FF',5,0,1,'usage','','',2,33),(6635,'11a2c0a8b4e659a5ce113bdbb5891a2f',0,0,242,218,0,'FF',9,0,3,'Maximum:','','on',2,32),(6634,'001149a8178adb113b2022ba7360fdc1',0,0,242,218,0,'FF',9,0,1,'Average:','','',2,31),(6633,'2be27e84ce20b525e9b9eb55d7bc5f35',0,0,242,218,0,'FF',9,0,4,'Current:','','',2,30),(6632,'a9ccc9a598b43f2343b3806c9d371aab',0,0,242,218,20,'FF',5,0,1,'usage','','',2,29),(6631,'c4456528c200b9ba898e7d85d747a33b',0,0,242,215,0,'FF',9,0,3,'Maximum:','','on',2,28),(6630,'49a33bc2bcedffc6b427cbf16e0965be',0,0,242,215,0,'FF',9,0,1,'Average:','','',2,27),(6629,'410f0246b3a83b461ffaa5b25e88f4e5',0,0,242,215,0,'FF',9,0,4,'Current:','','',2,26),(6628,'cc58f7cdc8e4b128247273e37a0d8cf0',0,0,242,215,8,'FF',5,0,1,'usage','','',2,25),(6627,'4eba2026427154c16159360e944323ab',0,0,242,212,0,'FF',9,0,3,'Maximum:','','on',2,24),(6626,'2c89d130b61d79a046cea00cbfd738df',0,0,242,212,0,'FF',9,0,1,'Average:','','',2,23),(6625,'e01fe0f2f04c3d8bc1b1adab8c8b3047',0,0,242,212,0,'FF',9,0,4,'Current:','','',2,22),(6624,'a2e3779b80c46d76285ea2414bd309b0',0,0,242,212,7,'FF',5,0,1,'usage','','',2,21),(6623,'1e1f4daf15a198983a180177cb5b1a72',0,0,242,209,0,'FF',9,0,3,'Maximum:','','on',2,20),(6622,'db092d3119c0e42392b07c9b7f814801',0,0,242,209,0,'FF',9,0,1,'Average:','','',2,19),(6621,'c15e40c6b01f56603a510b4a2a57ea71',0,0,242,209,0,'FF',9,0,4,'Current:','','',2,18),(6620,'51552af52a69de05c862fbeaa916b2b8',0,0,242,209,25,'FF',5,0,1,'usage','','',2,17),(6619,'0bc593d3316386e65ae904f4c65edd96',0,0,242,206,0,'FF',9,0,3,'Maximum:','','on',2,16),(6618,'039c0b9c78ba8985cd78cad52b04f5ab',0,0,242,206,0,'FF',9,0,1,'Average:','','',2,15),(6617,'eb393e28d031e8e65272872a6639b125',0,0,242,206,0,'FF',9,0,4,'Current:','','',2,14),(6616,'a2bcc00cd55fe409ee33376a6cdd799e',0,0,242,206,35,'FF',5,0,1,'usage','','',2,13),(6615,'c1c29b05f38643504b809e8deccb4d2e',0,0,242,203,0,'FF',9,0,3,'Maximum:','','on',2,12),(6614,'e9d4b28269805bf326bca9e4fb3a4bdb',0,0,242,203,0,'FF',9,0,1,'Average:','','',2,11),(6613,'e2239746da2a273e4671751faaf9b486',0,0,242,203,0,'FF',9,0,4,'Current:','','',2,10),(6612,'d1d4a491fb530ee370262629c94959bf',0,0,242,203,93,'FF',5,0,1,'usage','','',2,9),(6611,'d056780d4db37e246ee0742466b05f9e',0,0,242,200,0,'FF',9,0,3,'Maximum:','','on',2,8),(6610,'17903538afbc9202d339be942eb288f5',0,0,242,200,0,'FF',9,0,1,'Average:','','',2,7),(6609,'f4921d2789d6be934eb60c71fea14d19',0,0,242,200,0,'FF',9,0,4,'Current:','','',2,6),(6608,'36294778e3365857e7d24893d2b4d242',0,0,242,200,48,'FF',5,0,1,'usage','','',2,5),(6607,'3076f653ab991862591fc253f6dfd5ea',0,0,242,197,0,'FF',9,0,3,'Maximum:','','on',2,4),(6606,'d1ad12063b778c38be7719944cc09b93',0,0,242,197,0,'FF',9,0,1,'Average:','','',2,3),(6605,'0635b9cef934d9eeb8c43d72a60cc77b',0,0,242,197,0,'FF',9,0,4,'Current:','','',2,2),(6604,'5ab1cc8de37c434d42ee9a842af8567e',0,0,242,197,10,'FF',5,0,1,'usage','','',2,1),(6603,'d27712e2267faf71e06a51cbbbbd34eb',0,0,241,218,0,'FF',9,0,3,'Maximum:','','on',2,32),(6602,'3fbf555c49d7bf3bca65a5e62752b22e',0,0,241,218,0,'FF',9,0,1,'Average:','','',2,31),(6601,'c83923204aa8341d9224c5e1ef8f9be9',0,0,241,218,0,'FF',9,0,4,'Current:','','',2,30),(6600,'37706730b1a3e3e6a1348f439c502d32',0,0,241,218,20,'FF',5,0,1,'usage','','',2,29),(6599,'30478d6b471a91731aa7e6c4016c70c1',0,0,241,215,0,'FF',9,0,3,'Maximum:','','on',2,28),(6598,'b9cc2d556d647ce1a86f04edeb759f5a',0,0,241,215,0,'FF',9,0,1,'Average:','','',2,27),(6597,'4a4241e1b198e2f4a1bfa29cfa555aa6',0,0,241,215,0,'FF',9,0,4,'Current:','','',2,26),(6596,'086e1bc6a82246130d9af3dcc009278d',0,0,241,215,8,'FF',5,0,1,'usage','','',2,25),(6595,'d84c89d87190ab43f375877b8cf4d3a8',0,0,241,212,0,'FF',9,0,3,'Maximum:','','on',2,24),(6594,'dda6fe0580438ae5facc02f5e4adfdd3',0,0,241,212,0,'FF',9,0,1,'Average:','','',2,23),(6593,'d06767229e43bc5b6264d79b5fb23ca0',0,0,241,212,0,'FF',9,0,4,'Current:','','',2,22),(6592,'6c3c13bb4590aba69718f559ac210c15',0,0,241,212,7,'FF',5,0,1,'usage','','',2,21),(6591,'8d86f539a142e4fd1163c7b1f8463cc6',0,0,241,209,0,'FF',9,0,3,'Maximum:','','on',2,20),(6590,'a44c796aa531e68f18bb9a48364c61a2',0,0,241,209,0,'FF',9,0,1,'Average:','','',2,19),(6589,'780cc0a9c0c74726d3a71f98eb89c75c',0,0,241,209,0,'FF',9,0,4,'Current:','','',2,18),(6588,'9e22fe215ff74d04d6813412bba9f4d2',0,0,241,209,25,'FF',5,0,1,'usage','','',2,17),(6587,'a8b18b1f8d826733dac93c10bc784fc9',0,0,241,206,0,'FF',9,0,3,'Maximum:','','on',2,16),(6586,'e32e25586c4ba3b2bedc8a5691e4b037',0,0,241,206,0,'FF',9,0,1,'Average:','','',2,15),(6585,'2c0db8aa94074ea4b460fd912c862806',0,0,241,206,0,'FF',9,0,4,'Current:','','',2,14),(6584,'2b06e8a24ef1c91f8d52a3811e93a37f',0,0,241,206,35,'FF',5,0,1,'usage','','',2,13),(6583,'9df87653026c8e606def83764948afc3',0,0,241,203,0,'FF',9,0,3,'Maximum:','','on',2,12),(6582,'2b9e760a82258a3aa74283f0890fccf6',0,0,241,203,0,'FF',9,0,1,'Average:','','',2,11),(6581,'22fd73cec5471e3f52be07a1ed7a7d4e',0,0,241,203,0,'FF',9,0,4,'Current:','','',2,10),(6580,'d523f2ba6263d0f111b1227aeffbf564',0,0,241,203,93,'FF',5,0,1,'usage','','',2,9),(6579,'33aec7e6a2c84960ddf86b5eab84483b',0,0,241,200,0,'FF',9,0,3,'Maximum:','','on',2,8),(6578,'3308948a3d31fa462fc4d6b268bdb2d4',0,0,241,200,0,'FF',9,0,1,'Average:','','',2,7),(6577,'b619e1adf4995bbbcb65d4c65df28319',0,0,241,200,0,'FF',9,0,4,'Current:','','',2,6),(6576,'1d790d036b7260e3d3269bc472646de0',0,0,241,200,48,'FF',5,0,1,'usage','','',2,5),(6575,'ca851b81ea6e76768d7e9a5d7ba0c86b',0,0,241,197,0,'FF',9,0,3,'Maximum:','','on',2,4),(6574,'eee3c9bf8c6bf1eb32c689086bb8c34a',0,0,241,197,0,'FF',9,0,1,'Average:','','',2,3),(6573,'c4903d2fe89ab4dc1b0e0e7d64b24694',0,0,241,197,0,'FF',9,0,4,'Current:','','',2,2),(6572,'a372d9fd2da74bcc7a21151056ec795c',0,0,241,197,10,'FF',5,0,1,'usage','','',2,1),(6571,'ad847e1d13e098340ca4a9aebd5e9d35',0,0,240,215,0,'FF',9,0,3,'Maximum:','','on',2,28),(6570,'8e5a2aaba60783a6465996561fcdacf4',0,0,240,215,0,'FF',9,0,1,'Average:','','',2,27),(6569,'5b646e01e74daa35e435fcc3632a39c8',0,0,240,215,0,'FF',9,0,4,'Current:','','',2,26),(6568,'fe25af84fc91cb46d3e9ab562f99a34a',0,0,240,215,8,'FF',5,0,1,'usage','','',2,25),(6567,'c79d352c9c207ae3696138ebd8b16c7d',0,0,240,212,0,'FF',9,0,3,'Maximum:','','on',2,24),(6566,'18b2b2769a7bfe404af491b84dd64f5f',0,0,240,212,0,'FF',9,0,1,'Average:','','',2,23),(6565,'e0fbbdb202c1a123a2116adcb066fbec',0,0,240,212,0,'FF',9,0,4,'Current:','','',2,22),(6564,'591df425430301ffad9937b05acf0553',0,0,240,212,7,'FF',5,0,1,'usage','','',2,21),(6563,'be2025888ffe70086012a05fbf070b84',0,0,240,209,0,'FF',9,0,3,'Maximum:','','on',2,20),(6562,'f812cda34b2010454501c11fbda56af7',0,0,240,209,0,'FF',9,0,1,'Average:','','',2,19),(6561,'6b4bc4d86e34beefbe02a616c98c99a1',0,0,240,209,0,'FF',9,0,4,'Current:','','',2,18),(6560,'1d48a08bf2c45f8ad263196d9f86c04e',0,0,240,209,25,'FF',5,0,1,'usage','','',2,17),(6559,'6ea4c2a44490b2139b8abd7c9fe93b34',0,0,240,206,0,'FF',9,0,3,'Maximum:','','on',2,16),(6558,'fa7e9336ebaedbcc8c601a997b04ac8c',0,0,240,206,0,'FF',9,0,1,'Average:','','',2,15),(6557,'c5b295e4a36ccf664b256fceca3589c0',0,0,240,206,0,'FF',9,0,4,'Current:','','',2,14),(6556,'62bef606fd03734af71e68a3429ea2c2',0,0,240,206,35,'FF',5,0,1,'usage','','',2,13),(6555,'f3fd61c334b234f5aa3320d8a5e8f7e6',0,0,240,203,0,'FF',9,0,3,'Maximum:','','on',2,12),(6554,'affd60f6b4da3706e3c22cc386815513',0,0,240,203,0,'FF',9,0,1,'Average:','','',2,11),(6553,'753acfff75d2ee6bcf4aa4195d32a432',0,0,240,203,0,'FF',9,0,4,'Current:','','',2,10),(6552,'60bb1aeacc8e0cb3873262ed1b9a0db4',0,0,240,203,93,'FF',5,0,1,'usage','','',2,9),(6551,'d1af481e4263a1a9f7a5daa4c967af87',0,0,240,200,0,'FF',9,0,3,'Maximum:','','on',2,8),(6550,'08b4c66fc63a38d5859bdb87d08975fe',0,0,240,200,0,'FF',9,0,1,'Average:','','',2,7),(6549,'a1fb433ff6f12d3e882e68a22220174e',0,0,240,200,0,'FF',9,0,4,'Current:','','',2,6),(6548,'454856887002683a88938dc001f54a32',0,0,240,200,48,'FF',5,0,1,'usage','','',2,5),(6547,'11aa1ec6db8039e071c0778a09662fcc',0,0,240,197,0,'FF',9,0,3,'Maximum:','','on',2,4),(6546,'ab1225d45814c70e16afd2ba22842220',0,0,240,197,0,'FF',9,0,1,'Average:','','',2,3),(6545,'a54352448f8981e9b4260da9bb1c60e5',0,0,240,197,0,'FF',9,0,4,'Current:','','',2,2),(6544,'233ab123bfa3f7811f0b59e124de46d7',0,0,240,197,10,'FF',5,0,1,'usage','','',2,1),(6543,'10814e7702d23ccfdfea07d4adf95fd6',0,0,239,212,0,'FF',9,0,3,'Maximum:','','on',2,24),(6542,'e4df10ffe88afd45e3b806d5292df479',0,0,239,212,0,'FF',9,0,1,'Average:','','',2,23),(6541,'7ebe460a7e1d8abce56d85f7dc9b9dab',0,0,239,212,0,'FF',9,0,4,'Current:','','',2,22),(6540,'2bc712a67342451e9449124603920d87',0,0,239,212,7,'FF',5,0,1,'usage','','',2,21),(6539,'ff181a423ad7bf8e4ed0bb3e541fb9e3',0,0,239,209,0,'FF',9,0,3,'Maximum:','','on',2,20),(6538,'662e51dad6b0c7ba0a4af03b9e42bc9d',0,0,239,209,0,'FF',9,0,1,'Average:','','',2,19),(6537,'18bb9f9f801e046cafa5254945997400',0,0,239,209,0,'FF',9,0,4,'Current:','','',2,18),(6536,'69f8060f5adcee68c7e76bb55cc614c1',0,0,239,209,25,'FF',5,0,1,'usage','','',2,17),(6535,'7267bc50d2da6c0c5cdd4272c681a3ee',0,0,239,206,0,'FF',9,0,3,'Maximum:','','on',2,16),(6534,'d6bded85d87feef51f2d0d30b2166913',0,0,239,206,0,'FF',9,0,1,'Average:','','',2,15),(6533,'ae2c4c321a863aaa1240eb4375b8dab5',0,0,239,206,0,'FF',9,0,4,'Current:','','',2,14),(6532,'49cf4de842400a1b8472286eab608ba2',0,0,239,206,35,'FF',5,0,1,'usage','','',2,13),(6531,'e373d34ec788acd76d09946a66ec8397',0,0,239,203,0,'FF',9,0,3,'Maximum:','','on',2,12),(6530,'d5616eb9b65d629518da7b652b51b3bb',0,0,239,203,0,'FF',9,0,1,'Average:','','',2,11),(6529,'5eff44d9fd309e8877c33dc7a510bee2',0,0,239,203,0,'FF',9,0,4,'Current:','','',2,10),(6528,'5119ae55bfcffb093e595831205b0897',0,0,239,203,93,'FF',5,0,1,'usage','','',2,9),(6527,'bf556717d5b272d90f50c6dcd5bf5e82',0,0,239,200,0,'FF',9,0,3,'Maximum:','','on',2,8),(6526,'29879700b4a557b9d8fbf7e43482f71e',0,0,239,200,0,'FF',9,0,1,'Average:','','',2,7),(6525,'507f4dfb8a5a03f4624e3a472b791671',0,0,239,200,0,'FF',9,0,4,'Current:','','',2,6),(6524,'fcfba8ba4347561423946d09a112d264',0,0,239,200,48,'FF',5,0,1,'usage','','',2,5),(6523,'59e343a87bf2dc8bbe11d8cd6422dd48',0,0,239,197,0,'FF',9,0,3,'Maximum:','','on',2,4),(6522,'dfcca7a529151c50c515c3daf172a604',0,0,239,197,0,'FF',9,0,1,'Average:','','',2,3),(6521,'3d46d0e92a9ff166e550599839d776ea',0,0,239,197,0,'FF',9,0,4,'Current:','','',2,2),(6520,'e62f1fb3775b30e1b6d224580095e9c9',0,0,239,197,10,'FF',5,0,1,'usage','','',2,1),(6519,'36817f44cc0c300c3ccc1be98aca83bc',0,0,238,209,0,'FF',9,0,3,'Maximum:','','on',2,20),(6518,'82efc31d6c5203b39908cd23b645de5d',0,0,238,209,0,'FF',9,0,1,'Average:','','',2,19),(6517,'767e2b423493c93c8bfeed1ae9ad2f6a',0,0,238,209,0,'FF',9,0,4,'Current:','','',2,18),(6516,'647d8498855657ffda83f834e6fcb7f3',0,0,238,209,25,'FF',5,0,1,'usage','','',2,17),(6515,'8369d7a8f015848c80f163a02bfd9434',0,0,238,206,0,'FF',9,0,3,'Maximum:','','on',2,16),(6514,'63f27f30ab914b0a107ad99901a6c11e',0,0,238,206,0,'FF',9,0,1,'Average:','','',2,15),(6513,'c7459daaa9e70fb24e082203782ebcb0',0,0,238,206,0,'FF',9,0,4,'Current:','','',2,14),(6512,'c67b2331bc828b936ddedcf7adf8bc92',0,0,238,206,35,'FF',5,0,1,'usage','','',2,13),(6511,'b7a038a8ecd29bfd39d844a1d6f8e4eb',0,0,238,203,0,'FF',9,0,3,'Maximum:','','on',2,12),(6510,'4600ff2ce07c76fcdb5c196809af61d4',0,0,238,203,0,'FF',9,0,1,'Average:','','',2,11),(6509,'5f4e5ebd2b245be0c60793da002a49ea',0,0,238,203,0,'FF',9,0,4,'Current:','','',2,10),(6508,'4ba4176ce6573310f55951af8cee48cc',0,0,238,203,93,'FF',5,0,1,'usage','','',2,9),(6507,'8745d8767db5eefbe0e12a747cdff61e',0,0,238,200,0,'FF',9,0,3,'Maximum:','','on',2,8),(6506,'87a1c5c457ae6d0e07e02426b9992b2a',0,0,238,200,0,'FF',9,0,1,'Average:','','',2,7),(6505,'90633d646fb3e5c2042f1e0757b82e27',0,0,238,200,0,'FF',9,0,4,'Current:','','',2,6),(6504,'ffdc1811900df08e6b4945f43d5c2619',0,0,238,200,48,'FF',5,0,1,'usage','','',2,5),(6503,'4b9c9ae4f8ed13d2642d4df9cae71bb1',0,0,238,197,0,'FF',9,0,3,'Maximum:','','on',2,4),(6502,'c0663b9f260a3a75a8fb44bce2613219',0,0,238,197,0,'FF',9,0,1,'Average:','','',2,3),(6501,'aff87c4799b727be0df658927bf3d6cd',0,0,238,197,0,'FF',9,0,4,'Current:','','',2,2),(6500,'28974aaa72d0869704a7c2f52366189a',0,0,238,197,10,'FF',5,0,1,'usage','','',2,1),(6499,'8eb3b18a1d3c194d29ab003b160bf5c9',0,0,237,206,0,'FF',9,0,3,'Maximum:','','on',2,16),(6498,'89c569bf2b12bd8c30437acba4be5f92',0,0,237,206,0,'FF',9,0,1,'Average:','','',2,15),(6497,'ad1802ca364f18ba406360a471e16889',0,0,237,206,0,'FF',9,0,4,'Current:','','',2,14),(6496,'ccb5f0532d550483e67774f182cf9fac',0,0,237,206,35,'FF',5,0,1,'usage','','',2,13),(6495,'6982b0ab5b09022657c701f64811bc7a',0,0,237,203,0,'FF',9,0,3,'Maximum:','','on',2,12),(6494,'e41f207ce92c61f21701d01986f0ac84',0,0,237,203,0,'FF',9,0,1,'Average:','','',2,11),(6493,'453699cf48cd63cabd632fb04f4f10b4',0,0,237,203,0,'FF',9,0,4,'Current:','','',2,10),(6492,'e87f1a5ef9d47726b4bb4c3c9681dae1',0,0,237,203,93,'FF',5,0,1,'usage','','',2,9),(6491,'a0e14c74753e806838831c73edd8bebd',0,0,237,200,0,'FF',9,0,3,'Maximum:','','on',2,8),(6490,'e69bbe6d089e5ff4cec4f35831a5b9ec',0,0,237,200,0,'FF',9,0,1,'Average:','','',2,7),(6489,'7b7a7b02e3643c0d40dcb6a0883f1ac1',0,0,237,200,0,'FF',9,0,4,'Current:','','',2,6),(6488,'b343227a8c116d23d831f3a8daeb365c',0,0,237,200,48,'FF',5,0,1,'usage','','',2,5),(6487,'b157075d2e03a37bc6fa23c467d22da5',0,0,237,197,0,'FF',9,0,3,'Maximum:','','on',2,4),(6486,'a532c7008c6337e4dbd8a2c32145fdda',0,0,237,197,0,'FF',9,0,1,'Average:','','',2,3),(6485,'995d5dc8d098b5a82acd3bd6b9406a2c',0,0,237,197,0,'FF',9,0,4,'Current:','','',2,2),(6484,'1d5bd0ae9adabf65412e9cef05433001',0,0,237,197,10,'FF',5,0,1,'usage','','',2,1),(6483,'678d80e62adf989ea2fa8e72da5df8c4',0,0,236,203,0,'FF',9,0,3,'Maximum:','','on',2,12),(6482,'5324f21645059553112b6732cd543ae2',0,0,236,203,0,'FF',9,0,1,'Average:','','',2,11),(6481,'855ea304cbba8699ab88d8e73e7a945f',0,0,236,203,0,'FF',9,0,4,'Current:','','',2,10),(6480,'858f016a8d7d6fda3dcdbbbb8e9d7365',0,0,236,203,93,'FF',5,0,1,'usage','','',2,9),(6479,'8b563b66ce5c5ca12665f76b8c63a8c8',0,0,236,200,0,'FF',9,0,3,'Maximum:','','on',2,8),(6478,'8c71456e6bdd274ff3dce4fdb72c6196',0,0,236,200,0,'FF',9,0,1,'Average:','','',2,7),(6477,'43002712d0f59224a71e6214af15f0a5',0,0,236,200,0,'FF',9,0,4,'Current:','','',2,6),(6476,'96c3af0ceb55ee39be3dfa9d2cdd35bd',0,0,236,200,48,'FF',5,0,1,'usage','','',2,5),(6475,'a7f4c05d627508f90b5938034d7e1d67',0,0,236,197,0,'FF',9,0,3,'Maximum:','','on',2,4),(6474,'0c78598af672ae8142875b584c99b943',0,0,236,197,0,'FF',9,0,1,'Average:','','',2,3),(6473,'396934d69f94b356bc772681756cd9ce',0,0,236,197,0,'FF',9,0,4,'Current:','','',2,2),(6472,'46788e22d11e2a6973b59d3b3fbf886b',0,0,236,197,10,'FF',5,0,1,'usage','','',2,1),(6471,'b004ee89620368d3ad476abf30cc91aa',0,0,235,200,0,'FF',9,0,3,'Maximum:','','on',2,8),(6470,'d3b47b2d496f70ed575970e17373a651',0,0,235,200,0,'FF',9,0,1,'Average:','','',2,7),(6469,'99888587b352032e5596293b5dc6cfe6',0,0,235,200,0,'FF',9,0,4,'Current:','','',2,6),(5915,'edb833119700a1a48e3e768568ef750f',0,0,209,285,0,'FF',9,0,3,'Maximum:','','on',2,16),(5914,'f56859aa8b1a62b398ef9bdfbb449de4',0,0,209,285,0,'FF',9,0,1,'Average:','','',2,15),(5913,'0b4b72052ca0611016363acc383ba29e',0,0,209,285,0,'FF',9,0,4,'Current:','','',2,14),(5912,'79d09cc00208e1250d0caba0c982b32d',0,0,209,285,35,'FF',4,0,1,'pct','','',2,13),(5911,'e8f60630a62f761bffb84e2dc3fcb87e',0,0,209,283,0,'FF',9,0,3,'Maximum:','','on',2,12),(5910,'c9e13d5d2b6052d4cb38c3537ffc056f',0,0,209,283,0,'FF',9,0,1,'Average:','','',2,11),(5909,'4d87b9cd41dddae48013e8fbd31681d8',0,0,209,283,0,'FF',9,0,4,'Current:','','',2,10),(5908,'8a6fd31e97176e50805b17209aac9755',0,0,209,283,93,'FF',4,0,1,'pct','','',2,9),(5907,'571acbc5a74d45ef851c468d5dd0175e',0,0,209,281,0,'FF',9,0,3,'Maximum:','','on',2,8),(5906,'b016164a7813153b8ea4f420eadd41bd',0,0,209,281,0,'FF',9,0,1,'Average:','','',2,7),(5905,'9629ed058ac6fa5750361f6faceb90d1',0,0,209,281,0,'FF',9,0,4,'Current:','','',2,6),(5904,'8e3ccdef52cc289851010641b64b0a74',0,0,209,281,48,'FF',4,0,1,'pct','','',2,5),(5903,'60187c974af7556959e4d554919aab00',0,0,209,279,0,'FF',9,0,3,'Maximum:','','on',2,4),(5902,'4ad5048592a285a887caa84989d174fa',0,0,209,279,0,'FF',9,0,1,'Average:','','',2,3),(5901,'dcad3bc97e43e693d711ce192beec83c',0,0,209,279,0,'FF',9,0,4,'Current:','','',2,2),(5900,'34c9a4b4f1497a280204ffb59059ded0',0,0,209,279,10,'FF',4,0,1,'pct','','',2,1),(5899,'8abd497e9d111e5f5f07d4c3ce9a2bee',0,0,208,291,0,'FF',9,0,3,'Maximum:','','on',2,28),(5898,'802963b4f1bd5fce9f4bb60d138b68e2',0,0,208,291,0,'FF',9,0,1,'Average:','','',2,27),(5897,'cf013e6199f8b6cb27079c61dac7d75d',0,0,208,291,0,'FF',9,0,4,'Current:','','',2,26),(5896,'94b4648b8e5c4326e8104769578146d4',0,0,208,291,8,'FF',4,0,1,'pct','','',2,25),(5895,'58f34f7abf79d7afb7002f93abc4513d',0,0,208,289,0,'FF',9,0,3,'Maximum:','','on',2,24),(5894,'bfa5e03c98743bced5d6d8d9e68863f5',0,0,208,289,0,'FF',9,0,1,'Average:','','',2,23),(5893,'0a27e38bf4590ba3c4089b848c246b53',0,0,208,289,0,'FF',9,0,4,'Current:','','',2,22),(5892,'54c734da52b1614201c750dd6f7fb06b',0,0,208,289,7,'FF',4,0,1,'pct','','',2,21),(5891,'9521ab2d1a85bd15403e88381e4847b1',0,0,208,287,0,'FF',9,0,3,'Maximum:','','on',2,20),(5890,'6547420ff7cd3cc58ff2359d807d4c42',0,0,208,287,0,'FF',9,0,1,'Average:','','',2,19),(5889,'f7037b54f4a84abc6a22cd7c38fc682b',0,0,208,287,0,'FF',9,0,4,'Current:','','',2,18),(5888,'d121d4345b772f2a60259dad5badfab1',0,0,208,287,25,'FF',4,0,1,'pct','','',2,17),(5887,'2c9f5a5221dd3dee888a0bf839aba9fe',0,0,208,285,0,'FF',9,0,3,'Maximum:','','on',2,16),(5883,'3d5e3ed1b953ac0dd9b5c95a0909608b',0,0,208,283,0,'FF',9,0,3,'Maximum:','','on',2,12),(5884,'c370380d4c2418132de80bd0f1bae0e0',0,0,208,285,35,'FF',4,0,1,'pct','','',2,13),(5885,'d96b2256c7b158d3d2f6f0ad997141b5',0,0,208,285,0,'FF',9,0,4,'Current:','','',2,14),(5886,'94d2c9461038ff4d0892636450b9ac90',0,0,208,285,0,'FF',9,0,1,'Average:','','',2,15),(6468,'2ba7a3abd6c4690beef2fa837c6497ea',0,0,235,200,48,'FF',5,0,1,'usage','','',2,5),(6467,'56f69be4c5b26c9ee29f52ebbc1a24a7',0,0,235,197,0,'FF',9,0,3,'Maximum:','','on',2,4),(6466,'257463bde47387b5bbb708275daf699b',0,0,235,197,0,'FF',9,0,1,'Average:','','',2,3),(6465,'d65b064d2e25b65a63739c9dfd992d7e',0,0,235,197,0,'FF',9,0,4,'Current:','','',2,2),(6464,'f6c4bcde2e8c2c59bc2d8f3eb7fb5ee6',0,0,235,197,10,'FF',5,0,1,'usage','','',2,1),(6463,'e1e73db585614aa2bcbf3c46b8fb56d2',0,0,234,197,0,'FF',9,0,3,'Maximum:','','on',2,4),(6462,'d3660390d920075263449aceab491e09',0,0,234,197,0,'FF',9,0,1,'Average:','','',2,3),(6461,'5505370e282cf98b4433a1d4131513a7',0,0,234,197,0,'FF',9,0,4,'Current:','','',2,2),(6460,'1e554f60bf6e3cc1dafc8e8c61a8195b',0,0,234,197,10,'FF',5,0,1,'usage','','',2,1),(6459,'efdeaffd11c7ba7c27677a55d2bdc332',0,0,233,265,0,'FF',9,0,3,'Maximum:','','on',2,28),(6458,'a395b36e9d324183bff06601240c1a93',0,0,233,265,0,'FF',9,0,1,'Average:','','',2,27),(6457,'e3967fb813f63643a2e562b3cf154109',0,0,233,265,0,'FF',9,0,4,'Current:','','',2,26),(6456,'73aa94108b269c21de8a62acd083483f',0,0,233,265,8,'FF',5,0,1,'outCarrier','','',2,25),(6455,'00346ebd51af51fd87b03a6ea773b22e',0,0,233,264,0,'FF',9,0,3,'Maximum:','','on',2,24),(6454,'e14976043bbaab384cf55e1ffeded35d',0,0,233,264,0,'FF',9,0,1,'Average:','','',2,23),(6453,'dc16f44533810a3e166b28e0a9a677cc',0,0,233,264,0,'FF',9,0,4,'Current:','','',2,22),(6452,'c435cf4e48bf88a16671224b855931b6',0,0,233,264,7,'FF',5,0,1,'outColls','','',2,21),(6451,'487796e53e996968e843627d70426b15',0,0,233,263,0,'FF',9,0,3,'Maximum:','','on',2,20),(6450,'8f3d9527dc9445d4bbbfcc395070ac8e',0,0,233,263,0,'FF',9,0,1,'Average:','','',2,19),(6449,'40c9b97159a96cb56909a9e4a264b38c',0,0,233,263,0,'FF',9,0,4,'Current:','','',2,18),(6448,'a8af2bb5e60c341aa2dbfa2e79b91ffa',0,0,233,263,25,'FF',5,0,1,'outFifo','','',2,17),(6447,'9c5182f2a94015ef6627283788ee967c',0,0,233,262,0,'FF',9,0,3,'Maximum:','','on',2,16),(6446,'a882393204d1754db8eaa716cf8732bc',0,0,233,262,0,'FF',9,0,1,'Average:','','',2,15),(6445,'b6d7596e260fdedbbb791549ad453751',0,0,233,262,0,'FF',9,0,4,'Current:','','',2,14),(6444,'b2552820467baf3a67f0be268de7f3d1',0,0,233,262,35,'FF',5,0,1,'outDrop','','',2,13),(6443,'a727f60a62a009b270c438c1d4d399f4',0,0,233,261,0,'FF',9,0,3,'Maximum:','','on',2,12),(6442,'b3252b24126aca89c5b4eaeac54f9b1a',0,0,233,261,0,'FF',9,0,1,'Average:','','',2,11),(6441,'98acaa139fd72db0a9e1c3bc32434fbf',0,0,233,261,0,'FF',9,0,4,'Current:','','',2,10),(6440,'457b8782ea849b0b57f8aead356ea3d9',0,0,233,261,93,'FF',5,0,1,'inFrame','','',2,9),(6439,'998ffa477cd1f3bbe6d3e4aa79034eea',0,0,233,260,0,'FF',9,0,3,'Maximum:','','on',2,8),(6438,'ed06beb0812d04949cf059e332fbf171',0,0,233,260,0,'FF',9,0,1,'Average:','','',2,7),(6437,'6574754296f447675d5a52bc00d5259b',0,0,233,260,0,'FF',9,0,4,'Current:','','',2,6),(6436,'4bfe7de95800d7b53476809132670edb',0,0,233,260,48,'FF',5,0,1,'inFifo','','',2,5),(6435,'67b1dc7f20b4a4f7ce3b4a78236ad099',0,0,233,259,0,'FF',9,0,3,'Maximum:','','on',2,4),(6434,'c2f271e1d5695e0fdf120b43644b4bc4',0,0,233,259,0,'FF',9,0,1,'Average:','','',2,3),(6433,'bae1e56043817550d777d105487fae7e',0,0,233,259,0,'FF',9,0,4,'Current:','','',2,2),(6432,'c28e12e4dd4a4a0f65bd2d7636c1af56',0,0,233,259,10,'FF',5,0,1,'inDrop','','',2,1),(6431,'cb5e3dda94d99d4cb14db3e03c81d642',0,0,232,258,0,'FF',9,0,3,'Maximum:','','on',2,8),(6430,'4b024d1f44d51028f8874ee42b1eb340',0,0,232,258,0,'FF',9,0,1,'Average:','','',2,7),(6429,'cacdabdf1ccb3d0db4f981197ad892f3',0,0,232,258,0,'FF',9,0,4,'Current:','','',2,6),(6428,'466df8830a0161f78c34d59c6e1b6d7a',0,0,232,258,48,'FF',5,0,1,'outErrs','','',2,5),(6427,'5d4f2bef1be8f2b0c6c6620f68db9738',0,0,232,257,0,'FF',9,0,3,'Maximum:','','on',2,4),(6426,'4f9002daf24e4a213dd3f35b1ace9e80',0,0,232,257,0,'FF',9,0,1,'Average:','','',2,3),(6425,'042ab5a9b14d20910c53b6e75cbfbbe3',0,0,232,257,0,'FF',9,0,4,'Current:','','',2,2),(6424,'b3ffc84a73a6e5229e097db9bf6b4a45',0,0,232,257,10,'FF',5,0,1,'inErrs','','',2,1),(6423,'d5cf6be72a4a74f40193ddae8a0b68bf',0,0,231,256,0,'FF',9,0,3,'Maximum:','','on',2,8),(6422,'f717e2235e9c638ef2f53347d6ec16a9',0,0,231,256,0,'FF',9,0,1,'Average:','','',2,7),(6421,'c9f43f07ea46517189b3b2129a5565d0',0,0,231,256,0,'FF',9,0,4,'Current:','','',2,6),(6420,'e8f006ee5a1a3b0392df54fc9b62ac19',0,0,231,256,48,'FF',4,0,1,'outPackets','','',2,5),(6419,'a7971896af277f254d1a0e088fe189c8',0,0,231,255,0,'FF',9,0,3,'Maximum:','','on',2,4),(6418,'6f3f6de16937658b8fb48240350b4916',0,0,231,255,0,'FF',9,0,1,'Average:','','',2,3),(6417,'3b3645098153b9019807649a8b288e4a',0,0,231,255,0,'FF',9,0,4,'Current:','','',2,2),(6416,'dbbc0775b62e4aed37b60adff93b387b',0,0,231,255,10,'FF',4,0,1,'inPackets','','',2,1),(6415,'3a51fffbed4dfc8229143645e220a3c4',0,0,230,254,0,'FF',9,0,3,'Maximum:','','on',2,8),(6414,'9ef80b43ebab720458aaaf6372d66b4a',0,0,230,254,0,'FF',9,0,1,'Average:','','',2,7),(6413,'4e336b33bdd626512829183240235ff3',0,0,230,254,0,'FF',9,0,4,'Current:','','',2,6),(6412,'0d6732a02b39a62e566d93a348bb7331',0,0,230,254,48,'FF',4,0,1,'outBytes','','',2,5),(6411,'2f98f294961fc9f990254f8885083a5a',0,0,230,253,0,'FF',9,0,3,'Maximum:','','on',2,4),(6410,'214b00e42f2c774651924511925ad78a',0,0,230,253,0,'FF',9,0,1,'Average:','','',2,3),(6409,'ff00998af1c86949b5bf7285373924ff',0,0,230,253,0,'FF',9,0,4,'Current:','','',2,2),(6408,'ee97066580bd0eab6ea46b61640b6e10',0,0,230,253,10,'FF',4,0,1,'inBytes','','',2,1),(6407,'d1be0e5113721bf83d90d69a01d33709',0,0,229,326,0,'FF',9,0,3,'Maximum:','','on',2,20),(6406,'bf5aa325e9149b51206112dd8d6c453e',0,0,229,326,0,'FF',9,0,1,'Average:','','',2,19),(6405,'5081cac76bcf9682769930a6f8ec8449',0,0,229,326,0,'FF',9,0,4,'Current:','','',2,18),(6404,'15425801e8b777f0b23dd445ae919955',0,0,229,326,25,'FF',8,0,1,'outBytes','','',2,17),(6403,'aa7e1b3647cf2fa1ff768a8029af1357',0,0,229,323,0,'FF',9,0,3,'Maximum:','','on',2,16),(6402,'7975e4d99f43496bae21888c5a95ebfb',0,0,229,323,0,'FF',9,0,1,'Average:','','',2,15),(6401,'7730be9827f9733c14ef9a48bc3b5422',0,0,229,323,0,'FF',9,0,4,'Current:','','',2,14),(6400,'5ac8b046d674e9256aba5079e6d96ee1',0,0,229,323,35,'FF',8,0,1,'outBytes','','',2,13),(6399,'e43dc318433b8b709148f99c003b4ddd',0,0,229,320,0,'FF',9,0,3,'Maximum:','','on',2,12),(6398,'00244fa6e519e86a95595a5619d83556',0,0,229,320,0,'FF',9,0,1,'Average:','','',2,11),(6397,'24c3c95788226eff390697889ba443ce',0,0,229,320,0,'FF',9,0,4,'Current:','','',2,10),(6396,'c93678c34f520a7b9d2d8712c20a7b86',0,0,229,320,93,'FF',8,0,1,'outBytes','','',2,9),(6395,'e0a7e8abf087f776bbf31301e7ab4378',0,0,229,317,0,'FF',9,0,3,'Maximum:','','on',2,8),(6394,'19702d0841640b53f0d48a8ca6af9e11',0,0,229,317,0,'FF',9,0,1,'Average:','','',2,7),(6393,'fcee466d6aeb18b3c854607b9233e43e',0,0,229,317,0,'FF',9,0,4,'Current:','','',2,6),(6392,'01f799346cb2dfd729c0c8b44677c6db',0,0,229,317,48,'FF',8,0,1,'outBytes','','',2,5),(6391,'2864ef213173e97e023c195fd7acfdaa',0,0,229,314,0,'FF',9,0,3,'Maximum:','','on',2,4),(6390,'ebdfdf52b63b2c1ebe3290fafe3ccb7a',0,0,229,314,0,'FF',9,0,1,'Average:','','',2,3),(6389,'60031d7b0121353502f0e741f4628f89',0,0,229,314,0,'FF',9,0,4,'Current:','','',2,2),(6388,'54729c288f86edc1c9410b2f1d8dfb15',0,0,229,314,10,'FF',7,0,1,'outBytes','','',2,1),(6387,'4c03f8ca586ee5d8448020e8a16ec65a',0,0,228,323,0,'FF',9,0,3,'Maximum:','','on',2,16),(6386,'159d671a452290273a47f66d2ca409e0',0,0,228,323,0,'FF',9,0,1,'Average:','','',2,15),(6385,'1c9d5c0e3890b5a7c1fc32ba3f4a81b3',0,0,228,323,0,'FF',9,0,4,'Current:','','',2,14),(6384,'f6e0e09b18b9b190da0759caf87ab154',0,0,228,323,35,'FF',8,0,1,'outBytes','','',2,13),(6383,'c5f404f1ff11ded1c42a26b1e91913b4',0,0,228,320,0,'FF',9,0,3,'Maximum:','','on',2,12),(6382,'84d83fd027fee565d426a56af2cb2894',0,0,228,320,0,'FF',9,0,1,'Average:','','',2,11),(6381,'70ee38023771c78108e93541dbfefef8',0,0,228,320,0,'FF',9,0,4,'Current:','','',2,10),(6380,'9f4e72e47f7c737e8c7db49d87d87d99',0,0,228,320,93,'FF',8,0,1,'outBytes','','',2,9),(6379,'e0169a0267051a7a27dff17f30bea0be',0,0,228,317,0,'FF',9,0,3,'Maximum:','','on',2,8),(6378,'ebae2473e553a1269e8fa6d64e4ea7e3',0,0,228,317,0,'FF',9,0,1,'Average:','','',2,7),(6377,'820a2214ab448899fa84728d3c085f35',0,0,228,317,0,'FF',9,0,4,'Current:','','',2,6),(6376,'9455ebc296c0c6276771214f8ea52c4c',0,0,228,317,48,'FF',8,0,1,'outBytes','','',2,5),(6375,'0b4511a6aecae2b2d450ad84571897a9',0,0,228,314,0,'FF',9,0,3,'Maximum:','','on',2,4),(6374,'16c710db1578f94c9bfd2c8ba2d7ccef',0,0,228,314,0,'FF',9,0,1,'Average:','','',2,3),(6373,'31789d548daa2fc2bc48a7db49efb88b',0,0,228,314,0,'FF',9,0,4,'Current:','','',2,2),(6372,'a7152caaf6bc1a254c6deb8fefd3abb0',0,0,228,314,10,'FF',7,0,1,'outBytes','','',2,1),(6371,'02505ee315048c7c8c2940457d446762',0,0,227,320,0,'FF',9,0,3,'Maximum:','','on',2,12),(6370,'2fab2cf09d39d673062ae364cfc0d706',0,0,227,320,0,'FF',9,0,1,'Average:','','',2,11),(6369,'9586e1591ecbe6c4a2e49361f2368bed',0,0,227,320,0,'FF',9,0,4,'Current:','','',2,10),(6368,'ca083613a44d44f229ee5cbec10b3275',0,0,227,320,93,'FF',8,0,1,'outBytes','','',2,9),(6367,'1a59ea7bb501f72ca9efe066eb39e02f',0,0,227,317,0,'FF',9,0,3,'Maximum:','','on',2,8),(6366,'9a379661c0091bb5d0c11411e4a4ad91',0,0,227,317,0,'FF',9,0,1,'Average:','','',2,7),(6365,'0d38f6e37c6162cf844589607f13c93d',0,0,227,317,0,'FF',9,0,4,'Current:','','',2,6),(6364,'387427f9c40bbe2ab13eafcf18ae8bad',0,0,227,317,48,'FF',8,0,1,'outBytes','','',2,5),(6363,'4ff77657b85cb455253a7e0b0e3aa2ac',0,0,227,314,0,'FF',9,0,3,'Maximum:','','on',2,4),(6362,'adeb914e3b10a908653c618b8a661270',0,0,227,314,0,'FF',9,0,1,'Average:','','',2,3),(6361,'4a384d0585db7e897d75af01f5c97d62',0,0,227,314,0,'FF',9,0,4,'Current:','','',2,2),(6360,'a64a322fead1b1c134f04824b0a7e0f3',0,0,227,314,10,'FF',7,0,1,'outBytes','','',2,1),(6359,'8e109fbe375b59a58a2758cc68d683ae',0,0,226,317,0,'FF',9,0,3,'Maximum:','','on',2,8),(6358,'3efe2f900aa2be0f9a251b8915243cd6',0,0,226,317,0,'FF',9,0,1,'Average:','','',2,7),(6357,'c01e5b0b06c306e1ea9a2a041deb12af',0,0,226,317,0,'FF',9,0,4,'Current:','','',2,6),(6356,'217df020617d3c3d4cafdf5ae1d667f1',0,0,226,317,48,'FF',8,0,1,'outBytes','','',2,5),(6355,'5e088b22bd2e7ee824b7c6053122f737',0,0,226,314,0,'FF',9,0,3,'Maximum:','','on',2,4),(6354,'18c7b5de1a17cefa8d0f02fda37e64b6',0,0,226,314,0,'FF',9,0,1,'Average:','','',2,3),(6353,'baa65b021498a1aec00f212f412e6061',0,0,226,314,0,'FF',9,0,4,'Current:','','',2,2),(6352,'6f44364eb4b624d88a8eda2b72904deb',0,0,226,314,10,'FF',7,0,1,'outBytes','','',2,1),(6351,'195f548a3419729cbdf10f2659c8811c',0,0,225,314,0,'FF',9,0,3,'Maximum:','','on',2,4),(6350,'99436c0b09e32067c397ca2bb8302c60',0,0,225,314,0,'FF',9,0,1,'Average:','','',2,3),(6349,'01847a6659c66108d378361d3388e6bd',0,0,225,314,0,'FF',9,0,4,'Current:','','',2,2),(6348,'8bda4c144d318ea549adaec0a66a993f',0,0,225,314,10,'FF',7,0,1,'outBytes','','',2,1),(6347,'568f899b5673fd4c8e18f934a2608368',0,0,224,325,0,'FF',9,0,3,'Maximum:','','on',2,20),(6346,'158bdd631f2c6894a19137af62ebabff',0,0,224,325,0,'FF',9,0,1,'Average:','','',2,19),(6345,'53017f6a7be49b845993037ce4f33062',0,0,224,325,0,'FF',9,0,4,'Current:','','',2,18),(6344,'261d281f45c409b5ae02816c99da89d7',0,0,224,325,25,'FF',8,0,1,'inBytes','','',2,17),(6343,'a5e3cac5f06caeed0af7fd0a4fb40ce2',0,0,224,322,0,'FF',9,0,3,'Maximum:','','on',2,16),(6342,'dbb877501a4152756be2a839962f15c9',0,0,224,322,0,'FF',9,0,1,'Average:','','',2,15),(6341,'23b5f3f98f9eb9a8a68ca6686360b216',0,0,224,322,0,'FF',9,0,4,'Current:','','',2,14),(6340,'ca55634589ca13df5882734f4c993133',0,0,224,322,35,'FF',8,0,1,'inBytes','','',2,13),(6339,'5558b2935bc91fff4d858b76f1638ad1',0,0,224,319,0,'FF',9,0,3,'Maximum:','','on',2,12),(6338,'71deb56782d8e42d1d3376418fc99a6c',0,0,224,319,0,'FF',9,0,1,'Average:','','',2,11),(6337,'77b8b5e8a7464ec0ed975d702bcaa51b',0,0,224,319,0,'FF',9,0,4,'Current:','','',2,10),(6336,'5bff407b6508e2e0613ebb61f6956a1a',0,0,224,319,93,'FF',8,0,1,'inBytes','','',2,9),(6335,'8cc5422316d8f4be5b8027d54a8f0de3',0,0,224,316,0,'FF',9,0,3,'Maximum:','','on',2,8),(6334,'0f7c655e5a53521830aa4f719880eab0',0,0,224,316,0,'FF',9,0,1,'Average:','','',2,7),(6333,'b3d436460c2f42ddbc3dd3acc4152c16',0,0,224,316,0,'FF',9,0,4,'Current:','','',2,6),(6332,'f09b84a7ed0143b05b747625213b1ad3',0,0,224,316,48,'FF',8,0,1,'inBytes','','',2,5),(6331,'df71be54d2af4b2f55cf68f0cc8d57a7',0,0,224,313,0,'FF',9,0,3,'Maximum:','','on',2,4),(6330,'c547dfc8d0624aa2dac4587e15b9be5a',0,0,224,313,0,'FF',9,0,1,'Average:','','',2,3),(6329,'e9d0c05b618334c1185aa6e7e27631e9',0,0,224,313,0,'FF',9,0,4,'Current:','','',2,2),(6328,'4217eb782946db946973251e552ebc8a',0,0,224,313,10,'FF',7,0,1,'inBytes','','',2,1),(6327,'7d6e1353805b854e679806b2223a3872',0,0,223,322,0,'FF',9,0,3,'Maximum:','','on',2,16),(6326,'ace2cbeb3707944f80d0404b69f95156',0,0,223,322,0,'FF',9,0,1,'Average:','','',2,15),(6325,'dd5edf5ce455b70cb11605820e1ddfed',0,0,223,322,0,'FF',9,0,4,'Current:','','',2,14),(6324,'fd4ab3ae8ce517a2e8c26a54c24313b7',0,0,223,322,35,'FF',8,0,1,'inBytes','','',2,13),(6323,'1099710354d709be45b1042ac838de61',0,0,223,319,0,'FF',9,0,3,'Maximum:','','on',2,12),(6322,'b5b3846eef949e4d7afce8320ca65667',0,0,223,319,0,'FF',9,0,1,'Average:','','',2,11),(6321,'324955e73fdc97bedcf801a2fb834f68',0,0,223,319,0,'FF',9,0,4,'Current:','','',2,10),(6320,'6f10eb43ff67eb08cb414a547befb8a9',0,0,223,319,93,'FF',8,0,1,'inBytes','','',2,9),(6319,'9a0289f629601cd52bf7778bb5fdda67',0,0,223,316,0,'FF',9,0,3,'Maximum:','','on',2,8),(6318,'4c4e0f7f87a8af65cb577e879b5db1a1',0,0,223,316,0,'FF',9,0,1,'Average:','','',2,7),(6317,'3f0a7850aafdea227b3ac97cb1f0843f',0,0,223,316,0,'FF',9,0,4,'Current:','','',2,6),(6316,'8455f02d21c992b7060b40bb536d722e',0,0,223,316,48,'FF',8,0,1,'inBytes','','',2,5),(6315,'56863c2342e353deee88a07e7edd569c',0,0,223,313,0,'FF',9,0,3,'Maximum:','','on',2,4),(6314,'0845a73d35026c68619652257146fc6b',0,0,223,313,0,'FF',9,0,1,'Average:','','',2,3),(6313,'4b2bc1fc6a9335e935525aba2c95ebd2',0,0,223,313,0,'FF',9,0,4,'Current:','','',2,2),(6312,'57d1dacbd05e4c90f6f3615a873efb45',0,0,223,313,10,'FF',7,0,1,'inBytes','','',2,1),(6311,'93f66abccb624fa0e265ff87030d8dcf',0,0,222,319,0,'FF',9,0,3,'Maximum:','','on',2,12),(6310,'3a2706ce3fb3195c9a0180428a0bd3cc',0,0,222,319,0,'FF',9,0,1,'Average:','','',2,11),(6309,'626d5d51c211a493c91a66f0a6fe1f77',0,0,222,319,0,'FF',9,0,4,'Current:','','',2,10),(6308,'3549c5ab1fa7dc93531d5bc9fc87f5fc',0,0,222,319,93,'FF',8,0,1,'inBytes','','',2,9),(6307,'ac4c56c26d90e854a42d89e781723e0d',0,0,222,316,0,'FF',9,0,3,'Maximum:','','on',2,8),(6306,'79818985b886e4943d782a2695a47c5f',0,0,222,316,0,'FF',9,0,1,'Average:','','',2,7),(6305,'02ff31a987eee8c56955b894554aafc8',0,0,222,316,0,'FF',9,0,4,'Current:','','',2,6),(6304,'ecbac176fa18dfde6614b8a2c5e117b2',0,0,222,316,48,'FF',8,0,1,'inBytes','','',2,5),(6303,'84a9cb7314e8a6bfee747d9ff48ba52a',0,0,222,313,0,'FF',9,0,3,'Maximum:','','on',2,4),(6302,'bdf9a0d8dfa41f5342bdb2995cdcc9e5',0,0,222,313,0,'FF',9,0,1,'Average:','','',2,3),(6301,'8f111768df93b7264739d6bd0a59c005',0,0,222,313,0,'FF',9,0,4,'Current:','','',2,2),(6300,'7455e45313dd3ed39db30c0034727531',0,0,222,313,10,'FF',7,0,1,'inBytes','','',2,1),(6299,'8edf10883c7066b8184976bcf27c2842',0,0,221,316,0,'FF',9,0,3,'Maximum:','','on',2,8),(6298,'60f8e9faed40542ead4b2cec020b3eb3',0,0,221,316,0,'FF',9,0,1,'Average:','','',2,7),(6297,'4aad311fcbd5a20324330d7820f85433',0,0,221,316,0,'FF',9,0,4,'Current:','','',2,6),(6296,'7d1f35077ec26d48bd68f3c40cb4719c',0,0,221,316,48,'FF',8,0,1,'inBytes','','',2,5),(6295,'a5f597c1da46374e126ca622b47c1042',0,0,221,313,0,'FF',9,0,3,'Maximum:','','on',2,4),(6294,'942117fe38072e06deb2378c1d85da40',0,0,221,313,0,'FF',9,0,1,'Average:','','',2,3),(6293,'109558101cd14acf817c324a080df0c6',0,0,221,313,0,'FF',9,0,4,'Current:','','',2,2),(6292,'822a5e670425fddc15710251035ac22c',0,0,221,313,10,'FF',7,0,1,'inBytes','','',2,1),(6291,'1737966b6722a17b9e9c8e1834a3c757',0,0,220,313,0,'FF',9,0,3,'Maximum:','','on',2,4),(6290,'8013ec64aa687d987c72255c2ca88c86',0,0,220,313,0,'FF',9,0,1,'Average:','','',2,3),(6289,'ec59ad1e8c75bcca09f67bcd1613a6e4',0,0,220,313,0,'FF',9,0,4,'Current:','','',2,2),(6288,'27b647400e120bd9558421e0c6b9b501',0,0,220,313,10,'FF',7,0,1,'inBytes','','',2,1),(6287,'05510dcfd2b93b1ad10e55dc764142da',0,0,219,251,0,'FF',9,0,3,'Maximum:','','on',2,4),(6286,'f47d255a32d103fc439f443d9ee80298',0,0,219,251,0,'FF',9,0,1,'Average:','','',2,3),(6285,'1e9af4c56cfbe6c88bff1965d7b8777a',0,0,219,251,0,'FF',9,0,4,'Current:','','',2,2),(6284,'65de345c3e21b0c8f861aac61d2d2893',0,0,219,251,10,'FF',4,0,1,'svctm','','',2,1),(6283,'aaef9882c8c300db4662ff1e0c5ed6a7',0,0,218,250,0,'FF',9,14,3,'Maximum:','','on',2,8),(6282,'367281b1a5dec359ce7423d361813a98',0,0,218,250,0,'FF',9,14,1,'Average:','','',2,7),(6281,'668343beacfc4f863de3cba644592bf9',0,0,218,250,0,'FF',9,14,4,'Current:','','',2,6),(6280,'48c34acf797e62b5d3d1312714a46844',0,0,218,250,48,'FF',4,14,1,'wkb_s','','',2,5),(6279,'9575ed1ab5acea6901f7db9da2aca360',0,0,218,249,0,'FF',9,14,3,'Maximum:','','on',2,4),(6278,'8634e1f66c3c3a708846f952efc5439a',0,0,218,249,0,'FF',9,14,1,'Average:','','',2,3),(6277,'d399c8a2c22fc0f2e46b82bff5552e13',0,0,218,249,0,'FF',9,14,4,'Current:','','',2,2),(6276,'aad000105f503ab4815a1f712c6c44c0',0,0,218,249,10,'FF',4,14,1,'rkb_s','','',2,1),(6275,'f59272dfc112dd9b279d0cbea75d3df5',0,0,217,248,0,'FF',9,0,3,'Maximum:','','on',2,8),(6274,'54e698363788899f8fae434b96f11c68',0,0,217,248,0,'FF',9,0,1,'Average:','','',2,7),(6273,'a72942b9c5f326be0f987c02f2d4b772',0,0,217,248,0,'FF',9,0,4,'Current:','','',2,6),(6272,'3864285faa47ce45b99eacf372a55aa4',0,0,217,248,48,'FF',4,0,1,'w_s','','',2,5),(6271,'e1b1b80f90f321a881ef5868cf46e446',0,0,217,247,0,'FF',9,0,3,'Maximum:','','on',2,4),(6270,'30eb54c316ee143227da2c146a1fb9d7',0,0,217,247,0,'FF',9,0,1,'Average:','','',2,3),(6269,'27e040d0a2ade04b5f6056a48833a007',0,0,217,247,0,'FF',9,0,4,'Current:','','',2,2),(6268,'e0e901b81f820e29976a7bb1b43cf320',0,0,217,247,10,'FF',4,0,1,'r_s','','',2,1),(6267,'e547f60809b513c65be6188c6fb9c7d1',0,0,216,307,0,'FF',9,0,3,'Maximum:','','on',2,60),(6266,'34be034733686ef73bd6fda2e7a627d5',0,0,216,307,0,'FF',9,0,1,'Average:','','',2,59),(6265,'4e5189358b610767298959a87ad8cbc4',0,0,216,307,0,'FF',9,0,4,'Current:','','',2,58),(6264,'1c19ea9a2f41c98d1df15ad041c0ca46',0,0,216,307,56,'FF',4,0,1,'pct','','',2,57),(6263,'736a8b9915df9f0efd42955bd9e2bc6c',0,0,216,305,0,'FF',9,0,3,'Maximum:','','on',2,56),(6262,'34f89b36c5ce96cbff1e6d3306c20046',0,0,216,305,0,'FF',9,0,1,'Average:','','',2,55),(6261,'9c2db53792ed691c192a0455ef7c6893',0,0,216,305,0,'FF',9,0,4,'Current:','','',2,54),(6260,'68b3c0eada92f92ff3ef6ff98b1f9a88',0,0,216,305,27,'FF',4,0,1,'pct','','',2,53),(6259,'42b8b30d380a28626d047baba2af1c2d',0,0,216,303,0,'FF',9,0,3,'Maximum:','','on',2,52),(6258,'f22f654dc9bbb6848a51887defc7ba86',0,0,216,303,0,'FF',9,0,1,'Average:','','',2,51),(6257,'3a27b62a98ad785297a2da32b02e9a11',0,0,216,303,0,'FF',9,0,4,'Current:','','',2,50),(6256,'fa735ea68414128451b40adaf1fe1860',0,0,216,303,17,'FF',4,0,1,'pct','','',2,49),(6255,'92dac7b8f13f221460a8a27406998fe6',0,0,216,301,0,'FF',9,0,3,'Maximum:','','on',2,48),(6254,'0f4eed2c7e7675a4cf67c9fd96221c57',0,0,216,301,0,'FF',9,0,1,'Average:','','',2,47),(6253,'9ee7aa99dee01bdf8f31134860d00020',0,0,216,301,0,'FF',9,0,4,'Current:','','',2,46),(6252,'6588c73035df0e7ddcce6e015f2e0ce6',0,0,216,301,6,'FF',4,0,1,'pct','','',2,45),(6251,'00312ada1bf967ca5788bae8e0bade8a',0,0,216,299,0,'FF',9,0,3,'Maximum:','','on',2,44),(6250,'35d37e5758b70e7796baaede81467bf5',0,0,216,299,0,'FF',9,0,1,'Average:','','',2,43),(6249,'76eaebf613f46cfc925ad0e8f1a3e0ce',0,0,216,299,0,'FF',9,0,4,'Current:','','',2,42),(6248,'7370076dc267f4e93d2bbe40af898ea0',0,0,216,299,16,'FF',4,0,1,'pct','','',2,41),(6247,'b20a2a8e1de5aeecfaed3521773ec75c',0,0,216,297,0,'FF',9,0,3,'Maximum:','','on',2,40),(6246,'9449f5be6765700ca4920913b1923ea8',0,0,216,297,0,'FF',9,0,1,'Average:','','',2,39),(6245,'4fefea17b1121befed4f161ca593adab',0,0,216,297,0,'FF',9,0,4,'Current:','','',2,38),(6244,'2b810efce966a83d95d45b3ea9707b07',0,0,216,297,14,'FF',4,0,1,'pct','','',2,37),(6243,'5aa864b8e39da28cd6c84df16de0b681',0,0,216,295,0,'FF',9,0,3,'Maximum:','','on',2,36),(6242,'7f65a37c9d0ab7a901330e86deb0b650',0,0,216,295,0,'FF',9,0,1,'Average:','','',2,35),(6241,'bfc32b1dabf43868b67b479d1feb70aa',0,0,216,295,0,'FF',9,0,4,'Current:','','',2,34),(6240,'8c2fc4b9b700fb78837756a7598eeabe',0,0,216,295,13,'FF',4,0,1,'pct','','',2,33),(6239,'1a23b4fe27df85b597afbe6ecb35ee5c',0,0,216,293,0,'FF',9,0,3,'Maximum:','','on',2,32),(6238,'e61edb2901c2e465995785c46b18ba35',0,0,216,293,0,'FF',9,0,1,'Average:','','',2,31),(6237,'206d274aabbb9af5bb06fa624c3d3644',0,0,216,293,0,'FF',9,0,4,'Current:','','',2,30),(6236,'5f2be5a3dd8991f1cb2cc4e81b5ec5d8',0,0,216,293,20,'FF',4,0,1,'pct','','',2,29),(6235,'8a6828ba6a7d71b70efd049b7ea35aef',0,0,216,291,0,'FF',9,0,3,'Maximum:','','on',2,28),(6234,'9d5d73ad565a96a5ed27b804199809f0',0,0,216,291,0,'FF',9,0,1,'Average:','','',2,27),(6233,'e061b6087a403f54b40a59c2d70a0a06',0,0,216,291,0,'FF',9,0,4,'Current:','','',2,26),(6232,'9f1507a0856d8c29be3d9efd17770d72',0,0,216,291,8,'FF',4,0,1,'pct','','',2,25),(6231,'a3fa2fa9cc9df6c52847920cd31ddd17',0,0,216,289,0,'FF',9,0,3,'Maximum:','','on',2,24),(6230,'b2e02a22f13f83e04e2da1d88df32d44',0,0,216,289,0,'FF',9,0,1,'Average:','','',2,23),(6229,'c004664af00b52ffc0d59f937487c998',0,0,216,289,0,'FF',9,0,4,'Current:','','',2,22),(6228,'861244a142abf36492b9a24904151ef2',0,0,216,289,7,'FF',4,0,1,'pct','','',2,21),(6227,'3baa45158346c12b7bce8c4b169601b5',0,0,216,287,0,'FF',9,0,3,'Maximum:','','on',2,20),(6226,'c25607ccf388aa094cecf6833ab9e840',0,0,216,287,0,'FF',9,0,1,'Average:','','',2,19),(6225,'b60be682cce402257412b82f24bf9549',0,0,216,287,0,'FF',9,0,4,'Current:','','',2,18),(6224,'c3869a614fa1d6800f671ffcd5616222',0,0,216,287,25,'FF',4,0,1,'pct','','',2,17),(6223,'eba0b9586f1cbf8d8b2170b3816e9095',0,0,216,285,0,'FF',9,0,3,'Maximum:','','on',2,16),(6222,'45900224754b093a4e5af965671ab5c7',0,0,216,285,0,'FF',9,0,1,'Average:','','',2,15),(6221,'fbd97a6d04f3eb7e98a26caec54f3848',0,0,216,285,0,'FF',9,0,4,'Current:','','',2,14),(6220,'589a1fd782ef3366508311f1ade059a7',0,0,216,285,35,'FF',4,0,1,'pct','','',2,13),(6219,'7859d757af56a0320b47c0b315d942aa',0,0,216,283,0,'FF',9,0,3,'Maximum:','','on',2,12),(6218,'64d57b6a7558e5d1c0e2629998c22c12',0,0,216,283,0,'FF',9,0,1,'Average:','','',2,11),(6217,'b6e49215fee7143b2b0d8dd64944a9c8',0,0,216,283,0,'FF',9,0,4,'Current:','','',2,10),(5882,'0f54f8ab002f23dd159d1426744bafd8',0,0,208,283,0,'FF',9,0,1,'Average:','','',2,11),(5881,'ccc111322220f90d54a3e25ec97c3c57',0,0,208,283,0,'FF',9,0,4,'Current:','','',2,10),(5880,'24c54607617df159c003fb9f1e95ce5e',0,0,208,283,93,'FF',4,0,1,'pct','','',2,9),(5879,'5a7856951e2b56b3f94a080b63d217df',0,0,208,281,0,'FF',9,0,3,'Maximum:','','on',2,8),(5878,'3dbf359a907464ff0086d0b810262f7b',0,0,208,281,0,'FF',9,0,1,'Average:','','',2,7),(5877,'87fc078f56d6c6761c9ec31c51f2fc96',0,0,208,281,0,'FF',9,0,4,'Current:','','',2,6),(5876,'9a267a137f3ce7c010a46a008a0f80f0',0,0,208,281,48,'FF',4,0,1,'pct','','',2,5),(5875,'dc70f4aafddd3709b92b383d4ab63264',0,0,208,279,0,'FF',9,0,3,'Maximum:','','on',2,4),(5874,'78677acc79f7f2a51be9d9a4ae5d63f4',0,0,208,279,0,'FF',9,0,1,'Average:','','',2,3),(5873,'011dcb538433231c731eb7167e55b6bd',0,0,208,279,0,'FF',9,0,4,'Current:','','',2,2),(5872,'b43e41a6ebc95b47b3067b22840b6969',0,0,208,279,10,'FF',4,0,1,'pct','','',2,1),(5871,'f5eda6daf6a3eee7e554215430264725',0,0,207,289,0,'FF',9,0,3,'Maximum:','','on',2,24),(5870,'7b09e43258821ebb485a234b21325b0e',0,0,207,289,0,'FF',9,0,1,'Average:','','',2,23),(5869,'58fc2cb088b1ee8415d06507c69215fc',0,0,207,289,0,'FF',9,0,4,'Current:','','',2,22),(5868,'90e4d56a12155e14989e1c9a17f87fa9',0,0,207,289,7,'FF',4,0,1,'pct','','',2,21),(5867,'03dd3500bcaeecbd60b5e3d828ee1fed',0,0,207,287,0,'FF',9,0,3,'Maximum:','','on',2,20),(5866,'a784c06cb49f2e3892a9105eca60bbd1',0,0,207,287,0,'FF',9,0,1,'Average:','','',2,19),(5865,'06010a512ad9fbdd251b9f9f4255233d',0,0,207,287,0,'FF',9,0,4,'Current:','','',2,18),(5864,'451a2d28734fe5fe5e2004142c8e91fc',0,0,207,287,25,'FF',4,0,1,'pct','','',2,17),(5863,'3e335e0c56f15556752b8c2d9c0ab9c9',0,0,207,285,0,'FF',9,0,3,'Maximum:','','on',2,16),(5862,'defe36646f449a92ee69ec60afaab329',0,0,207,285,0,'FF',9,0,1,'Average:','','',2,15),(5861,'1eee7de81b23ef508eff27433d613584',0,0,207,285,0,'FF',9,0,4,'Current:','','',2,14),(5860,'657a7b7c304f1b8e14fe153d5d123f2b',0,0,207,285,35,'FF',4,0,1,'pct','','',2,13),(5859,'6968ac5ce53916e4aefc37e3f806fa2f',0,0,207,283,0,'FF',9,0,3,'Maximum:','','on',2,12),(5858,'c6c2b49873d42c0165b5235560417394',0,0,207,283,0,'FF',9,0,1,'Average:','','',2,11),(5857,'5192e50123cdfc5c2bda2194378012f9',0,0,207,283,0,'FF',9,0,4,'Current:','','',2,10),(5856,'ae2a3c05375d2f3e0caa40f252ca2393',0,0,207,283,93,'FF',4,0,1,'pct','','',2,9),(5855,'aacde5eb7aefb60d1f2b90e8507617b7',0,0,207,281,0,'FF',9,0,3,'Maximum:','','on',2,8),(5854,'fbd2bc627a0a69b565b00041a1183c66',0,0,207,281,0,'FF',9,0,1,'Average:','','',2,7),(5853,'a2ebcd01e576375b561ba295bc7088a7',0,0,207,281,0,'FF',9,0,4,'Current:','','',2,6),(5852,'8b3a812f2a420540363bdacbfc573025',0,0,207,281,48,'FF',4,0,1,'pct','','',2,5),(5851,'fa80d03d71a8101cb32a2c1a09932e64',0,0,207,279,0,'FF',9,0,3,'Maximum:','','on',2,4),(5850,'3bba46971ba972251d4567356529dacf',0,0,207,279,0,'FF',9,0,1,'Average:','','',2,3),(5849,'9d5bccae846418bfd245f2428197ba77',0,0,207,279,0,'FF',9,0,4,'Current:','','',2,2),(5848,'96b4eaeaf190397fe60afa3015bb92f8',0,0,207,279,10,'FF',4,0,1,'pct','','',2,1),(5847,'afeef2bafc6489f8f1b4815bd95dbef4',0,0,206,287,0,'FF',9,0,3,'Maximum:','','on',2,20),(5846,'539fb49cade969a2e8aa51a3d6365e07',0,0,206,287,0,'FF',9,0,1,'Average:','','',2,19),(5845,'6ee211954ec3c8134a715b885eba7e22',0,0,206,287,0,'FF',9,0,4,'Current:','','',2,18),(5844,'bdf3d0c0f4123a37f31dddc7b1e117b8',0,0,206,287,25,'FF',4,0,1,'pct','','',2,17),(5843,'d8ecf575f8909624fd62500b1834f7f8',0,0,206,285,0,'FF',9,0,3,'Maximum:','','on',2,16),(5842,'a0e7390cffa0b3bbbfc9f9be6a784dda',0,0,206,285,0,'FF',9,0,1,'Average:','','',2,15),(5841,'471507c778847979d1a1b0d6a7a1061b',0,0,206,285,0,'FF',9,0,4,'Current:','','',2,14),(5840,'fb382477924662702c53e48fe83af91f',0,0,206,285,35,'FF',4,0,1,'pct','','',2,13),(5839,'345386473485b41e31808421b13de3bb',0,0,206,283,0,'FF',9,0,3,'Maximum:','','on',2,12),(5838,'ba603ad8ebac33c1909d72f4e896f93b',0,0,206,283,0,'FF',9,0,1,'Average:','','',2,11),(5837,'95dd6330b6f7708cf1e0b65c4c9f6a81',0,0,206,283,0,'FF',9,0,4,'Current:','','',2,10),(5836,'c074bfe251fa52226e0f0b66ff9979e2',0,0,206,283,93,'FF',4,0,1,'pct','','',2,9),(5835,'fba76c2a8f7eea11659d0f212efac3e4',0,0,206,281,0,'FF',9,0,3,'Maximum:','','on',2,8),(5834,'9ba495bed1593a4aa92651b052a22cba',0,0,206,281,0,'FF',9,0,1,'Average:','','',2,7),(5833,'f9edfa8054aaab977d132807fadbe143',0,0,206,281,0,'FF',9,0,4,'Current:','','',2,6),(5832,'9f29c7947f80978894e4bc808a6934d8',0,0,206,281,48,'FF',4,0,1,'pct','','',2,5),(5831,'c143d0bc77a95b84654916c9d5ae7a52',0,0,206,279,0,'FF',9,0,3,'Maximum:','','on',2,4),(5830,'eb3a566f4e1720f5afa7e07b8fd64641',0,0,206,279,0,'FF',9,0,1,'Average:','','',2,3),(5829,'2e70c9ae0534e0105d605b0d6000d7fd',0,0,206,279,0,'FF',9,0,4,'Current:','','',2,2),(5828,'d61104374fe143b8f4f4db031d7d61c4',0,0,206,279,10,'FF',4,0,1,'pct','','',2,1),(5827,'6d8e9762b37ac96ab283decb2516999c',0,0,205,285,0,'FF',9,0,3,'Maximum:','','on',2,16),(5826,'e16d022a3966cd227b9013ec06592862',0,0,205,285,0,'FF',9,0,1,'Average:','','',2,15),(5825,'0c4049412115fc452d1137aa551e8787',0,0,205,285,0,'FF',9,0,4,'Current:','','',2,14),(5824,'3b669983077c7b2e820d135798a7c241',0,0,205,285,35,'FF',4,0,1,'pct','','',2,13),(5823,'d4f17c9a2fae34025b666a2730d71f21',0,0,205,283,0,'FF',9,0,3,'Maximum:','','on',2,12),(5822,'eaf5ff0a2983dca06fc3127449669eb2',0,0,205,283,0,'FF',9,0,1,'Average:','','',2,11),(5821,'de7b9b970b2bd9d0b2792a5abfcf8eea',0,0,205,283,0,'FF',9,0,4,'Current:','','',2,10),(5820,'53eae844a1b4907bae34555cb31fc7d8',0,0,205,283,93,'FF',4,0,1,'pct','','',2,9),(5819,'4b2039638bca8dfc66cb43df4d327ac3',0,0,205,281,0,'FF',9,0,3,'Maximum:','','on',2,8),(5818,'c0de7ae3df5ac34ac48ea854bf35cd6f',0,0,205,281,0,'FF',9,0,1,'Average:','','',2,7),(5817,'c3810a8de55c302f73f5fa594cb7b21b',0,0,205,281,0,'FF',9,0,4,'Current:','','',2,6),(5816,'26e8938bfce64903b00bd093dd319ba2',0,0,205,281,48,'FF',4,0,1,'pct','','',2,5),(5815,'80c8f5fb2115f277909e457e987ef6ad',0,0,205,279,0,'FF',9,0,3,'Maximum:','','on',2,4),(5814,'53f7aff147632b694da2d84ff7a3ef5c',0,0,205,279,0,'FF',9,0,1,'Average:','','',2,3),(5813,'b98d06c2abfe3d0cfb7fc6bbbb7a2901',0,0,205,279,0,'FF',9,0,4,'Current:','','',2,2),(5812,'eaeb0ba94f9645ae0832f3114fd91f7c',0,0,205,279,10,'FF',4,0,1,'pct','','',2,1),(5811,'71c8106503f4221599d3558513c71bcb',0,0,204,283,0,'FF',9,0,3,'Maximum:','','on',2,12),(5810,'1643b02ac2ea4640dd9643e2e88a1863',0,0,204,283,0,'FF',9,0,1,'Average:','','',2,11),(5809,'c55f5c1dd3b0d99d32498029a5713974',0,0,204,283,0,'FF',9,0,4,'Current:','','',2,10),(5808,'cd5af4e9dc1b0370580b89606c17478e',0,0,204,283,93,'FF',4,0,1,'pct','','',2,9),(5807,'26fc7fee54db915125980536805f9581',0,0,204,281,0,'FF',9,0,3,'Maximum:','','on',2,8),(5806,'c7f50e8f861f6f1045e7814751428dcc',0,0,204,281,0,'FF',9,0,1,'Average:','','',2,7),(5805,'5556f8315357ef136ef9ee0b0adda9ee',0,0,204,281,0,'FF',9,0,4,'Current:','','',2,6),(5804,'0ca0f0bc38267ac4832cf06fce13e448',0,0,204,281,48,'FF',4,0,1,'pct','','',2,5),(5803,'86c2456e1cd33500a8ad556749e9adf2',0,0,204,279,0,'FF',9,0,3,'Maximum:','','on',2,4),(5802,'670a1d5952666ff6e537db1043c9607c',0,0,204,279,0,'FF',9,0,1,'Average:','','',2,3),(5801,'9697117d31e4c61544192df5358af135',0,0,204,279,0,'FF',9,0,4,'Current:','','',2,2),(5800,'baf9b82e9a2c4610550adeec5ee4e784',0,0,204,279,10,'FF',4,0,1,'pct','','',2,1),(5799,'1bd5478b6c45e5d49e53916d7a254579',0,0,203,281,0,'FF',9,0,3,'Maximum:','','on',2,8),(5798,'8c3d40f56d1d40b33024734581ac9bb1',0,0,203,281,0,'FF',9,0,1,'Average:','','',2,7),(5797,'b5789f7b763cc057354f01f60d19414a',0,0,203,281,0,'FF',9,0,4,'Current:','','',2,6),(5796,'76e514eeb2352262b1d4288b7abcaa5d',0,0,203,281,48,'FF',4,0,1,'pct','','',2,5),(5795,'96264a75da8d0ebad13a36bd5038343d',0,0,203,279,0,'FF',9,0,3,'Maximum:','','on',2,4),(5794,'8d948e264917f34935fc4b818912b5ef',0,0,203,279,0,'FF',9,0,1,'Average:','','',2,3),(5793,'f725ed9083704ee29a115ba058634c12',0,0,203,279,0,'FF',9,0,4,'Current:','','',2,2),(5792,'67c1869b9d6197748e82875c92f7080b',0,0,203,279,10,'FF',4,0,1,'pct','','',2,1),(5791,'159d92b7084644d2ab49826c37c10086',0,0,202,279,0,'FF',9,0,3,'Maximum:','','on',2,4),(5790,'c37d06006e3a9298c903f412db2504f9',0,0,202,279,0,'FF',9,0,1,'Average:','','',2,3),(5789,'c6131d08968f14bac8272aaec91df5d3',0,0,202,279,0,'FF',9,0,4,'Current:','','',2,2),(5788,'dde5b24a4dfd7e1db6301ac0811e56d4',0,0,202,279,10,'FF',4,0,1,'pct','','',2,1),(5787,'427e17a5c2160621fc12aaa7b5f3f872',0,0,201,273,0,'FF',9,14,3,'Maximum:','','on',2,4),(5786,'47d2cca1de5a1e09cfe58680905de3fd',0,0,201,273,0,'FF',9,14,1,'Average:','','',2,3),(5785,'19bc23c359d329a61ca376849314a390',0,0,201,273,0,'FF',9,14,4,'Current:','','',2,2),(5784,'b7140d41bc707506869ca3de27b066f0',0,0,201,273,10,'FF',4,14,1,'used','','',2,1),(5783,'dfa9a9f10c0bad492ef691081a02229b',0,0,200,277,0,'FF',9,14,3,'Maximum:','','on',2,22),(5782,'a8046d417ef98a03c44811ffe75ff1da',0,0,200,277,0,'FF',9,14,1,'Average:','','',2,21),(5781,'44002ce856f05c89a8d8ee5ea822863f',0,0,200,277,0,'FF',9,14,4,'Current:','','',2,20),(5780,'610b05f17b8d858b6b186f08fa894c8b',0,0,200,277,25,'FF',8,14,1,'free','','',2,19),(5779,'2576e3ec64b604703f5c549190c3eed6',0,0,200,276,0,'FF',9,14,3,'Maximum:','','on',2,18),(5778,'d756f9d512bf2e709bde4f5209dd65e1',0,0,200,276,0,'FF',9,14,1,'Average:','','',2,17),(5777,'9bdf91d1b6555dd970249661faaf721d',0,0,200,276,0,'FF',9,14,4,'Current:','','',2,16),(5776,'4bf8cb80394397f40a17ed438c04737d',0,0,200,276,35,'FF',8,14,1,'cached','','',2,15),(5775,'58703103d79224713a425fb4a2041687',0,0,200,275,0,'FF',9,14,3,'Maximum:','','on',2,14),(5774,'865663f5c8f3f87c7e40bcfdea8b8475',0,0,200,275,0,'FF',9,14,1,'Average:','','',2,13),(5773,'169f3f6e1a833b48d061ece3e4330fd6',0,0,200,275,0,'FF',9,14,4,'Current:','','',2,12),(5772,'4b0e6bda155cdd1393b9f699b7cffabe',0,0,200,275,93,'FF',8,14,1,'buffers','','',2,11),(5771,'0695ead53d4f0a6e7a6348248174e7bc',0,0,200,274,0,'FF',9,14,3,'Maximum:','','on',2,10),(5770,'7b727366d0f2781eb1e29ca3bf86ec01',0,0,200,274,0,'FF',9,14,1,'Average:','','',2,9),(5769,'f561d50ed8a48249717cde04eea7b0cf',0,0,200,274,0,'FF',9,14,4,'Current:','','',2,8),(5768,'0da8eec074628fcbd97da6cfe90e0df7',0,0,200,274,48,'FF',8,14,1,'shared','','',2,7),(5767,'edee6aa58681991eabf21bcf8edaaff9',0,0,200,273,0,'FF',9,14,3,'Maximum:','','on',2,6),(5766,'4e9e502c10b145a75ba9bcfd05a619cf',0,0,200,273,0,'FF',9,14,1,'Average:','','',2,5),(5765,'68e616f15c3c8602970902743c534109',0,0,200,273,0,'FF',9,14,4,'Current:','','',2,4),(5764,'4973d0c64eb4934fdc5e23e67a09a7fa',0,0,200,273,10,'FF',7,14,1,'used','','',2,3),(5763,'27c700e0ccaf60bc36b85084ffbca547',0,0,200,0,9,'FF',2,0,1,'threshold','','on',2,2),(5762,'bb49206a995123ff37e55fe61f0f7714',0,0,200,0,0,'FF',1,0,1,'comment','','on',2,1),(5761,'7958f2c1a376a1aea44100555501ae0c',0,0,199,311,0,'FF',9,0,3,'Maximum:','','on',2,12),(5760,'290547f9a6adca95ab13b4f60ba61afd',0,0,199,311,0,'FF',9,0,1,'Average:','','',2,11),(5757,'2c3a1dad6b3a925f0ebcfb11b228ce79',0,0,199,310,0,'FF',9,0,3,'Maximum:','','on',2,8),(5758,'d30247aaec8246dd1281e73aee830c55',0,0,199,311,9,'FF',4,0,1,'load15m','','',2,9),(5759,'f6e2738834960dafdde008f8eedec305',0,0,199,311,0,'FF',9,0,4,'Current:','','',2,10),(6216,'33c10e274e8df64d02a3e2b9d5297986',0,0,216,283,93,'FF',4,0,1,'pct','','',2,9),(6215,'1ee272bda219bd2fe658379c8a6d442c',0,0,216,281,0,'FF',9,0,3,'Maximum:','','on',2,8),(6214,'18470f831cd02d8e5ef3ec77c326172b',0,0,216,281,0,'FF',9,0,1,'Average:','','',2,7),(6213,'352e62492a0cc709a4b096c11edc8e2d',0,0,216,281,0,'FF',9,0,4,'Current:','','',2,6),(6212,'3a107cd057f6895b65f4f5459265b422',0,0,216,281,48,'FF',4,0,1,'pct','','',2,5),(6211,'c2d5d4966b98660fdf7d18e718ea0e4b',0,0,216,279,0,'FF',9,0,3,'Maximum:','','on',2,4),(6210,'853cf5f48fd67149b64f4a40618fdf1e',0,0,216,279,0,'FF',9,0,1,'Average:','','',2,3),(6209,'b7bb2278f3766bd1e7ac860d3811ed03',0,0,216,279,0,'FF',9,0,4,'Current:','','',2,2),(5756,'0e64d5aba7357d8b10e4bed6977136f5',0,0,199,310,0,'FF',9,0,1,'Average:','','',2,7),(5755,'707dafbdb1f7508930b1ad30bf689050',0,0,199,310,0,'FF',9,0,4,'Current:','','',2,6),(5754,'baeb8efb6e1c51885c3ca8de088804f3',0,0,199,310,33,'FF',4,0,1,'load5m','','',2,5),(5753,'d80a7820df50401a5bc11156d30b36c5',0,0,199,309,0,'FF',9,0,3,'Maximum:','','on',2,4),(5752,'83911dd491ae79886793d1c7fa19b53f',0,0,199,309,0,'FF',9,0,1,'Average:','','',2,3),(5751,'197629d24362368654a113dc94682708',0,0,199,309,0,'FF',9,0,4,'Current:','','',2,2),(5750,'807e955a5116ea741d328ea6dbc046e9',0,0,199,309,31,'FF',4,0,1,'load1m','','',2,1),(5749,'32e254ceb5ca4f0396d3a767c201671e',0,0,198,470,0,'FF',9,0,3,'Maximum:','','on',2,8),(5748,'17eb75fddd203f77c982e84b3c35867e',0,0,198,470,0,'FF',9,0,1,'Average:','','',2,7),(5747,'23c432e128ef646d39148e306d6be119',0,0,198,470,0,'FF',9,0,4,'Current:','','',2,6),(5746,'b7f8d7613ea1dbd1e02a9237b0e1e48a',0,0,198,470,48,'FF',4,0,1,'so','','',2,5),(5745,'fabe470b71f5d569ca2dbab0e57b3a39',0,0,198,469,0,'FF',9,0,3,'Maximum:','','on',2,4),(5744,'da41ac694d12d90731c11dcc68f01507',0,0,198,469,0,'FF',9,0,1,'Average:','','',2,3),(5743,'c891672ce8eefaf543e4e6a504d38206',0,0,198,469,0,'FF',9,0,4,'Current:','','',2,2),(5742,'b4921c8e258b516b74f1f5a2556e96e3',0,0,198,469,10,'FF',4,0,1,'si','','',2,1),(5741,'0a87984cde3235e4030dc4dda147ed6f',0,0,197,468,0,'FF',9,14,3,'Maximum:','','on',2,4),(5740,'47543018b1a6ba31e8e2d44a1b4c2b7d',0,0,197,468,0,'FF',9,14,1,'Average:','','',2,3),(5739,'abe7327bee9ebccec14bc37060b3be2c',0,0,197,468,0,'FF',9,14,4,'Current:','','',2,2),(5738,'81a76711b25cabb4488c5aeb9b363459',0,0,197,468,10,'FF',7,14,1,'free','','',2,1),(5737,'5953a8d8cea138bb94b4eac920332e76',0,0,196,467,0,'FF',9,0,3,'Maximum:','','on',2,8),(5736,'89e008c573844379c8630d0f6493acc1',0,0,196,467,0,'FF',9,0,1,'Average:','','',2,7),(5735,'1854fe7da48cee9e9a1a505dad2843f4',0,0,196,467,0,'FF',9,0,4,'Current:','','',2,6),(5734,'bd508b16ffea6016dfafe240ab8e44a0',0,0,196,467,48,'FF',4,0,1,'b','','',2,5),(5729,'72c90610b5ed3531c83cd2862c784442',0,0,195,465,0,'FF',9,0,3,'Maximum:','','on',2,13),(5730,'878f93dda2d81b2892955d8921d17ab5',0,0,196,466,10,'FF',4,0,1,'r','','',2,1),(5731,'74004656bdee3adfd048d92a0e649e96',0,0,196,466,0,'FF',9,0,4,'Current:','','',2,2),(5732,'cc9daa5db6382b13293af5d52fd5ddb2',0,0,196,466,0,'FF',9,0,1,'Average:','','',2,3),(5733,'e6e0feeb3d9dd346d4c518a05f54e38a',0,0,196,466,0,'FF',9,0,3,'Maximum:','','on',2,4),(6208,'fb43218c7f6d5cf345132ee0767df4b4',0,0,216,279,10,'FF',4,0,1,'pct','','',2,1),(6207,'b5fa3b39e17fba88010ef0e5c53b51d2',0,0,215,305,0,'FF',9,0,3,'Maximum:','','on',2,56),(6206,'9e91d80e07bf0c2e974e6f216176082e',0,0,215,305,0,'FF',9,0,1,'Average:','','',2,55),(6205,'01f26874d9f3e4238d023277f6398410',0,0,215,305,0,'FF',9,0,4,'Current:','','',2,54),(6204,'14ac9c106bc877f2751caa95600cda1d',0,0,215,305,27,'FF',4,0,1,'pct','','',2,53),(6203,'8315a86f06e8a1f3113d41af6e31743f',0,0,215,303,0,'FF',9,0,3,'Maximum:','','on',2,52),(6202,'991f45f0672e135f43f5eea3cec520cc',0,0,215,303,0,'FF',9,0,1,'Average:','','',2,51),(6201,'2e440caa640d45d80a49abb9169c343e',0,0,215,303,0,'FF',9,0,4,'Current:','','',2,50),(6200,'d929840d97a4e72ff64ca78628bd48a5',0,0,215,303,17,'FF',4,0,1,'pct','','',2,49),(6199,'1a80469b9dee676278ec9df59a3af142',0,0,215,301,0,'FF',9,0,3,'Maximum:','','on',2,48),(6198,'f21302f8f4aa0ab09e124d939b2a62fe',0,0,215,301,0,'FF',9,0,1,'Average:','','',2,47),(6197,'32b057bdc2fa5c8b4572569bed0cc490',0,0,215,301,0,'FF',9,0,4,'Current:','','',2,46),(6196,'c278cd4afe1e6b5bb61ff54a732b519a',0,0,215,301,6,'FF',4,0,1,'pct','','',2,45),(6195,'d69c3a0ee3692db3c6714b8e54596bed',0,0,215,299,0,'FF',9,0,3,'Maximum:','','on',2,44),(6194,'84628382b08c932375405e2934c2f6d6',0,0,215,299,0,'FF',9,0,1,'Average:','','',2,43),(6193,'34aabe3b5805db93cd8bea63b6adb88a',0,0,215,299,0,'FF',9,0,4,'Current:','','',2,42),(6192,'d4d03d5bcaaccc397fa4b60ef673c787',0,0,215,299,16,'FF',4,0,1,'pct','','',2,41),(6191,'fe9e816dd163a98a5d052acd726d0a56',0,0,215,297,0,'FF',9,0,3,'Maximum:','','on',2,40),(6190,'5ba35377eff03371b086d99f3b0145b6',0,0,215,297,0,'FF',9,0,1,'Average:','','',2,39),(6189,'fe22f289ad620afb8f19384449f321df',0,0,215,297,0,'FF',9,0,4,'Current:','','',2,38),(6188,'0ebf6bebcdc70a6cc5258069fcd3e33e',0,0,215,297,14,'FF',4,0,1,'pct','','',2,37),(6187,'a6e7951e89a19ca6cb2396d047fa86a4',0,0,215,295,0,'FF',9,0,3,'Maximum:','','on',2,36),(6186,'0ab323b79643b7d570c041d5f7e2133b',0,0,215,295,0,'FF',9,0,1,'Average:','','',2,35),(6185,'7f7dd48f527876ffa914fc4b56a1e3be',0,0,215,295,0,'FF',9,0,4,'Current:','','',2,34),(6184,'77413715ee3fdbccacf55d54a2956af1',0,0,215,295,13,'FF',4,0,1,'pct','','',2,33),(6183,'be7c3563e36ad7389367d198fa660cb7',0,0,215,293,0,'FF',9,0,3,'Maximum:','','on',2,32),(6182,'ba4fc1a75f8eadbe7ce2f43278696426',0,0,215,293,0,'FF',9,0,1,'Average:','','',2,31),(6181,'e1cbac061d34613efdb3c0c1f0c95a0a',0,0,215,293,0,'FF',9,0,4,'Current:','','',2,30),(6180,'f24788afd97f3b46b7f61241746c117e',0,0,215,293,20,'FF',4,0,1,'pct','','',2,29),(6179,'187620e0d67eb703d2e67a276cbb447d',0,0,215,291,0,'FF',9,0,3,'Maximum:','','on',2,28),(6178,'02917fefb6a07560663d210897de1af7',0,0,215,291,0,'FF',9,0,1,'Average:','','',2,27),(6177,'2d124ab00e214ccd4f452471bf12f510',0,0,215,291,0,'FF',9,0,4,'Current:','','',2,26),(6176,'bfd0b3bfc9bb35c373e927a23a0dfae2',0,0,215,291,8,'FF',4,0,1,'pct','','',2,25),(6175,'062517b1b8422b988da98693643a81ca',0,0,215,289,0,'FF',9,0,3,'Maximum:','','on',2,24),(6174,'c8eeeee29722a34c9780e3bfcad5baef',0,0,215,289,0,'FF',9,0,1,'Average:','','',2,23),(6173,'38c440790d1ed8305f1e00216a6e9f6d',0,0,215,289,0,'FF',9,0,4,'Current:','','',2,22),(6172,'828c3518ddafe319bc5677a040c9f644',0,0,215,289,7,'FF',4,0,1,'pct','','',2,21),(6171,'3de0370d4f288af22025216b2d402cff',0,0,215,287,0,'FF',9,0,3,'Maximum:','','on',2,20),(6170,'26a6e90be77fb951ee6deb03b7a6b429',0,0,215,287,0,'FF',9,0,1,'Average:','','',2,19),(6169,'99ac66fe451d417ab890417ff8901c4d',0,0,215,287,0,'FF',9,0,4,'Current:','','',2,18),(6168,'c52ad3fe5ac02f1cafe7fbe75f6dde48',0,0,215,287,25,'FF',4,0,1,'pct','','',2,17),(6167,'e64fd0cd53bada1de2c7d61b913f989a',0,0,215,285,0,'FF',9,0,3,'Maximum:','','on',2,16),(6166,'24b96824a92d32c056e3e2e9e9a39de1',0,0,215,285,0,'FF',9,0,1,'Average:','','',2,15),(6165,'3d9394dea2e578c8830f6fbc920947a0',0,0,215,285,0,'FF',9,0,4,'Current:','','',2,14),(6164,'8fea210568ceccf68f6d250d3dcb7d16',0,0,215,285,35,'FF',4,0,1,'pct','','',2,13),(6163,'de47f3fa7ce3f0b82420901c15bc8a07',0,0,215,283,0,'FF',9,0,3,'Maximum:','','on',2,12),(6162,'2d9a59b14a9fe7d82a40016ece2abfbc',0,0,215,283,0,'FF',9,0,1,'Average:','','',2,11),(6161,'1bb49c96833912a3f07957fdc04990a3',0,0,215,283,0,'FF',9,0,4,'Current:','','',2,10),(6160,'6c7a9d80dba2695dddedd63c2c4e6501',0,0,215,283,93,'FF',4,0,1,'pct','','',2,9),(6159,'be877189d09dd8e3dc65ad38278b04ce',0,0,215,281,0,'FF',9,0,3,'Maximum:','','on',2,8),(6158,'6efbac39e1fa1e15b38520d27c065251',0,0,215,281,0,'FF',9,0,1,'Average:','','',2,7),(6157,'2ee86e71e0b20c2dbf98402bfde49cee',0,0,215,281,0,'FF',9,0,4,'Current:','','',2,6),(6156,'a27be22dd7980ff34e6bd38dcf89644b',0,0,215,281,48,'FF',4,0,1,'pct','','',2,5),(6155,'16595f901cd05cae712d1e3c05d428fc',0,0,215,279,0,'FF',9,0,3,'Maximum:','','on',2,4),(6154,'2206af37fd610db5475f955ae0d909c7',0,0,215,279,0,'FF',9,0,1,'Average:','','',2,3),(6153,'8013b0ac9b7ee9d1934563e29ba38cc1',0,0,215,279,0,'FF',9,0,4,'Current:','','',2,2),(6152,'d0c05bb1b8c7070266198184bab05bc5',0,0,215,279,10,'FF',4,0,1,'pct','','',2,1),(6151,'35eecfebfd0cbc96709051f634abfba9',0,0,214,303,0,'FF',9,0,3,'Maximum:','','on',2,52),(6150,'ad31b3560e236b8c9b50b7925c1b4d40',0,0,214,303,0,'FF',9,0,1,'Average:','','',2,51),(6149,'14ece2d3eaeeb7069a2d03cd4001da27',0,0,214,303,0,'FF',9,0,4,'Current:','','',2,50),(6148,'047c5a4d0071261e72853b0418d91587',0,0,214,303,17,'FF',4,0,1,'pct','','',2,49),(6147,'9093d8efb0283b07e43a0ba220248c7f',0,0,214,301,0,'FF',9,0,3,'Maximum:','','on',2,48),(6146,'157d506591bc770f5d4510053ce2fb31',0,0,214,301,0,'FF',9,0,1,'Average:','','',2,47),(6145,'6bccfb0ba7f5ba9fe56fcfad98f93742',0,0,214,301,0,'FF',9,0,4,'Current:','','',2,46),(6144,'77590bbe5a6895d91d744aa0f07466cf',0,0,214,301,6,'FF',4,0,1,'pct','','',2,45),(6143,'9f567e4b27d66cb6db07707e1065de28',0,0,214,299,0,'FF',9,0,3,'Maximum:','','on',2,44),(6142,'586a8481dde6cad906692586fab79ce0',0,0,214,299,0,'FF',9,0,1,'Average:','','',2,43),(6141,'978303838f48d638fb8686e409972e05',0,0,214,299,0,'FF',9,0,4,'Current:','','',2,42),(6140,'f8d8105e21ea5e1f290333cddba26dd7',0,0,214,299,16,'FF',4,0,1,'pct','','',2,41),(6139,'4979cf9a692194e82a5869fa05e77241',0,0,214,297,0,'FF',9,0,3,'Maximum:','','on',2,40),(6138,'152df2e206f8679e673070e5d2b3594e',0,0,214,297,0,'FF',9,0,1,'Average:','','',2,39),(6137,'be3423675d990486eae32e60b9f88f46',0,0,214,297,0,'FF',9,0,4,'Current:','','',2,38),(6136,'0409b10c98059844a8df36e03e6b6149',0,0,214,297,14,'FF',4,0,1,'pct','','',2,37),(6135,'3772357cb3146205a45e5cbf0f68db9f',0,0,214,295,0,'FF',9,0,3,'Maximum:','','on',2,36),(6134,'4f253441ed8e6a53cfde2c306ba4eaaf',0,0,214,295,0,'FF',9,0,1,'Average:','','',2,35),(6133,'f991eb7cfbaef8b702e435f0ca147239',0,0,214,295,0,'FF',9,0,4,'Current:','','',2,34),(6132,'df44d1ab02da010e9d47ac83cf74ae53',0,0,214,295,13,'FF',4,0,1,'pct','','',2,33),(6131,'98d6e8095349c0be920f188d004028b2',0,0,214,293,0,'FF',9,0,3,'Maximum:','','on',2,32),(6130,'150ae65b7c4ab4a20fb7d2d8d290993e',0,0,214,293,0,'FF',9,0,1,'Average:','','',2,31),(6129,'3fd94dd1de2ce8b5c27f52abffecffdb',0,0,214,293,0,'FF',9,0,4,'Current:','','',2,30),(6128,'f4643690795fb6933a6f84d747bb156d',0,0,214,293,20,'FF',4,0,1,'pct','','',2,29),(6127,'4db189a2b23700124ad28c896eb6c4eb',0,0,214,291,0,'FF',9,0,3,'Maximum:','','on',2,28),(6126,'139fec37a762df2f9112a6bcc579ce7a',0,0,214,291,0,'FF',9,0,1,'Average:','','',2,27),(6125,'366ce2398d219dbb5bd7201278060b4b',0,0,214,291,0,'FF',9,0,4,'Current:','','',2,26),(6124,'8ea45d57a380329dafc606ee3d23f950',0,0,214,291,8,'FF',4,0,1,'pct','','',2,25),(6123,'c2169b6c054bcbd68f7423ebcf50fda9',0,0,214,289,0,'FF',9,0,3,'Maximum:','','on',2,24),(6122,'f6082f89b2fb65bef9770c87c263cf5f',0,0,214,289,0,'FF',9,0,1,'Average:','','',2,23),(6121,'c3187f4cd0da3f77b8717fea64f46e01',0,0,214,289,0,'FF',9,0,4,'Current:','','',2,22),(6120,'93a8b5e515c09220a1d5eb6b8b200501',0,0,214,289,7,'FF',4,0,1,'pct','','',2,21),(6119,'412b5f8d538c940bf18fcc82975857e1',0,0,214,287,0,'FF',9,0,3,'Maximum:','','on',2,20),(6118,'0bf115f97d4e5279943ef7a70721ff7e',0,0,214,287,0,'FF',9,0,1,'Average:','','',2,19),(6117,'0e24f0a6aacbd23ab86e2081578683f1',0,0,214,287,0,'FF',9,0,4,'Current:','','',2,18),(6116,'191786a5b601403d804b9e4e02590122',0,0,214,287,25,'FF',4,0,1,'pct','','',2,17),(6115,'55a1c91409068c6063c4610933454835',0,0,214,285,0,'FF',9,0,3,'Maximum:','','on',2,16),(6114,'9d0992099a5f00d605627f07143e0ffb',0,0,214,285,0,'FF',9,0,1,'Average:','','',2,15),(6113,'ebd96ccd4ae7f259776c964d336e7de7',0,0,214,285,0,'FF',9,0,4,'Current:','','',2,14),(6112,'200581a20de449df3730d99c47733ef7',0,0,214,285,35,'FF',4,0,1,'pct','','',2,13),(6111,'99d4e2024c355e0da79468da9744b197',0,0,214,283,0,'FF',9,0,3,'Maximum:','','on',2,12),(6110,'e673efc30f359019fd8eadcc824c62d0',0,0,214,283,0,'FF',9,0,1,'Average:','','',2,11),(6109,'bd40e0959c761501c1ea77895fd56721',0,0,214,283,0,'FF',9,0,4,'Current:','','',2,10),(6108,'ff090f3a5ca8fac82988ee8acaca8685',0,0,214,283,93,'FF',4,0,1,'pct','','',2,9),(6107,'cca797e3e9ab59ac28f9d9e6291128bd',0,0,214,281,0,'FF',9,0,3,'Maximum:','','on',2,8),(6106,'d5ad52fe9b9075a35eb5bde0cf466a8a',0,0,214,281,0,'FF',9,0,1,'Average:','','',2,7),(6105,'9e6d376166fc2c64e5fe14596f1729f2',0,0,214,281,0,'FF',9,0,4,'Current:','','',2,6),(6104,'7fe29246c23b4f60964d380d4e203859',0,0,214,281,48,'FF',4,0,1,'pct','','',2,5),(6103,'5ea95ce8def068818b7703a1fb6d6b36',0,0,214,279,0,'FF',9,0,3,'Maximum:','','on',2,4),(6102,'ffb9a4b790f91e2ce870cd0f88c8d701',0,0,214,279,0,'FF',9,0,1,'Average:','','',2,3),(8418,'',346,0,297,346,0,'FF',9,0,3,'Maximum:',NULL,'on',2,13),(8417,'',346,0,297,346,0,'FF',9,0,1,'Average:',NULL,'',2,12),(8416,'',346,0,297,346,0,'FF',9,0,4,'Current:',NULL,'',2,11),(8415,'',346,0,297,346,93,'FF',8,0,1,'InterruptTime',NULL,'',2,10),(8414,'',345,0,297,345,0,'FF',9,0,3,'Maximum:',NULL,'on',2,9),(8413,'',345,0,297,345,0,'FF',9,0,1,'Average:',NULL,'',2,8),(8412,'',345,0,297,345,0,'FF',9,0,4,'Current:',NULL,'',2,7),(8411,'',345,0,297,345,48,'FF',8,0,1,'PrivilegedTime',NULL,'',2,6),(8410,'',344,0,297,344,0,'FF',9,0,3,'Maximum:',NULL,'on',2,5),(8409,'',344,0,297,344,0,'FF',9,0,1,'Average:',NULL,'',2,4),(8408,'',344,0,297,344,0,'FF',9,0,4,'Current:',NULL,'',2,3),(8407,'',344,0,297,344,10,'FF',7,0,1,'UserTime',NULL,'',2,2),(8406,'',0,0,297,0,0,'FF',1,0,1,'comment',NULL,'on',2,1),(8384,'',360,0,295,360,0,'FF',9,0,3,'Maximum:',NULL,'on',2,8),(8383,'',360,0,295,360,0,'FF',9,0,1,'Average:',NULL,'',2,7),(8382,'',360,0,295,360,0,'FF',9,0,4,'Current:',NULL,'',2,6),(8381,'',360,0,295,360,48,'FF',4,0,1,'DiskWriteElapse',NULL,'',2,5),(8380,'',359,0,295,359,0,'FF',9,0,3,'Maximum:',NULL,'on',2,4),(8379,'',359,0,295,359,0,'FF',9,0,1,'Average:',NULL,'',2,3),(8378,'',359,0,295,359,0,'FF',9,0,4,'Current:',NULL,'',2,2),(8377,'',359,0,295,359,10,'FF',4,0,1,'DiskReadElapse',NULL,'',2,1),(8376,'',358,0,294,358,0,'FF',9,0,3,'Maximum:',NULL,'on',2,8),(8375,'',358,0,294,358,0,'FF',9,0,1,'Average:',NULL,'',2,7),(8374,'',358,0,294,358,0,'FF',9,0,4,'Current:',NULL,'',2,6),(8373,'',358,0,294,358,48,'FF',4,0,1,'DiskWriteBytesSec',NULL,'',2,5),(8372,'',357,0,294,357,0,'FF',9,0,3,'Maximum:',NULL,'on',2,4),(8371,'',357,0,294,357,0,'FF',9,0,1,'Average:',NULL,'',2,3),(8370,'',357,0,294,357,0,'FF',9,0,4,'Current:',NULL,'',2,2),(8369,'',357,0,294,357,10,'FF',4,0,1,'DiskReadBytesSec',NULL,'',2,1),(8368,'',356,0,293,356,0,'FF',9,0,3,'Maximum:',NULL,'on',2,8),(8367,'',356,0,293,356,0,'FF',9,0,1,'Average:',NULL,'',2,7),(8366,'',356,0,293,356,0,'FF',9,0,4,'Current:',NULL,'',2,6),(8365,'',356,0,293,356,48,'FF',4,0,1,'DiskWritesSec',NULL,'',2,5),(8364,'',355,0,293,355,0,'FF',9,0,3,'Maximum:',NULL,'on',2,4),(8363,'',355,0,293,355,0,'FF',9,0,1,'Average:',NULL,'',2,3),(8362,'',355,0,293,355,0,'FF',9,0,4,'Current:',NULL,'',2,2),(8361,'',355,0,293,355,10,'FF',4,0,1,'DiskReadsSec',NULL,'',2,1),(8360,'',442,0,292,442,0,'FF',9,16,3,'Maximum:',NULL,'on',2,60),(8359,'',442,0,292,442,0,'FF',9,16,1,'Average:',NULL,'',2,59),(8358,'',442,0,292,442,0,'FF',9,16,4,'Current:',NULL,'',2,58),(8357,'',442,0,292,442,56,'FF',5,16,1,'DiskIdleTime',NULL,'',2,57),(8356,'',440,0,292,440,0,'FF',9,16,3,'Maximum:',NULL,'on',2,56),(8355,'',440,0,292,440,0,'FF',9,16,1,'Average:',NULL,'',2,55),(8354,'',440,0,292,440,0,'FF',9,16,4,'Current:',NULL,'',2,54),(8353,'',440,0,292,440,27,'FF',5,16,1,'DiskIdleTime',NULL,'',2,53),(8352,'',438,0,292,438,0,'FF',9,16,3,'Maximum:',NULL,'on',2,52),(8351,'',438,0,292,438,0,'FF',9,16,1,'Average:',NULL,'',2,51),(8350,'',438,0,292,438,0,'FF',9,16,4,'Current:',NULL,'',2,50),(8349,'',438,0,292,438,17,'FF',5,16,1,'DiskIdleTime',NULL,'',2,49),(8348,'',436,0,292,436,0,'FF',9,16,3,'Maximum:',NULL,'on',2,48),(8347,'',436,0,292,436,0,'FF',9,16,1,'Average:',NULL,'',2,47),(8346,'',436,0,292,436,0,'FF',9,16,4,'Current:',NULL,'',2,46),(8345,'',436,0,292,436,6,'FF',5,16,1,'DiskIdleTime',NULL,'',2,45),(8344,'',434,0,292,434,0,'FF',9,16,3,'Maximum:',NULL,'on',2,44),(8343,'',434,0,292,434,0,'FF',9,16,1,'Average:',NULL,'',2,43),(8342,'',434,0,292,434,0,'FF',9,16,4,'Current:',NULL,'',2,42),(8341,'',434,0,292,434,16,'FF',5,16,1,'DiskIdleTime',NULL,'',2,41),(8340,'',432,0,292,432,0,'FF',9,16,3,'Maximum:',NULL,'on',2,40),(8339,'',432,0,292,432,0,'FF',9,16,1,'Average:',NULL,'',2,39),(8338,'',432,0,292,432,0,'FF',9,16,4,'Current:',NULL,'',2,38),(8337,'',432,0,292,432,14,'FF',5,16,1,'DiskIdleTime',NULL,'',2,37),(8336,'',430,0,292,430,0,'FF',9,16,3,'Maximum:',NULL,'on',2,36),(8335,'',430,0,292,430,0,'FF',9,16,1,'Average:',NULL,'',2,35),(8334,'',430,0,292,430,0,'FF',9,16,4,'Current:',NULL,'',2,34),(8333,'',430,0,292,430,13,'FF',5,16,1,'DiskIdleTime',NULL,'',2,33),(8332,'',428,0,292,428,0,'FF',9,16,3,'Maximum:',NULL,'on',2,32),(8331,'',428,0,292,428,0,'FF',9,16,1,'Average:',NULL,'',2,31),(8330,'',428,0,292,428,0,'FF',9,16,4,'Current:',NULL,'',2,30),(8329,'',428,0,292,428,20,'FF',5,16,1,'DiskIdleTime',NULL,'',2,29),(8328,'',426,0,292,426,0,'FF',9,16,3,'Maximum:',NULL,'on',2,28),(8327,'',426,0,292,426,0,'FF',9,16,1,'Average:',NULL,'',2,27),(8326,'',426,0,292,426,0,'FF',9,16,4,'Current:',NULL,'',2,26),(8325,'',426,0,292,426,8,'FF',5,16,1,'DiskIdleTime',NULL,'',2,25),(8324,'',424,0,292,424,0,'FF',9,16,3,'Maximum:',NULL,'on',2,24),(8323,'',424,0,292,424,0,'FF',9,16,1,'Average:',NULL,'',2,23),(8322,'',424,0,292,424,0,'FF',9,16,4,'Current:',NULL,'',2,22),(8321,'',424,0,292,424,7,'FF',5,16,1,'DiskIdleTime',NULL,'',2,21),(8320,'',422,0,292,422,0,'FF',9,16,3,'Maximum:',NULL,'on',2,20),(8319,'',422,0,292,422,0,'FF',9,16,1,'Average:',NULL,'',2,19),(7951,'',418,0,283,418,0,'FF',9,16,1,'Average:',NULL,'',2,11),(7952,'',418,0,283,418,0,'FF',9,16,3,'Maximum:',NULL,'on',2,12),(7953,'',420,0,283,420,35,'FF',5,16,1,'DiskIdleTime',NULL,'',2,13),(7954,'',420,0,283,420,0,'FF',9,16,4,'Current:',NULL,'',2,14),(7955,'',420,0,283,420,0,'FF',9,16,1,'Average:',NULL,'',2,15),(7956,'',420,0,283,420,0,'FF',9,16,3,'Maximum:',NULL,'on',2,16),(7957,'',422,0,283,422,25,'FF',5,16,1,'DiskIdleTime',NULL,'',2,17),(7958,'',422,0,283,422,0,'FF',9,16,4,'Current:',NULL,'',2,18),(7959,'',422,0,283,422,0,'FF',9,16,1,'Average:',NULL,'',2,19),(7960,'',422,0,283,422,0,'FF',9,16,3,'Maximum:',NULL,'on',2,20),(7961,'',424,0,283,424,7,'FF',5,16,1,'DiskIdleTime',NULL,'',2,21),(7962,'',424,0,283,424,0,'FF',9,16,4,'Current:',NULL,'',2,22),(7963,'',424,0,283,424,0,'FF',9,16,1,'Average:',NULL,'',2,23),(7964,'',424,0,283,424,0,'FF',9,16,3,'Maximum:',NULL,'on',2,24),(7965,'',414,0,284,414,10,'FF',5,16,1,'DiskIdleTime',NULL,'',2,1),(7966,'',414,0,284,414,0,'FF',9,16,4,'Current:',NULL,'',2,2),(7967,'',414,0,284,414,0,'FF',9,16,1,'Average:',NULL,'',2,3),(7968,'',414,0,284,414,0,'FF',9,16,3,'Maximum:',NULL,'on',2,4),(7969,'',416,0,284,416,48,'FF',5,16,1,'DiskIdleTime',NULL,'',2,5),(7970,'',416,0,284,416,0,'FF',9,16,4,'Current:',NULL,'',2,6),(7971,'',416,0,284,416,0,'FF',9,16,1,'Average:',NULL,'',2,7),(7972,'',416,0,284,416,0,'FF',9,16,3,'Maximum:',NULL,'on',2,8),(7973,'',418,0,284,418,93,'FF',5,16,1,'DiskIdleTime',NULL,'',2,9),(7974,'',418,0,284,418,0,'FF',9,16,4,'Current:',NULL,'',2,10),(7975,'',418,0,284,418,0,'FF',9,16,1,'Average:',NULL,'',2,11),(7976,'',418,0,284,418,0,'FF',9,16,3,'Maximum:',NULL,'on',2,12),(7977,'',420,0,284,420,35,'FF',5,16,1,'DiskIdleTime',NULL,'',2,13),(7978,'',420,0,284,420,0,'FF',9,16,4,'Current:',NULL,'',2,14),(7979,'',420,0,284,420,0,'FF',9,16,1,'Average:',NULL,'',2,15),(7980,'',420,0,284,420,0,'FF',9,16,3,'Maximum:',NULL,'on',2,16),(7981,'',422,0,284,422,25,'FF',5,16,1,'DiskIdleTime',NULL,'',2,17),(7982,'',422,0,284,422,0,'FF',9,16,4,'Current:',NULL,'',2,18),(7983,'',422,0,284,422,0,'FF',9,16,1,'Average:',NULL,'',2,19),(7984,'',422,0,284,422,0,'FF',9,16,3,'Maximum:',NULL,'on',2,20),(7985,'',424,0,284,424,7,'FF',5,16,1,'DiskIdleTime',NULL,'',2,21),(7986,'',424,0,284,424,0,'FF',9,16,4,'Current:',NULL,'',2,22),(7987,'',424,0,284,424,0,'FF',9,16,1,'Average:',NULL,'',2,23),(7988,'',424,0,284,424,0,'FF',9,16,3,'Maximum:',NULL,'on',2,24),(7989,'',426,0,284,426,8,'FF',5,16,1,'DiskIdleTime',NULL,'',2,25),(7990,'',426,0,284,426,0,'FF',9,16,4,'Current:',NULL,'',2,26),(7991,'',426,0,284,426,0,'FF',9,16,1,'Average:',NULL,'',2,27),(7992,'',426,0,284,426,0,'FF',9,16,3,'Maximum:',NULL,'on',2,28),(7993,'',414,0,285,414,10,'FF',5,16,1,'DiskIdleTime',NULL,'',2,1),(7994,'',414,0,285,414,0,'FF',9,16,4,'Current:',NULL,'',2,2),(7995,'',414,0,285,414,0,'FF',9,16,1,'Average:',NULL,'',2,3),(7996,'',414,0,285,414,0,'FF',9,16,3,'Maximum:',NULL,'on',2,4),(7997,'',416,0,285,416,48,'FF',5,16,1,'DiskIdleTime',NULL,'',2,5),(7998,'',416,0,285,416,0,'FF',9,16,4,'Current:',NULL,'',2,6),(7999,'',416,0,285,416,0,'FF',9,16,1,'Average:',NULL,'',2,7),(8000,'',416,0,285,416,0,'FF',9,16,3,'Maximum:',NULL,'on',2,8),(8001,'',418,0,285,418,93,'FF',5,16,1,'DiskIdleTime',NULL,'',2,9),(8002,'',418,0,285,418,0,'FF',9,16,4,'Current:',NULL,'',2,10),(8003,'',418,0,285,418,0,'FF',9,16,1,'Average:',NULL,'',2,11),(8004,'',418,0,285,418,0,'FF',9,16,3,'Maximum:',NULL,'on',2,12),(8005,'',420,0,285,420,35,'FF',5,16,1,'DiskIdleTime',NULL,'',2,13),(8006,'',420,0,285,420,0,'FF',9,16,4,'Current:',NULL,'',2,14),(8007,'',420,0,285,420,0,'FF',9,16,1,'Average:',NULL,'',2,15),(8008,'',420,0,285,420,0,'FF',9,16,3,'Maximum:',NULL,'on',2,16),(8009,'',422,0,285,422,25,'FF',5,16,1,'DiskIdleTime',NULL,'',2,17),(8010,'',422,0,285,422,0,'FF',9,16,4,'Current:',NULL,'',2,18),(8011,'',422,0,285,422,0,'FF',9,16,1,'Average:',NULL,'',2,19),(8012,'',422,0,285,422,0,'FF',9,16,3,'Maximum:',NULL,'on',2,20),(8013,'',424,0,285,424,7,'FF',5,16,1,'DiskIdleTime',NULL,'',2,21),(8014,'',424,0,285,424,0,'FF',9,16,4,'Current:',NULL,'',2,22),(8015,'',424,0,285,424,0,'FF',9,16,1,'Average:',NULL,'',2,23),(8016,'',424,0,285,424,0,'FF',9,16,3,'Maximum:',NULL,'on',2,24),(8017,'',426,0,285,426,8,'FF',5,16,1,'DiskIdleTime',NULL,'',2,25),(8018,'',426,0,285,426,0,'FF',9,16,4,'Current:',NULL,'',2,26),(8019,'',426,0,285,426,0,'FF',9,16,1,'Average:',NULL,'',2,27),(8020,'',426,0,285,426,0,'FF',9,16,3,'Maximum:',NULL,'on',2,28),(8021,'',428,0,285,428,20,'FF',5,16,1,'DiskIdleTime',NULL,'',2,29),(8022,'',428,0,285,428,0,'FF',9,16,4,'Current:',NULL,'',2,30),(8023,'',428,0,285,428,0,'FF',9,16,1,'Average:',NULL,'',2,31),(8024,'',428,0,285,428,0,'FF',9,16,3,'Maximum:',NULL,'on',2,32),(8025,'',414,0,286,414,10,'FF',5,16,1,'DiskIdleTime',NULL,'',2,1),(8026,'',414,0,286,414,0,'FF',9,16,4,'Current:',NULL,'',2,2),(8027,'',414,0,286,414,0,'FF',9,16,1,'Average:',NULL,'',2,3),(8028,'',414,0,286,414,0,'FF',9,16,3,'Maximum:',NULL,'on',2,4),(8029,'',416,0,286,416,48,'FF',5,16,1,'DiskIdleTime',NULL,'',2,5),(8030,'',416,0,286,416,0,'FF',9,16,4,'Current:',NULL,'',2,6),(8031,'',416,0,286,416,0,'FF',9,16,1,'Average:',NULL,'',2,7),(8032,'',416,0,286,416,0,'FF',9,16,3,'Maximum:',NULL,'on',2,8),(8033,'',418,0,286,418,93,'FF',5,16,1,'DiskIdleTime',NULL,'',2,9),(8034,'',418,0,286,418,0,'FF',9,16,4,'Current:',NULL,'',2,10),(8035,'',418,0,286,418,0,'FF',9,16,1,'Average:',NULL,'',2,11),(8036,'',418,0,286,418,0,'FF',9,16,3,'Maximum:',NULL,'on',2,12),(8037,'',420,0,286,420,35,'FF',5,16,1,'DiskIdleTime',NULL,'',2,13),(8038,'',420,0,286,420,0,'FF',9,16,4,'Current:',NULL,'',2,14),(8039,'',420,0,286,420,0,'FF',9,16,1,'Average:',NULL,'',2,15),(8040,'',420,0,286,420,0,'FF',9,16,3,'Maximum:',NULL,'on',2,16),(8041,'',422,0,286,422,25,'FF',5,16,1,'DiskIdleTime',NULL,'',2,17),(8042,'',422,0,286,422,0,'FF',9,16,4,'Current:',NULL,'',2,18),(8043,'',422,0,286,422,0,'FF',9,16,1,'Average:',NULL,'',2,19),(8044,'',422,0,286,422,0,'FF',9,16,3,'Maximum:',NULL,'on',2,20),(8045,'',424,0,286,424,7,'FF',5,16,1,'DiskIdleTime',NULL,'',2,21),(8046,'',424,0,286,424,0,'FF',9,16,4,'Current:',NULL,'',2,22),(8047,'',424,0,286,424,0,'FF',9,16,1,'Average:',NULL,'',2,23),(8048,'',424,0,286,424,0,'FF',9,16,3,'Maximum:',NULL,'on',2,24),(8049,'',426,0,286,426,8,'FF',5,16,1,'DiskIdleTime',NULL,'',2,25),(8050,'',426,0,286,426,0,'FF',9,16,4,'Current:',NULL,'',2,26),(8051,'',426,0,286,426,0,'FF',9,16,1,'Average:',NULL,'',2,27),(8052,'',426,0,286,426,0,'FF',9,16,3,'Maximum:',NULL,'on',2,28),(8053,'',428,0,286,428,20,'FF',5,16,1,'DiskIdleTime',NULL,'',2,29),(8054,'',428,0,286,428,0,'FF',9,16,4,'Current:',NULL,'',2,30),(8055,'',428,0,286,428,0,'FF',9,16,1,'Average:',NULL,'',2,31),(8056,'',428,0,286,428,0,'FF',9,16,3,'Maximum:',NULL,'on',2,32),(8057,'',430,0,286,430,13,'FF',5,16,1,'DiskIdleTime',NULL,'',2,33),(8058,'',430,0,286,430,0,'FF',9,16,4,'Current:',NULL,'',2,34),(8059,'',430,0,286,430,0,'FF',9,16,1,'Average:',NULL,'',2,35),(8060,'',430,0,286,430,0,'FF',9,16,3,'Maximum:',NULL,'on',2,36),(8061,'',414,0,287,414,10,'FF',5,16,1,'DiskIdleTime',NULL,'',2,1),(8062,'',414,0,287,414,0,'FF',9,16,4,'Current:',NULL,'',2,2),(8063,'',414,0,287,414,0,'FF',9,16,1,'Average:',NULL,'',2,3),(8064,'',414,0,287,414,0,'FF',9,16,3,'Maximum:',NULL,'on',2,4),(8065,'',416,0,287,416,48,'FF',5,16,1,'DiskIdleTime',NULL,'',2,5),(8066,'',416,0,287,416,0,'FF',9,16,4,'Current:',NULL,'',2,6),(8067,'',416,0,287,416,0,'FF',9,16,1,'Average:',NULL,'',2,7),(8068,'',416,0,287,416,0,'FF',9,16,3,'Maximum:',NULL,'on',2,8),(8069,'',418,0,287,418,93,'FF',5,16,1,'DiskIdleTime',NULL,'',2,9),(8070,'',418,0,287,418,0,'FF',9,16,4,'Current:',NULL,'',2,10),(8071,'',418,0,287,418,0,'FF',9,16,1,'Average:',NULL,'',2,11),(8072,'',418,0,287,418,0,'FF',9,16,3,'Maximum:',NULL,'on',2,12),(8073,'',420,0,287,420,35,'FF',5,16,1,'DiskIdleTime',NULL,'',2,13),(8074,'',420,0,287,420,0,'FF',9,16,4,'Current:',NULL,'',2,14),(8075,'',420,0,287,420,0,'FF',9,16,1,'Average:',NULL,'',2,15),(8076,'',420,0,287,420,0,'FF',9,16,3,'Maximum:',NULL,'on',2,16),(8077,'',422,0,287,422,25,'FF',5,16,1,'DiskIdleTime',NULL,'',2,17),(8078,'',422,0,287,422,0,'FF',9,16,4,'Current:',NULL,'',2,18),(8079,'',422,0,287,422,0,'FF',9,16,1,'Average:',NULL,'',2,19),(8080,'',422,0,287,422,0,'FF',9,16,3,'Maximum:',NULL,'on',2,20),(8081,'',424,0,287,424,7,'FF',5,16,1,'DiskIdleTime',NULL,'',2,21),(8082,'',424,0,287,424,0,'FF',9,16,4,'Current:',NULL,'',2,22),(8083,'',424,0,287,424,0,'FF',9,16,1,'Average:',NULL,'',2,23),(8084,'',424,0,287,424,0,'FF',9,16,3,'Maximum:',NULL,'on',2,24),(8085,'',426,0,287,426,8,'FF',5,16,1,'DiskIdleTime',NULL,'',2,25),(8086,'',426,0,287,426,0,'FF',9,16,4,'Current:',NULL,'',2,26),(8087,'',426,0,287,426,0,'FF',9,16,1,'Average:',NULL,'',2,27),(8088,'',426,0,287,426,0,'FF',9,16,3,'Maximum:',NULL,'on',2,28),(8089,'',428,0,287,428,20,'FF',5,16,1,'DiskIdleTime',NULL,'',2,29),(8090,'',428,0,287,428,0,'FF',9,16,4,'Current:',NULL,'',2,30),(8091,'',428,0,287,428,0,'FF',9,16,1,'Average:',NULL,'',2,31),(8092,'',428,0,287,428,0,'FF',9,16,3,'Maximum:',NULL,'on',2,32),(8093,'',430,0,287,430,13,'FF',5,16,1,'DiskIdleTime',NULL,'',2,33),(8094,'',430,0,287,430,0,'FF',9,16,4,'Current:',NULL,'',2,34),(8095,'',430,0,287,430,0,'FF',9,16,1,'Average:',NULL,'',2,35),(8096,'',430,0,287,430,0,'FF',9,16,3,'Maximum:',NULL,'on',2,36),(8097,'',432,0,287,432,14,'FF',5,16,1,'DiskIdleTime',NULL,'',2,37),(8098,'',432,0,287,432,0,'FF',9,16,4,'Current:',NULL,'',2,38),(8099,'',432,0,287,432,0,'FF',9,16,1,'Average:',NULL,'',2,39),(8100,'',432,0,287,432,0,'FF',9,16,3,'Maximum:',NULL,'on',2,40),(8101,'',414,0,288,414,10,'FF',5,16,1,'DiskIdleTime',NULL,'',2,1),(8102,'',414,0,288,414,0,'FF',9,16,4,'Current:',NULL,'',2,2),(8103,'',414,0,288,414,0,'FF',9,16,1,'Average:',NULL,'',2,3),(8104,'',414,0,288,414,0,'FF',9,16,3,'Maximum:',NULL,'on',2,4),(8105,'',416,0,288,416,48,'FF',5,16,1,'DiskIdleTime',NULL,'',2,5),(8106,'',416,0,288,416,0,'FF',9,16,4,'Current:',NULL,'',2,6),(8107,'',416,0,288,416,0,'FF',9,16,1,'Average:',NULL,'',2,7),(8108,'',416,0,288,416,0,'FF',9,16,3,'Maximum:',NULL,'on',2,8),(8109,'',418,0,288,418,93,'FF',5,16,1,'DiskIdleTime',NULL,'',2,9),(8110,'',418,0,288,418,0,'FF',9,16,4,'Current:',NULL,'',2,10),(8111,'',418,0,288,418,0,'FF',9,16,1,'Average:',NULL,'',2,11),(8112,'',418,0,288,418,0,'FF',9,16,3,'Maximum:',NULL,'on',2,12),(8113,'',420,0,288,420,35,'FF',5,16,1,'DiskIdleTime',NULL,'',2,13),(8114,'',420,0,288,420,0,'FF',9,16,4,'Current:',NULL,'',2,14),(8115,'',420,0,288,420,0,'FF',9,16,1,'Average:',NULL,'',2,15),(8116,'',420,0,288,420,0,'FF',9,16,3,'Maximum:',NULL,'on',2,16),(8117,'',422,0,288,422,25,'FF',5,16,1,'DiskIdleTime',NULL,'',2,17),(8118,'',422,0,288,422,0,'FF',9,16,4,'Current:',NULL,'',2,18),(8119,'',422,0,288,422,0,'FF',9,16,1,'Average:',NULL,'',2,19),(8120,'',422,0,288,422,0,'FF',9,16,3,'Maximum:',NULL,'on',2,20),(8121,'',424,0,288,424,7,'FF',5,16,1,'DiskIdleTime',NULL,'',2,21),(8122,'',424,0,288,424,0,'FF',9,16,4,'Current:',NULL,'',2,22),(8123,'',424,0,288,424,0,'FF',9,16,1,'Average:',NULL,'',2,23),(8124,'',424,0,288,424,0,'FF',9,16,3,'Maximum:',NULL,'on',2,24),(8125,'',426,0,288,426,8,'FF',5,16,1,'DiskIdleTime',NULL,'',2,25),(8126,'',426,0,288,426,0,'FF',9,16,4,'Current:',NULL,'',2,26),(8127,'',426,0,288,426,0,'FF',9,16,1,'Average:',NULL,'',2,27),(8128,'',426,0,288,426,0,'FF',9,16,3,'Maximum:',NULL,'on',2,28),(8129,'',428,0,288,428,20,'FF',5,16,1,'DiskIdleTime',NULL,'',2,29),(8130,'',428,0,288,428,0,'FF',9,16,4,'Current:',NULL,'',2,30),(8131,'',428,0,288,428,0,'FF',9,16,1,'Average:',NULL,'',2,31),(8132,'',428,0,288,428,0,'FF',9,16,3,'Maximum:',NULL,'on',2,32),(8133,'',430,0,288,430,13,'FF',5,16,1,'DiskIdleTime',NULL,'',2,33),(8134,'',430,0,288,430,0,'FF',9,16,4,'Current:',NULL,'',2,34),(8135,'',430,0,288,430,0,'FF',9,16,1,'Average:',NULL,'',2,35),(8136,'',430,0,288,430,0,'FF',9,16,3,'Maximum:',NULL,'on',2,36),(8137,'',432,0,288,432,14,'FF',5,16,1,'DiskIdleTime',NULL,'',2,37),(8138,'',432,0,288,432,0,'FF',9,16,4,'Current:',NULL,'',2,38),(8139,'',432,0,288,432,0,'FF',9,16,1,'Average:',NULL,'',2,39),(8140,'',432,0,288,432,0,'FF',9,16,3,'Maximum:',NULL,'on',2,40),(8141,'',434,0,288,434,16,'FF',5,16,1,'DiskIdleTime',NULL,'',2,41),(8142,'',434,0,288,434,0,'FF',9,16,4,'Current:',NULL,'',2,42),(8143,'',434,0,288,434,0,'FF',9,16,1,'Average:',NULL,'',2,43),(8144,'',434,0,288,434,0,'FF',9,16,3,'Maximum:',NULL,'on',2,44),(8145,'',414,0,289,414,10,'FF',5,16,1,'DiskIdleTime',NULL,'',2,1),(8146,'',414,0,289,414,0,'FF',9,16,4,'Current:',NULL,'',2,2),(8147,'',414,0,289,414,0,'FF',9,16,1,'Average:',NULL,'',2,3),(8148,'',414,0,289,414,0,'FF',9,16,3,'Maximum:',NULL,'on',2,4),(8149,'',416,0,289,416,48,'FF',5,16,1,'DiskIdleTime',NULL,'',2,5),(8150,'',416,0,289,416,0,'FF',9,16,4,'Current:',NULL,'',2,6),(8151,'',416,0,289,416,0,'FF',9,16,1,'Average:',NULL,'',2,7),(8152,'',416,0,289,416,0,'FF',9,16,3,'Maximum:',NULL,'on',2,8),(8153,'',418,0,289,418,93,'FF',5,16,1,'DiskIdleTime',NULL,'',2,9),(8154,'',418,0,289,418,0,'FF',9,16,4,'Current:',NULL,'',2,10),(8155,'',418,0,289,418,0,'FF',9,16,1,'Average:',NULL,'',2,11),(8156,'',418,0,289,418,0,'FF',9,16,3,'Maximum:',NULL,'on',2,12),(8157,'',420,0,289,420,35,'FF',5,16,1,'DiskIdleTime',NULL,'',2,13),(8158,'',420,0,289,420,0,'FF',9,16,4,'Current:',NULL,'',2,14),(8159,'',420,0,289,420,0,'FF',9,16,1,'Average:',NULL,'',2,15),(8160,'',420,0,289,420,0,'FF',9,16,3,'Maximum:',NULL,'on',2,16),(8161,'',422,0,289,422,25,'FF',5,16,1,'DiskIdleTime',NULL,'',2,17),(8162,'',422,0,289,422,0,'FF',9,16,4,'Current:',NULL,'',2,18),(8163,'',422,0,289,422,0,'FF',9,16,1,'Average:',NULL,'',2,19),(8164,'',422,0,289,422,0,'FF',9,16,3,'Maximum:',NULL,'on',2,20),(8165,'',424,0,289,424,7,'FF',5,16,1,'DiskIdleTime',NULL,'',2,21),(8166,'',424,0,289,424,0,'FF',9,16,4,'Current:',NULL,'',2,22),(8167,'',424,0,289,424,0,'FF',9,16,1,'Average:',NULL,'',2,23),(8168,'',424,0,289,424,0,'FF',9,16,3,'Maximum:',NULL,'on',2,24),(8169,'',426,0,289,426,8,'FF',5,16,1,'DiskIdleTime',NULL,'',2,25),(8170,'',426,0,289,426,0,'FF',9,16,4,'Current:',NULL,'',2,26),(8171,'',426,0,289,426,0,'FF',9,16,1,'Average:',NULL,'',2,27),(8172,'',426,0,289,426,0,'FF',9,16,3,'Maximum:',NULL,'on',2,28),(8173,'',428,0,289,428,20,'FF',5,16,1,'DiskIdleTime',NULL,'',2,29),(8174,'',428,0,289,428,0,'FF',9,16,4,'Current:',NULL,'',2,30),(8175,'',428,0,289,428,0,'FF',9,16,1,'Average:',NULL,'',2,31),(8176,'',428,0,289,428,0,'FF',9,16,3,'Maximum:',NULL,'on',2,32),(8177,'',430,0,289,430,13,'FF',5,16,1,'DiskIdleTime',NULL,'',2,33),(8178,'',430,0,289,430,0,'FF',9,16,4,'Current:',NULL,'',2,34),(8179,'',430,0,289,430,0,'FF',9,16,1,'Average:',NULL,'',2,35),(8180,'',430,0,289,430,0,'FF',9,16,3,'Maximum:',NULL,'on',2,36),(8181,'',432,0,289,432,14,'FF',5,16,1,'DiskIdleTime',NULL,'',2,37),(8182,'',432,0,289,432,0,'FF',9,16,4,'Current:',NULL,'',2,38),(8183,'',432,0,289,432,0,'FF',9,16,1,'Average:',NULL,'',2,39),(8184,'',432,0,289,432,0,'FF',9,16,3,'Maximum:',NULL,'on',2,40),(8185,'',434,0,289,434,16,'FF',5,16,1,'DiskIdleTime',NULL,'',2,41),(8186,'',434,0,289,434,0,'FF',9,16,4,'Current:',NULL,'',2,42),(8187,'',434,0,289,434,0,'FF',9,16,1,'Average:',NULL,'',2,43),(8188,'',434,0,289,434,0,'FF',9,16,3,'Maximum:',NULL,'on',2,44),(8189,'',436,0,289,436,6,'FF',5,16,1,'DiskIdleTime',NULL,'',2,45),(8190,'',436,0,289,436,0,'FF',9,16,4,'Current:',NULL,'',2,46),(8191,'',436,0,289,436,0,'FF',9,16,1,'Average:',NULL,'',2,47),(8192,'',436,0,289,436,0,'FF',9,16,3,'Maximum:',NULL,'on',2,48),(8193,'',414,0,290,414,10,'FF',5,16,1,'DiskIdleTime',NULL,'',2,1),(8194,'',414,0,290,414,0,'FF',9,16,4,'Current:',NULL,'',2,2),(8195,'',414,0,290,414,0,'FF',9,16,1,'Average:',NULL,'',2,3),(8196,'',414,0,290,414,0,'FF',9,16,3,'Maximum:',NULL,'on',2,4),(8197,'',416,0,290,416,48,'FF',5,16,1,'DiskIdleTime',NULL,'',2,5),(8198,'',416,0,290,416,0,'FF',9,16,4,'Current:',NULL,'',2,6),(8199,'',416,0,290,416,0,'FF',9,16,1,'Average:',NULL,'',2,7),(8200,'',416,0,290,416,0,'FF',9,16,3,'Maximum:',NULL,'on',2,8),(8201,'',418,0,290,418,93,'FF',5,16,1,'DiskIdleTime',NULL,'',2,9),(8202,'',418,0,290,418,0,'FF',9,16,4,'Current:',NULL,'',2,10),(8203,'',418,0,290,418,0,'FF',9,16,1,'Average:',NULL,'',2,11),(8204,'',418,0,290,418,0,'FF',9,16,3,'Maximum:',NULL,'on',2,12),(8205,'',420,0,290,420,35,'FF',5,16,1,'DiskIdleTime',NULL,'',2,13),(8206,'',420,0,290,420,0,'FF',9,16,4,'Current:',NULL,'',2,14),(8207,'',420,0,290,420,0,'FF',9,16,1,'Average:',NULL,'',2,15),(8208,'',420,0,290,420,0,'FF',9,16,3,'Maximum:',NULL,'on',2,16),(8209,'',422,0,290,422,25,'FF',5,16,1,'DiskIdleTime',NULL,'',2,17),(8210,'',422,0,290,422,0,'FF',9,16,4,'Current:',NULL,'',2,18),(8211,'',422,0,290,422,0,'FF',9,16,1,'Average:',NULL,'',2,19),(8212,'',422,0,290,422,0,'FF',9,16,3,'Maximum:',NULL,'on',2,20),(8213,'',424,0,290,424,7,'FF',5,16,1,'DiskIdleTime',NULL,'',2,21),(8214,'',424,0,290,424,0,'FF',9,16,4,'Current:',NULL,'',2,22),(8215,'',424,0,290,424,0,'FF',9,16,1,'Average:',NULL,'',2,23),(8216,'',424,0,290,424,0,'FF',9,16,3,'Maximum:',NULL,'on',2,24),(8217,'',426,0,290,426,8,'FF',5,16,1,'DiskIdleTime',NULL,'',2,25),(8218,'',426,0,290,426,0,'FF',9,16,4,'Current:',NULL,'',2,26),(8219,'',426,0,290,426,0,'FF',9,16,1,'Average:',NULL,'',2,27),(8220,'',426,0,290,426,0,'FF',9,16,3,'Maximum:',NULL,'on',2,28),(8221,'',428,0,290,428,20,'FF',5,16,1,'DiskIdleTime',NULL,'',2,29),(8222,'',428,0,290,428,0,'FF',9,16,4,'Current:',NULL,'',2,30),(8223,'',428,0,290,428,0,'FF',9,16,1,'Average:',NULL,'',2,31),(8224,'',428,0,290,428,0,'FF',9,16,3,'Maximum:',NULL,'on',2,32),(8225,'',430,0,290,430,13,'FF',5,16,1,'DiskIdleTime',NULL,'',2,33),(8226,'',430,0,290,430,0,'FF',9,16,4,'Current:',NULL,'',2,34),(8227,'',430,0,290,430,0,'FF',9,16,1,'Average:',NULL,'',2,35),(8228,'',430,0,290,430,0,'FF',9,16,3,'Maximum:',NULL,'on',2,36),(8229,'',432,0,290,432,14,'FF',5,16,1,'DiskIdleTime',NULL,'',2,37),(8230,'',432,0,290,432,0,'FF',9,16,4,'Current:',NULL,'',2,38),(8231,'',432,0,290,432,0,'FF',9,16,1,'Average:',NULL,'',2,39),(8232,'',432,0,290,432,0,'FF',9,16,3,'Maximum:',NULL,'on',2,40),(8233,'',434,0,290,434,16,'FF',5,16,1,'DiskIdleTime',NULL,'',2,41),(8234,'',434,0,290,434,0,'FF',9,16,4,'Current:',NULL,'',2,42),(8235,'',434,0,290,434,0,'FF',9,16,1,'Average:',NULL,'',2,43),(8236,'',434,0,290,434,0,'FF',9,16,3,'Maximum:',NULL,'on',2,44),(8237,'',436,0,290,436,6,'FF',5,16,1,'DiskIdleTime',NULL,'',2,45),(8238,'',436,0,290,436,0,'FF',9,16,4,'Current:',NULL,'',2,46),(8239,'',436,0,290,436,0,'FF',9,16,1,'Average:',NULL,'',2,47),(8240,'',436,0,290,436,0,'FF',9,16,3,'Maximum:',NULL,'on',2,48),(8241,'',438,0,290,438,17,'FF',5,16,1,'DiskIdleTime',NULL,'',2,49),(8242,'',438,0,290,438,0,'FF',9,16,4,'Current:',NULL,'',2,50),(8243,'',438,0,290,438,0,'FF',9,16,1,'Average:',NULL,'',2,51),(8244,'',438,0,290,438,0,'FF',9,16,3,'Maximum:',NULL,'on',2,52),(8245,'',414,0,291,414,10,'FF',5,16,1,'DiskIdleTime',NULL,'',2,1),(8246,'',414,0,291,414,0,'FF',9,16,4,'Current:',NULL,'',2,2),(8247,'',414,0,291,414,0,'FF',9,16,1,'Average:',NULL,'',2,3),(8248,'',414,0,291,414,0,'FF',9,16,3,'Maximum:',NULL,'on',2,4),(8249,'',416,0,291,416,48,'FF',5,16,1,'DiskIdleTime',NULL,'',2,5),(8250,'',416,0,291,416,0,'FF',9,16,4,'Current:',NULL,'',2,6),(8251,'',416,0,291,416,0,'FF',9,16,1,'Average:',NULL,'',2,7),(8252,'',416,0,291,416,0,'FF',9,16,3,'Maximum:',NULL,'on',2,8),(8253,'',418,0,291,418,93,'FF',5,16,1,'DiskIdleTime',NULL,'',2,9),(8254,'',418,0,291,418,0,'FF',9,16,4,'Current:',NULL,'',2,10),(8255,'',418,0,291,418,0,'FF',9,16,1,'Average:',NULL,'',2,11),(8256,'',418,0,291,418,0,'FF',9,16,3,'Maximum:',NULL,'on',2,12),(8257,'',420,0,291,420,35,'FF',5,16,1,'DiskIdleTime',NULL,'',2,13),(8258,'',420,0,291,420,0,'FF',9,16,4,'Current:',NULL,'',2,14),(8259,'',420,0,291,420,0,'FF',9,16,1,'Average:',NULL,'',2,15),(8260,'',420,0,291,420,0,'FF',9,16,3,'Maximum:',NULL,'on',2,16),(8261,'',422,0,291,422,25,'FF',5,16,1,'DiskIdleTime',NULL,'',2,17),(8262,'',422,0,291,422,0,'FF',9,16,4,'Current:',NULL,'',2,18),(8263,'',422,0,291,422,0,'FF',9,16,1,'Average:',NULL,'',2,19),(8264,'',422,0,291,422,0,'FF',9,16,3,'Maximum:',NULL,'on',2,20),(8265,'',424,0,291,424,7,'FF',5,16,1,'DiskIdleTime',NULL,'',2,21),(8266,'',424,0,291,424,0,'FF',9,16,4,'Current:',NULL,'',2,22),(8267,'',424,0,291,424,0,'FF',9,16,1,'Average:',NULL,'',2,23),(8268,'',424,0,291,424,0,'FF',9,16,3,'Maximum:',NULL,'on',2,24),(8269,'',426,0,291,426,8,'FF',5,16,1,'DiskIdleTime',NULL,'',2,25),(8270,'',426,0,291,426,0,'FF',9,16,4,'Current:',NULL,'',2,26),(8271,'',426,0,291,426,0,'FF',9,16,1,'Average:',NULL,'',2,27),(8272,'',426,0,291,426,0,'FF',9,16,3,'Maximum:',NULL,'on',2,28),(8273,'',428,0,291,428,20,'FF',5,16,1,'DiskIdleTime',NULL,'',2,29),(8274,'',428,0,291,428,0,'FF',9,16,4,'Current:',NULL,'',2,30),(8275,'',428,0,291,428,0,'FF',9,16,1,'Average:',NULL,'',2,31),(8276,'',428,0,291,428,0,'FF',9,16,3,'Maximum:',NULL,'on',2,32),(8277,'',430,0,291,430,13,'FF',5,16,1,'DiskIdleTime',NULL,'',2,33),(8278,'',430,0,291,430,0,'FF',9,16,4,'Current:',NULL,'',2,34),(8279,'',430,0,291,430,0,'FF',9,16,1,'Average:',NULL,'',2,35),(8280,'',430,0,291,430,0,'FF',9,16,3,'Maximum:',NULL,'on',2,36),(8281,'',432,0,291,432,14,'FF',5,16,1,'DiskIdleTime',NULL,'',2,37),(8282,'',432,0,291,432,0,'FF',9,16,4,'Current:',NULL,'',2,38),(8283,'',432,0,291,432,0,'FF',9,16,1,'Average:',NULL,'',2,39),(8284,'',432,0,291,432,0,'FF',9,16,3,'Maximum:',NULL,'on',2,40),(8285,'',434,0,291,434,16,'FF',5,16,1,'DiskIdleTime',NULL,'',2,41),(8286,'',434,0,291,434,0,'FF',9,16,4,'Current:',NULL,'',2,42),(8287,'',434,0,291,434,0,'FF',9,16,1,'Average:',NULL,'',2,43),(8288,'',434,0,291,434,0,'FF',9,16,3,'Maximum:',NULL,'on',2,44),(8289,'',436,0,291,436,6,'FF',5,16,1,'DiskIdleTime',NULL,'',2,45),(8290,'',436,0,291,436,0,'FF',9,16,4,'Current:',NULL,'',2,46),(8291,'',436,0,291,436,0,'FF',9,16,1,'Average:',NULL,'',2,47),(8292,'',436,0,291,436,0,'FF',9,16,3,'Maximum:',NULL,'on',2,48),(8293,'',438,0,291,438,17,'FF',5,16,1,'DiskIdleTime',NULL,'',2,49),(8294,'',438,0,291,438,0,'FF',9,16,4,'Current:',NULL,'',2,50),(8295,'',438,0,291,438,0,'FF',9,16,1,'Average:',NULL,'',2,51),(8296,'',438,0,291,438,0,'FF',9,16,3,'Maximum:',NULL,'on',2,52),(8297,'',440,0,291,440,27,'FF',5,16,1,'DiskIdleTime',NULL,'',2,53),(8298,'',440,0,291,440,0,'FF',9,16,4,'Current:',NULL,'',2,54),(8299,'',440,0,291,440,0,'FF',9,16,1,'Average:',NULL,'',2,55),(8300,'',440,0,291,440,0,'FF',9,16,3,'Maximum:',NULL,'on',2,56),(8301,'',414,0,292,414,10,'FF',5,16,1,'DiskIdleTime',NULL,'',2,1),(8302,'',414,0,292,414,0,'FF',9,16,4,'Current:',NULL,'',2,2),(8303,'',414,0,292,414,0,'FF',9,16,1,'Average:',NULL,'',2,3),(8304,'',414,0,292,414,0,'FF',9,16,3,'Maximum:',NULL,'on',2,4),(8305,'',416,0,292,416,48,'FF',5,16,1,'DiskIdleTime',NULL,'',2,5),(8306,'',416,0,292,416,0,'FF',9,16,4,'Current:',NULL,'',2,6),(8307,'',416,0,292,416,0,'FF',9,16,1,'Average:',NULL,'',2,7),(8308,'',416,0,292,416,0,'FF',9,16,3,'Maximum:',NULL,'on',2,8),(8309,'',418,0,292,418,93,'FF',5,16,1,'DiskIdleTime',NULL,'',2,9),(8310,'',418,0,292,418,0,'FF',9,16,4,'Current:',NULL,'',2,10),(8311,'',418,0,292,418,0,'FF',9,16,1,'Average:',NULL,'',2,11),(8312,'',418,0,292,418,0,'FF',9,16,3,'Maximum:',NULL,'on',2,12),(8313,'',420,0,292,420,35,'FF',5,16,1,'DiskIdleTime',NULL,'',2,13),(8314,'',420,0,292,420,0,'FF',9,16,4,'Current:',NULL,'',2,14),(8315,'',420,0,292,420,0,'FF',9,16,1,'Average:',NULL,'',2,15),(8316,'',420,0,292,420,0,'FF',9,16,3,'Maximum:',NULL,'on',2,16),(8317,'',422,0,292,422,25,'FF',5,16,1,'DiskIdleTime',NULL,'',2,17),(8318,'',422,0,292,422,0,'FF',9,16,4,'Current:',NULL,'',2,18),(7950,'',418,0,283,418,0,'FF',9,16,4,'Current:',NULL,'',2,10),(7949,'',418,0,283,418,93,'FF',5,16,1,'DiskIdleTime',NULL,'',2,9),(7948,'',416,0,283,416,0,'FF',9,16,3,'Maximum:',NULL,'on',2,8),(7947,'',416,0,283,416,0,'FF',9,16,1,'Average:',NULL,'',2,7),(7946,'',416,0,283,416,0,'FF',9,16,4,'Current:',NULL,'',2,6),(7945,'',416,0,283,416,48,'FF',5,16,1,'DiskIdleTime',NULL,'',2,5),(7944,'',414,0,283,414,0,'FF',9,16,3,'Maximum:',NULL,'on',2,4),(7359,'',385,0,256,385,93,'FF',5,16,1,'PercentFree',NULL,'',2,9),(7360,'',385,0,256,385,0,'FF',9,16,4,'Current:',NULL,'',2,10),(7361,'',385,0,256,385,0,'FF',9,16,1,'Average:',NULL,'',2,11),(7362,'',385,0,256,385,0,'FF',9,16,3,'Maximum:',NULL,'on',2,12),(7363,'',387,0,256,387,35,'FF',5,16,1,'PercentFree',NULL,'',2,13),(7364,'',387,0,256,387,0,'FF',9,16,4,'Current:',NULL,'',2,14),(7365,'',387,0,256,387,0,'FF',9,16,1,'Average:',NULL,'',2,15),(7366,'',387,0,256,387,0,'FF',9,16,3,'Maximum:',NULL,'on',2,16),(7367,'',389,0,256,389,25,'FF',5,16,1,'PercentFree',NULL,'',2,17),(7368,'',389,0,256,389,0,'FF',9,16,4,'Current:',NULL,'',2,18),(7369,'',389,0,256,389,0,'FF',9,16,1,'Average:',NULL,'',2,19),(7370,'',389,0,256,389,0,'FF',9,16,3,'Maximum:',NULL,'on',2,20),(7371,'',391,0,256,391,7,'FF',5,16,1,'PercentFree',NULL,'',2,21),(7372,'',391,0,256,391,0,'FF',9,16,4,'Current:',NULL,'',2,22),(7373,'',391,0,256,391,0,'FF',9,16,1,'Average:',NULL,'',2,23),(7374,'',391,0,256,391,0,'FF',9,16,3,'Maximum:',NULL,'on',2,24),(7375,'',393,0,256,393,8,'FF',5,16,1,'PercentFree',NULL,'',2,25),(7376,'',393,0,256,393,0,'FF',9,16,4,'Current:',NULL,'',2,26),(7377,'',393,0,256,393,0,'FF',9,16,1,'Average:',NULL,'',2,27),(7378,'',393,0,256,393,0,'FF',9,16,3,'Maximum:',NULL,'on',2,28),(7379,'',395,0,256,395,20,'FF',5,16,1,'PercentFree',NULL,'',2,29),(7380,'',395,0,256,395,0,'FF',9,16,4,'Current:',NULL,'',2,30),(7381,'',395,0,256,395,0,'FF',9,16,1,'Average:',NULL,'',2,31),(7382,'',395,0,256,395,0,'FF',9,16,3,'Maximum:',NULL,'on',2,32),(7383,'',381,0,257,381,10,'FF',5,16,1,'PercentFree',NULL,'',2,1),(7384,'',381,0,257,381,0,'FF',9,16,4,'Current:',NULL,'',2,2),(7385,'',381,0,257,381,0,'FF',9,16,1,'Average:',NULL,'',2,3),(7386,'',381,0,257,381,0,'FF',9,16,3,'Maximum:',NULL,'on',2,4),(7387,'',383,0,257,383,48,'FF',5,16,1,'PercentFree',NULL,'',2,5),(7388,'',383,0,257,383,0,'FF',9,16,4,'Current:',NULL,'',2,6),(7389,'',383,0,257,383,0,'FF',9,16,1,'Average:',NULL,'',2,7),(7390,'',383,0,257,383,0,'FF',9,16,3,'Maximum:',NULL,'on',2,8),(7391,'',385,0,257,385,93,'FF',5,16,1,'PercentFree',NULL,'',2,9),(7392,'',385,0,257,385,0,'FF',9,16,4,'Current:',NULL,'',2,10),(7393,'',385,0,257,385,0,'FF',9,16,1,'Average:',NULL,'',2,11),(7394,'',385,0,257,385,0,'FF',9,16,3,'Maximum:',NULL,'on',2,12),(7395,'',387,0,257,387,35,'FF',5,16,1,'PercentFree',NULL,'',2,13),(7396,'',387,0,257,387,0,'FF',9,16,4,'Current:',NULL,'',2,14),(7397,'',387,0,257,387,0,'FF',9,16,1,'Average:',NULL,'',2,15),(7398,'',387,0,257,387,0,'FF',9,16,3,'Maximum:',NULL,'on',2,16),(7399,'',389,0,257,389,25,'FF',5,16,1,'PercentFree',NULL,'',2,17),(7400,'',389,0,257,389,0,'FF',9,16,4,'Current:',NULL,'',2,18),(7401,'',389,0,257,389,0,'FF',9,16,1,'Average:',NULL,'',2,19),(7402,'',389,0,257,389,0,'FF',9,16,3,'Maximum:',NULL,'on',2,20),(7403,'',391,0,257,391,7,'FF',5,16,1,'PercentFree',NULL,'',2,21),(7404,'',391,0,257,391,0,'FF',9,16,4,'Current:',NULL,'',2,22),(7405,'',391,0,257,391,0,'FF',9,16,1,'Average:',NULL,'',2,23),(7406,'',391,0,257,391,0,'FF',9,16,3,'Maximum:',NULL,'on',2,24),(7407,'',393,0,257,393,8,'FF',5,16,1,'PercentFree',NULL,'',2,25),(7408,'',393,0,257,393,0,'FF',9,16,4,'Current:',NULL,'',2,26),(7409,'',393,0,257,393,0,'FF',9,16,1,'Average:',NULL,'',2,27),(7410,'',393,0,257,393,0,'FF',9,16,3,'Maximum:',NULL,'on',2,28),(7411,'',395,0,257,395,20,'FF',5,16,1,'PercentFree',NULL,'',2,29),(7412,'',395,0,257,395,0,'FF',9,16,4,'Current:',NULL,'',2,30),(7413,'',395,0,257,395,0,'FF',9,16,1,'Average:',NULL,'',2,31),(7414,'',395,0,257,395,0,'FF',9,16,3,'Maximum:',NULL,'on',2,32),(7415,'',397,0,257,397,13,'FF',5,16,1,'PercentFree',NULL,'',2,33),(7416,'',397,0,257,397,0,'FF',9,16,4,'Current:',NULL,'',2,34),(7417,'',397,0,257,397,0,'FF',9,16,1,'Average:',NULL,'',2,35),(7418,'',397,0,257,397,0,'FF',9,16,3,'Maximum:',NULL,'on',2,36),(7419,'',381,0,258,381,10,'FF',5,16,1,'PercentFree',NULL,'',2,1),(7420,'',381,0,258,381,0,'FF',9,16,4,'Current:',NULL,'',2,2),(7421,'',381,0,258,381,0,'FF',9,16,1,'Average:',NULL,'',2,3),(7422,'',381,0,258,381,0,'FF',9,16,3,'Maximum:',NULL,'on',2,4),(7423,'',383,0,258,383,48,'FF',5,16,1,'PercentFree',NULL,'',2,5),(7424,'',383,0,258,383,0,'FF',9,16,4,'Current:',NULL,'',2,6),(7425,'',383,0,258,383,0,'FF',9,16,1,'Average:',NULL,'',2,7),(7426,'',383,0,258,383,0,'FF',9,16,3,'Maximum:',NULL,'on',2,8),(7427,'',385,0,258,385,93,'FF',5,16,1,'PercentFree',NULL,'',2,9),(7428,'',385,0,258,385,0,'FF',9,16,4,'Current:',NULL,'',2,10),(7429,'',385,0,258,385,0,'FF',9,16,1,'Average:',NULL,'',2,11),(7430,'',385,0,258,385,0,'FF',9,16,3,'Maximum:',NULL,'on',2,12),(7431,'',387,0,258,387,35,'FF',5,16,1,'PercentFree',NULL,'',2,13),(7432,'',387,0,258,387,0,'FF',9,16,4,'Current:',NULL,'',2,14),(7433,'',387,0,258,387,0,'FF',9,16,1,'Average:',NULL,'',2,15),(7434,'',387,0,258,387,0,'FF',9,16,3,'Maximum:',NULL,'on',2,16),(7435,'',389,0,258,389,25,'FF',5,16,1,'PercentFree',NULL,'',2,17),(7436,'',389,0,258,389,0,'FF',9,16,4,'Current:',NULL,'',2,18),(7437,'',389,0,258,389,0,'FF',9,16,1,'Average:',NULL,'',2,19),(7438,'',389,0,258,389,0,'FF',9,16,3,'Maximum:',NULL,'on',2,20),(7439,'',391,0,258,391,7,'FF',5,16,1,'PercentFree',NULL,'',2,21),(7440,'',391,0,258,391,0,'FF',9,16,4,'Current:',NULL,'',2,22),(7441,'',391,0,258,391,0,'FF',9,16,1,'Average:',NULL,'',2,23),(7442,'',391,0,258,391,0,'FF',9,16,3,'Maximum:',NULL,'on',2,24),(7443,'',393,0,258,393,8,'FF',5,16,1,'PercentFree',NULL,'',2,25),(7444,'',393,0,258,393,0,'FF',9,16,4,'Current:',NULL,'',2,26),(7445,'',393,0,258,393,0,'FF',9,16,1,'Average:',NULL,'',2,27),(7446,'',393,0,258,393,0,'FF',9,16,3,'Maximum:',NULL,'on',2,28),(7447,'',395,0,258,395,20,'FF',5,16,1,'PercentFree',NULL,'',2,29),(7448,'',395,0,258,395,0,'FF',9,16,4,'Current:',NULL,'',2,30),(7449,'',395,0,258,395,0,'FF',9,16,1,'Average:',NULL,'',2,31),(7450,'',395,0,258,395,0,'FF',9,16,3,'Maximum:',NULL,'on',2,32),(7451,'',397,0,258,397,13,'FF',5,16,1,'PercentFree',NULL,'',2,33),(7452,'',397,0,258,397,0,'FF',9,16,4,'Current:',NULL,'',2,34),(7453,'',397,0,258,397,0,'FF',9,16,1,'Average:',NULL,'',2,35),(7454,'',397,0,258,397,0,'FF',9,16,3,'Maximum:',NULL,'on',2,36),(7455,'',399,0,258,399,14,'FF',5,16,1,'PercentFree',NULL,'',2,37),(7456,'',399,0,258,399,0,'FF',9,16,4,'Current:',NULL,'',2,38),(7457,'',399,0,258,399,0,'FF',9,16,1,'Average:',NULL,'',2,39),(7458,'',399,0,258,399,0,'FF',9,16,3,'Maximum:',NULL,'on',2,40),(7459,'',381,0,259,381,10,'FF',5,16,1,'PercentFree',NULL,'',2,1),(7460,'',381,0,259,381,0,'FF',9,16,4,'Current:',NULL,'',2,2),(7461,'',381,0,259,381,0,'FF',9,16,1,'Average:',NULL,'',2,3),(7462,'',381,0,259,381,0,'FF',9,16,3,'Maximum:',NULL,'on',2,4),(7463,'',383,0,259,383,48,'FF',5,16,1,'PercentFree',NULL,'',2,5),(7464,'',383,0,259,383,0,'FF',9,16,4,'Current:',NULL,'',2,6),(7465,'',383,0,259,383,0,'FF',9,16,1,'Average:',NULL,'',2,7),(7466,'',383,0,259,383,0,'FF',9,16,3,'Maximum:',NULL,'on',2,8),(7467,'',385,0,259,385,93,'FF',5,16,1,'PercentFree',NULL,'',2,9),(7468,'',385,0,259,385,0,'FF',9,16,4,'Current:',NULL,'',2,10),(7469,'',385,0,259,385,0,'FF',9,16,1,'Average:',NULL,'',2,11),(7470,'',385,0,259,385,0,'FF',9,16,3,'Maximum:',NULL,'on',2,12),(7471,'',387,0,259,387,35,'FF',5,16,1,'PercentFree',NULL,'',2,13),(7472,'',387,0,259,387,0,'FF',9,16,4,'Current:',NULL,'',2,14),(7473,'',387,0,259,387,0,'FF',9,16,1,'Average:',NULL,'',2,15),(7474,'',387,0,259,387,0,'FF',9,16,3,'Maximum:',NULL,'on',2,16),(7475,'',389,0,259,389,25,'FF',5,16,1,'PercentFree',NULL,'',2,17),(7476,'',389,0,259,389,0,'FF',9,16,4,'Current:',NULL,'',2,18),(7477,'',389,0,259,389,0,'FF',9,16,1,'Average:',NULL,'',2,19),(7478,'',389,0,259,389,0,'FF',9,16,3,'Maximum:',NULL,'on',2,20),(7479,'',391,0,259,391,7,'FF',5,16,1,'PercentFree',NULL,'',2,21),(7480,'',391,0,259,391,0,'FF',9,16,4,'Current:',NULL,'',2,22),(7481,'',391,0,259,391,0,'FF',9,16,1,'Average:',NULL,'',2,23),(7482,'',391,0,259,391,0,'FF',9,16,3,'Maximum:',NULL,'on',2,24),(7483,'',393,0,259,393,8,'FF',5,16,1,'PercentFree',NULL,'',2,25),(7484,'',393,0,259,393,0,'FF',9,16,4,'Current:',NULL,'',2,26),(7485,'',393,0,259,393,0,'FF',9,16,1,'Average:',NULL,'',2,27),(7486,'',393,0,259,393,0,'FF',9,16,3,'Maximum:',NULL,'on',2,28),(7487,'',395,0,259,395,20,'FF',5,16,1,'PercentFree',NULL,'',2,29),(7488,'',395,0,259,395,0,'FF',9,16,4,'Current:',NULL,'',2,30),(7489,'',395,0,259,395,0,'FF',9,16,1,'Average:',NULL,'',2,31),(7490,'',395,0,259,395,0,'FF',9,16,3,'Maximum:',NULL,'on',2,32),(7491,'',397,0,259,397,13,'FF',5,16,1,'PercentFree',NULL,'',2,33),(7492,'',397,0,259,397,0,'FF',9,16,4,'Current:',NULL,'',2,34),(7493,'',397,0,259,397,0,'FF',9,16,1,'Average:',NULL,'',2,35),(7494,'',397,0,259,397,0,'FF',9,16,3,'Maximum:',NULL,'on',2,36),(7495,'',399,0,259,399,14,'FF',5,16,1,'PercentFree',NULL,'',2,37),(7496,'',399,0,259,399,0,'FF',9,16,4,'Current:',NULL,'',2,38),(7497,'',399,0,259,399,0,'FF',9,16,1,'Average:',NULL,'',2,39),(7498,'',399,0,259,399,0,'FF',9,16,3,'Maximum:',NULL,'on',2,40),(7499,'',401,0,259,401,16,'FF',5,16,1,'PercentFree',NULL,'',2,41),(7500,'',401,0,259,401,0,'FF',9,16,4,'Current:',NULL,'',2,42),(7501,'',401,0,259,401,0,'FF',9,16,1,'Average:',NULL,'',2,43),(7502,'',401,0,259,401,0,'FF',9,16,3,'Maximum:',NULL,'on',2,44),(7503,'',381,0,260,381,10,'FF',5,16,1,'PercentFree',NULL,'',2,1),(7504,'',381,0,260,381,0,'FF',9,16,4,'Current:',NULL,'',2,2),(7505,'',381,0,260,381,0,'FF',9,16,1,'Average:',NULL,'',2,3),(7506,'',381,0,260,381,0,'FF',9,16,3,'Maximum:',NULL,'on',2,4),(7507,'',383,0,260,383,48,'FF',5,16,1,'PercentFree',NULL,'',2,5),(7508,'',383,0,260,383,0,'FF',9,16,4,'Current:',NULL,'',2,6),(7509,'',383,0,260,383,0,'FF',9,16,1,'Average:',NULL,'',2,7),(7510,'',383,0,260,383,0,'FF',9,16,3,'Maximum:',NULL,'on',2,8),(7511,'',385,0,260,385,93,'FF',5,16,1,'PercentFree',NULL,'',2,9),(7512,'',385,0,260,385,0,'FF',9,16,4,'Current:',NULL,'',2,10),(7513,'',385,0,260,385,0,'FF',9,16,1,'Average:',NULL,'',2,11),(7514,'',385,0,260,385,0,'FF',9,16,3,'Maximum:',NULL,'on',2,12),(7515,'',387,0,260,387,35,'FF',5,16,1,'PercentFree',NULL,'',2,13),(7516,'',387,0,260,387,0,'FF',9,16,4,'Current:',NULL,'',2,14),(7517,'',387,0,260,387,0,'FF',9,16,1,'Average:',NULL,'',2,15),(7518,'',387,0,260,387,0,'FF',9,16,3,'Maximum:',NULL,'on',2,16),(7519,'',389,0,260,389,25,'FF',5,16,1,'PercentFree',NULL,'',2,17),(7520,'',389,0,260,389,0,'FF',9,16,4,'Current:',NULL,'',2,18),(7521,'',389,0,260,389,0,'FF',9,16,1,'Average:',NULL,'',2,19),(7522,'',389,0,260,389,0,'FF',9,16,3,'Maximum:',NULL,'on',2,20),(7523,'',391,0,260,391,7,'FF',5,16,1,'PercentFree',NULL,'',2,21),(7524,'',391,0,260,391,0,'FF',9,16,4,'Current:',NULL,'',2,22),(7525,'',391,0,260,391,0,'FF',9,16,1,'Average:',NULL,'',2,23),(7526,'',391,0,260,391,0,'FF',9,16,3,'Maximum:',NULL,'on',2,24),(7527,'',393,0,260,393,8,'FF',5,16,1,'PercentFree',NULL,'',2,25),(7528,'',393,0,260,393,0,'FF',9,16,4,'Current:',NULL,'',2,26),(7529,'',393,0,260,393,0,'FF',9,16,1,'Average:',NULL,'',2,27),(7530,'',393,0,260,393,0,'FF',9,16,3,'Maximum:',NULL,'on',2,28),(7531,'',395,0,260,395,20,'FF',5,16,1,'PercentFree',NULL,'',2,29),(7532,'',395,0,260,395,0,'FF',9,16,4,'Current:',NULL,'',2,30),(7533,'',395,0,260,395,0,'FF',9,16,1,'Average:',NULL,'',2,31),(7534,'',395,0,260,395,0,'FF',9,16,3,'Maximum:',NULL,'on',2,32),(7535,'',397,0,260,397,13,'FF',5,16,1,'PercentFree',NULL,'',2,33),(7536,'',397,0,260,397,0,'FF',9,16,4,'Current:',NULL,'',2,34),(7537,'',397,0,260,397,0,'FF',9,16,1,'Average:',NULL,'',2,35),(7538,'',397,0,260,397,0,'FF',9,16,3,'Maximum:',NULL,'on',2,36),(7539,'',399,0,260,399,14,'FF',5,16,1,'PercentFree',NULL,'',2,37),(7540,'',399,0,260,399,0,'FF',9,16,4,'Current:',NULL,'',2,38),(7541,'',399,0,260,399,0,'FF',9,16,1,'Average:',NULL,'',2,39),(7542,'',399,0,260,399,0,'FF',9,16,3,'Maximum:',NULL,'on',2,40),(7543,'',401,0,260,401,16,'FF',5,16,1,'PercentFree',NULL,'',2,41),(7544,'',401,0,260,401,0,'FF',9,16,4,'Current:',NULL,'',2,42),(7545,'',401,0,260,401,0,'FF',9,16,1,'Average:',NULL,'',2,43),(7546,'',401,0,260,401,0,'FF',9,16,3,'Maximum:',NULL,'on',2,44),(7547,'',403,0,260,403,6,'FF',5,16,1,'PercentFree',NULL,'',2,45),(7548,'',403,0,260,403,0,'FF',9,16,4,'Current:',NULL,'',2,46),(7549,'',403,0,260,403,0,'FF',9,16,1,'Average:',NULL,'',2,47),(7550,'',403,0,260,403,0,'FF',9,16,3,'Maximum:',NULL,'on',2,48),(7551,'',381,0,261,381,10,'FF',5,16,1,'PercentFree',NULL,'',2,1),(7552,'',381,0,261,381,0,'FF',9,16,4,'Current:',NULL,'',2,2),(7553,'',381,0,261,381,0,'FF',9,16,1,'Average:',NULL,'',2,3),(7554,'',381,0,261,381,0,'FF',9,16,3,'Maximum:',NULL,'on',2,4),(7555,'',383,0,261,383,48,'FF',5,16,1,'PercentFree',NULL,'',2,5),(7556,'',383,0,261,383,0,'FF',9,16,4,'Current:',NULL,'',2,6),(7557,'',383,0,261,383,0,'FF',9,16,1,'Average:',NULL,'',2,7),(7558,'',383,0,261,383,0,'FF',9,16,3,'Maximum:',NULL,'on',2,8),(7559,'',385,0,261,385,93,'FF',5,16,1,'PercentFree',NULL,'',2,9),(7560,'',385,0,261,385,0,'FF',9,16,4,'Current:',NULL,'',2,10),(7561,'',385,0,261,385,0,'FF',9,16,1,'Average:',NULL,'',2,11),(7562,'',385,0,261,385,0,'FF',9,16,3,'Maximum:',NULL,'on',2,12),(7563,'',387,0,261,387,35,'FF',5,16,1,'PercentFree',NULL,'',2,13),(7564,'',387,0,261,387,0,'FF',9,16,4,'Current:',NULL,'',2,14),(7565,'',387,0,261,387,0,'FF',9,16,1,'Average:',NULL,'',2,15),(7566,'',387,0,261,387,0,'FF',9,16,3,'Maximum:',NULL,'on',2,16),(7567,'',389,0,261,389,25,'FF',5,16,1,'PercentFree',NULL,'',2,17),(7568,'',389,0,261,389,0,'FF',9,16,4,'Current:',NULL,'',2,18),(7569,'',389,0,261,389,0,'FF',9,16,1,'Average:',NULL,'',2,19),(7570,'',389,0,261,389,0,'FF',9,16,3,'Maximum:',NULL,'on',2,20),(7571,'',391,0,261,391,7,'FF',5,16,1,'PercentFree',NULL,'',2,21),(7572,'',391,0,261,391,0,'FF',9,16,4,'Current:',NULL,'',2,22),(7573,'',391,0,261,391,0,'FF',9,16,1,'Average:',NULL,'',2,23),(7574,'',391,0,261,391,0,'FF',9,16,3,'Maximum:',NULL,'on',2,24),(7575,'',393,0,261,393,8,'FF',5,16,1,'PercentFree',NULL,'',2,25),(7576,'',393,0,261,393,0,'FF',9,16,4,'Current:',NULL,'',2,26),(7577,'',393,0,261,393,0,'FF',9,16,1,'Average:',NULL,'',2,27),(7578,'',393,0,261,393,0,'FF',9,16,3,'Maximum:',NULL,'on',2,28),(7579,'',395,0,261,395,20,'FF',5,16,1,'PercentFree',NULL,'',2,29),(7580,'',395,0,261,395,0,'FF',9,16,4,'Current:',NULL,'',2,30),(7581,'',395,0,261,395,0,'FF',9,16,1,'Average:',NULL,'',2,31),(7582,'',395,0,261,395,0,'FF',9,16,3,'Maximum:',NULL,'on',2,32),(7583,'',397,0,261,397,13,'FF',5,16,1,'PercentFree',NULL,'',2,33),(7584,'',397,0,261,397,0,'FF',9,16,4,'Current:',NULL,'',2,34),(7585,'',397,0,261,397,0,'FF',9,16,1,'Average:',NULL,'',2,35),(7586,'',397,0,261,397,0,'FF',9,16,3,'Maximum:',NULL,'on',2,36),(7587,'',399,0,261,399,14,'FF',5,16,1,'PercentFree',NULL,'',2,37),(7588,'',399,0,261,399,0,'FF',9,16,4,'Current:',NULL,'',2,38),(7589,'',399,0,261,399,0,'FF',9,16,1,'Average:',NULL,'',2,39),(7590,'',399,0,261,399,0,'FF',9,16,3,'Maximum:',NULL,'on',2,40),(7591,'',401,0,261,401,16,'FF',5,16,1,'PercentFree',NULL,'',2,41),(7592,'',401,0,261,401,0,'FF',9,16,4,'Current:',NULL,'',2,42),(7593,'',401,0,261,401,0,'FF',9,16,1,'Average:',NULL,'',2,43),(7594,'',401,0,261,401,0,'FF',9,16,3,'Maximum:',NULL,'on',2,44),(7595,'',403,0,261,403,6,'FF',5,16,1,'PercentFree',NULL,'',2,45),(7596,'',403,0,261,403,0,'FF',9,16,4,'Current:',NULL,'',2,46),(7597,'',403,0,261,403,0,'FF',9,16,1,'Average:',NULL,'',2,47),(7598,'',403,0,261,403,0,'FF',9,16,3,'Maximum:',NULL,'on',2,48),(7599,'',405,0,261,405,17,'FF',5,16,1,'PercentFree',NULL,'',2,49),(7600,'',405,0,261,405,0,'FF',9,16,4,'Current:',NULL,'',2,50),(7601,'',405,0,261,405,0,'FF',9,16,1,'Average:',NULL,'',2,51),(7602,'',405,0,261,405,0,'FF',9,16,3,'Maximum:',NULL,'on',2,52),(7603,'',381,0,262,381,10,'FF',5,16,1,'PercentFree',NULL,'',2,1),(7604,'',381,0,262,381,0,'FF',9,16,4,'Current:',NULL,'',2,2),(7605,'',381,0,262,381,0,'FF',9,16,1,'Average:',NULL,'',2,3),(7606,'',381,0,262,381,0,'FF',9,16,3,'Maximum:',NULL,'on',2,4),(7607,'',383,0,262,383,48,'FF',5,16,1,'PercentFree',NULL,'',2,5),(7608,'',383,0,262,383,0,'FF',9,16,4,'Current:',NULL,'',2,6),(7609,'',383,0,262,383,0,'FF',9,16,1,'Average:',NULL,'',2,7),(7610,'',383,0,262,383,0,'FF',9,16,3,'Maximum:',NULL,'on',2,8),(7611,'',385,0,262,385,93,'FF',5,16,1,'PercentFree',NULL,'',2,9),(7612,'',385,0,262,385,0,'FF',9,16,4,'Current:',NULL,'',2,10),(7613,'',385,0,262,385,0,'FF',9,16,1,'Average:',NULL,'',2,11),(7614,'',385,0,262,385,0,'FF',9,16,3,'Maximum:',NULL,'on',2,12),(7615,'',387,0,262,387,35,'FF',5,16,1,'PercentFree',NULL,'',2,13),(7616,'',387,0,262,387,0,'FF',9,16,4,'Current:',NULL,'',2,14),(7617,'',387,0,262,387,0,'FF',9,16,1,'Average:',NULL,'',2,15),(7618,'',387,0,262,387,0,'FF',9,16,3,'Maximum:',NULL,'on',2,16),(7619,'',389,0,262,389,25,'FF',5,16,1,'PercentFree',NULL,'',2,17),(7620,'',389,0,262,389,0,'FF',9,16,4,'Current:',NULL,'',2,18),(7621,'',389,0,262,389,0,'FF',9,16,1,'Average:',NULL,'',2,19),(7622,'',389,0,262,389,0,'FF',9,16,3,'Maximum:',NULL,'on',2,20),(7623,'',391,0,262,391,7,'FF',5,16,1,'PercentFree',NULL,'',2,21),(7624,'',391,0,262,391,0,'FF',9,16,4,'Current:',NULL,'',2,22),(7625,'',391,0,262,391,0,'FF',9,16,1,'Average:',NULL,'',2,23),(7626,'',391,0,262,391,0,'FF',9,16,3,'Maximum:',NULL,'on',2,24),(7627,'',393,0,262,393,8,'FF',5,16,1,'PercentFree',NULL,'',2,25),(7628,'',393,0,262,393,0,'FF',9,16,4,'Current:',NULL,'',2,26),(7629,'',393,0,262,393,0,'FF',9,16,1,'Average:',NULL,'',2,27),(7630,'',393,0,262,393,0,'FF',9,16,3,'Maximum:',NULL,'on',2,28),(7631,'',395,0,262,395,20,'FF',5,16,1,'PercentFree',NULL,'',2,29),(7632,'',395,0,262,395,0,'FF',9,16,4,'Current:',NULL,'',2,30),(7633,'',395,0,262,395,0,'FF',9,16,1,'Average:',NULL,'',2,31),(7634,'',395,0,262,395,0,'FF',9,16,3,'Maximum:',NULL,'on',2,32),(7635,'',397,0,262,397,13,'FF',5,16,1,'PercentFree',NULL,'',2,33),(7636,'',397,0,262,397,0,'FF',9,16,4,'Current:',NULL,'',2,34),(7637,'',397,0,262,397,0,'FF',9,16,1,'Average:',NULL,'',2,35),(7638,'',397,0,262,397,0,'FF',9,16,3,'Maximum:',NULL,'on',2,36),(7639,'',399,0,262,399,14,'FF',5,16,1,'PercentFree',NULL,'',2,37),(7640,'',399,0,262,399,0,'FF',9,16,4,'Current:',NULL,'',2,38),(7641,'',399,0,262,399,0,'FF',9,16,1,'Average:',NULL,'',2,39),(7642,'',399,0,262,399,0,'FF',9,16,3,'Maximum:',NULL,'on',2,40),(7643,'',401,0,262,401,16,'FF',5,16,1,'PercentFree',NULL,'',2,41),(7644,'',401,0,262,401,0,'FF',9,16,4,'Current:',NULL,'',2,42),(7645,'',401,0,262,401,0,'FF',9,16,1,'Average:',NULL,'',2,43),(7646,'',401,0,262,401,0,'FF',9,16,3,'Maximum:',NULL,'on',2,44),(7647,'',403,0,262,403,6,'FF',5,16,1,'PercentFree',NULL,'',2,45),(7648,'',403,0,262,403,0,'FF',9,16,4,'Current:',NULL,'',2,46),(7649,'',403,0,262,403,0,'FF',9,16,1,'Average:',NULL,'',2,47),(7650,'',403,0,262,403,0,'FF',9,16,3,'Maximum:',NULL,'on',2,48),(7651,'',405,0,262,405,17,'FF',5,16,1,'PercentFree',NULL,'',2,49),(7652,'',405,0,262,405,0,'FF',9,16,4,'Current:',NULL,'',2,50),(7653,'',405,0,262,405,0,'FF',9,16,1,'Average:',NULL,'',2,51),(7654,'',405,0,262,405,0,'FF',9,16,3,'Maximum:',NULL,'on',2,52),(7655,'',407,0,262,407,27,'FF',5,16,1,'PercentFree',NULL,'',2,53),(7656,'',407,0,262,407,0,'FF',9,16,4,'Current:',NULL,'',2,54),(7657,'',407,0,262,407,0,'FF',9,16,1,'Average:',NULL,'',2,55),(7658,'',407,0,262,407,0,'FF',9,16,3,'Maximum:',NULL,'on',2,56),(7659,'',381,0,263,381,10,'FF',5,16,1,'PercentFree',NULL,'',2,1),(7660,'',381,0,263,381,0,'FF',9,16,4,'Current:',NULL,'',2,2),(7661,'',381,0,263,381,0,'FF',9,16,1,'Average:',NULL,'',2,3),(7662,'',381,0,263,381,0,'FF',9,16,3,'Maximum:',NULL,'on',2,4),(7663,'',383,0,263,383,48,'FF',5,16,1,'PercentFree',NULL,'',2,5),(7664,'',383,0,263,383,0,'FF',9,16,4,'Current:',NULL,'',2,6),(7665,'',383,0,263,383,0,'FF',9,16,1,'Average:',NULL,'',2,7),(7666,'',383,0,263,383,0,'FF',9,16,3,'Maximum:',NULL,'on',2,8),(7667,'',385,0,263,385,93,'FF',5,16,1,'PercentFree',NULL,'',2,9),(7668,'',385,0,263,385,0,'FF',9,16,4,'Current:',NULL,'',2,10),(7669,'',385,0,263,385,0,'FF',9,16,1,'Average:',NULL,'',2,11),(7670,'',385,0,263,385,0,'FF',9,16,3,'Maximum:',NULL,'on',2,12),(7671,'',387,0,263,387,35,'FF',5,16,1,'PercentFree',NULL,'',2,13),(7672,'',387,0,263,387,0,'FF',9,16,4,'Current:',NULL,'',2,14),(7673,'',387,0,263,387,0,'FF',9,16,1,'Average:',NULL,'',2,15),(7674,'',387,0,263,387,0,'FF',9,16,3,'Maximum:',NULL,'on',2,16),(7675,'',389,0,263,389,25,'FF',5,16,1,'PercentFree',NULL,'',2,17),(7676,'',389,0,263,389,0,'FF',9,16,4,'Current:',NULL,'',2,18),(7677,'',389,0,263,389,0,'FF',9,16,1,'Average:',NULL,'',2,19),(7678,'',389,0,263,389,0,'FF',9,16,3,'Maximum:',NULL,'on',2,20),(7679,'',391,0,263,391,7,'FF',5,16,1,'PercentFree',NULL,'',2,21),(7680,'',391,0,263,391,0,'FF',9,16,4,'Current:',NULL,'',2,22),(7681,'',391,0,263,391,0,'FF',9,16,1,'Average:',NULL,'',2,23),(7682,'',391,0,263,391,0,'FF',9,16,3,'Maximum:',NULL,'on',2,24),(7683,'',393,0,263,393,8,'FF',5,16,1,'PercentFree',NULL,'',2,25),(7684,'',393,0,263,393,0,'FF',9,16,4,'Current:',NULL,'',2,26),(7685,'',393,0,263,393,0,'FF',9,16,1,'Average:',NULL,'',2,27),(7686,'',393,0,263,393,0,'FF',9,16,3,'Maximum:',NULL,'on',2,28),(7687,'',395,0,263,395,20,'FF',5,16,1,'PercentFree',NULL,'',2,29),(7688,'',395,0,263,395,0,'FF',9,16,4,'Current:',NULL,'',2,30),(7689,'',395,0,263,395,0,'FF',9,16,1,'Average:',NULL,'',2,31),(7690,'',395,0,263,395,0,'FF',9,16,3,'Maximum:',NULL,'on',2,32),(7691,'',397,0,263,397,13,'FF',5,16,1,'PercentFree',NULL,'',2,33),(7692,'',397,0,263,397,0,'FF',9,16,4,'Current:',NULL,'',2,34),(7693,'',397,0,263,397,0,'FF',9,16,1,'Average:',NULL,'',2,35),(7694,'',397,0,263,397,0,'FF',9,16,3,'Maximum:',NULL,'on',2,36),(7695,'',399,0,263,399,14,'FF',5,16,1,'PercentFree',NULL,'',2,37),(7696,'',399,0,263,399,0,'FF',9,16,4,'Current:',NULL,'',2,38),(7697,'',399,0,263,399,0,'FF',9,16,1,'Average:',NULL,'',2,39),(7698,'',399,0,263,399,0,'FF',9,16,3,'Maximum:',NULL,'on',2,40),(7699,'',401,0,263,401,16,'FF',5,16,1,'PercentFree',NULL,'',2,41),(7700,'',401,0,263,401,0,'FF',9,16,4,'Current:',NULL,'',2,42),(7701,'',401,0,263,401,0,'FF',9,16,1,'Average:',NULL,'',2,43),(7702,'',401,0,263,401,0,'FF',9,16,3,'Maximum:',NULL,'on',2,44),(7703,'',403,0,263,403,6,'FF',5,16,1,'PercentFree',NULL,'',2,45),(7704,'',403,0,263,403,0,'FF',9,16,4,'Current:',NULL,'',2,46),(7705,'',403,0,263,403,0,'FF',9,16,1,'Average:',NULL,'',2,47),(7706,'',403,0,263,403,0,'FF',9,16,3,'Maximum:',NULL,'on',2,48),(7707,'',405,0,263,405,17,'FF',5,16,1,'PercentFree',NULL,'',2,49),(7708,'',405,0,263,405,0,'FF',9,16,4,'Current:',NULL,'',2,50),(7709,'',405,0,263,405,0,'FF',9,16,1,'Average:',NULL,'',2,51),(7710,'',405,0,263,405,0,'FF',9,16,3,'Maximum:',NULL,'on',2,52),(7711,'',407,0,263,407,27,'FF',5,16,1,'PercentFree',NULL,'',2,53),(7712,'',407,0,263,407,0,'FF',9,16,4,'Current:',NULL,'',2,54),(7713,'',407,0,263,407,0,'FF',9,16,1,'Average:',NULL,'',2,55),(7714,'',407,0,263,407,0,'FF',9,16,3,'Maximum:',NULL,'on',2,56),(7715,'',409,0,263,409,56,'FF',5,16,1,'PercentFree',NULL,'',2,57),(7716,'',409,0,263,409,0,'FF',9,16,4,'Current:',NULL,'',2,58),(7717,'',409,0,263,409,0,'FF',9,16,1,'Average:',NULL,'',2,59),(7718,'',409,0,263,409,0,'FF',9,16,3,'Maximum:',NULL,'on',2,60),(7719,'',0,0,264,0,0,'FF',1,0,1,'comment',NULL,'on',2,1),(7720,'',0,0,264,0,9,'FF',2,0,1,'threshold',NULL,'on',2,2),(7721,'',2067,0,264,2067,10,'FF',7,0,1,'CommittedBytes',NULL,'',2,3),(7722,'',2067,0,264,2067,0,'FF',9,0,4,'Current:',NULL,'',2,4),(7723,'',2067,0,264,2067,0,'FF',9,0,1,'Average:',NULL,'',2,5),(7724,'',2067,0,264,2067,0,'FF',9,0,3,'Maximum:',NULL,'on',2,6),(7725,'e57b1ad3981353d2a75751b136e3aafc',2068,0,264,2068,24,'FF',8,0,1,'AvailableBytes','','',2,7),(7726,'',2068,0,264,2068,0,'FF',9,0,4,'Current:',NULL,'',2,8),(7727,'',2068,0,264,2068,0,'FF',9,0,1,'Average:',NULL,'',2,9),(7728,'',2068,0,264,2068,0,'FF',9,0,3,'Maximum:',NULL,'on',2,10),(7729,'',444,0,265,444,10,'FF',4,0,1,'BytesRecivedSec',NULL,'',2,1),(7730,'',444,0,265,444,0,'FF',9,0,4,'Current:',NULL,'',2,2),(7731,'',444,0,265,444,0,'FF',9,0,1,'Average:',NULL,'',2,3),(7732,'',444,0,265,444,0,'FF',9,0,3,'Maximum:',NULL,'on',2,4),(7733,'',444,0,266,444,10,'FF',4,0,1,'BytesRecivedSec',NULL,'',2,1),(7734,'',444,0,266,444,0,'FF',9,0,4,'Current:',NULL,'',2,2),(7735,'',444,0,266,444,0,'FF',9,0,1,'Average:',NULL,'',2,3),(7736,'',444,0,266,444,0,'FF',9,0,3,'Maximum:',NULL,'on',2,4),(7737,'',447,0,266,447,48,'FF',4,0,1,'BytesRecivedSec',NULL,'',2,5),(7738,'',447,0,266,447,0,'FF',9,0,4,'Current:',NULL,'',2,6),(7739,'',447,0,266,447,0,'FF',9,0,1,'Average:',NULL,'',2,7),(7740,'',447,0,266,447,0,'FF',9,0,3,'Maximum:',NULL,'on',2,8),(7741,'',444,0,267,444,10,'FF',4,0,1,'BytesRecivedSec',NULL,'',2,1),(7742,'',444,0,267,444,0,'FF',9,0,4,'Current:',NULL,'',2,2),(7743,'',444,0,267,444,0,'FF',9,0,1,'Average:',NULL,'',2,3),(7744,'',444,0,267,444,0,'FF',9,0,3,'Maximum:',NULL,'on',2,4),(7745,'',447,0,267,447,48,'FF',4,0,1,'BytesRecivedSec',NULL,'',2,5),(7746,'',447,0,267,447,0,'FF',9,0,4,'Current:',NULL,'',2,6),(7747,'',447,0,267,447,0,'FF',9,0,1,'Average:',NULL,'',2,7),(7748,'',447,0,267,447,0,'FF',9,0,3,'Maximum:',NULL,'on',2,8),(7749,'',450,0,267,450,93,'FF',4,0,1,'BytesRecivedSec',NULL,'',2,9),(7750,'',450,0,267,450,0,'FF',9,0,4,'Current:',NULL,'',2,10),(7751,'',450,0,267,450,0,'FF',9,0,1,'Average:',NULL,'',2,11),(7752,'',450,0,267,450,0,'FF',9,0,3,'Maximum:',NULL,'on',2,12),(7753,'',444,0,268,444,10,'FF',4,0,1,'BytesRecivedSec',NULL,'',2,1),(7754,'',444,0,268,444,0,'FF',9,0,4,'Current:',NULL,'',2,2),(7755,'',444,0,268,444,0,'FF',9,0,1,'Average:',NULL,'',2,3),(7756,'',444,0,268,444,0,'FF',9,0,3,'Maximum:',NULL,'on',2,4),(7757,'',447,0,268,447,48,'FF',4,0,1,'BytesRecivedSec',NULL,'',2,5),(7758,'',447,0,268,447,0,'FF',9,0,4,'Current:',NULL,'',2,6),(7759,'',447,0,268,447,0,'FF',9,0,1,'Average:',NULL,'',2,7),(7760,'',447,0,268,447,0,'FF',9,0,3,'Maximum:',NULL,'on',2,8),(7761,'',450,0,268,450,93,'FF',4,0,1,'BytesRecivedSec',NULL,'',2,9),(7762,'',450,0,268,450,0,'FF',9,0,4,'Current:',NULL,'',2,10),(7763,'',450,0,268,450,0,'FF',9,0,1,'Average:',NULL,'',2,11),(7764,'',450,0,268,450,0,'FF',9,0,3,'Maximum:',NULL,'on',2,12),(7765,'',453,0,268,453,35,'FF',4,0,1,'BytesRecivedSec',NULL,'',2,13),(7766,'',453,0,268,453,0,'FF',9,0,4,'Current:',NULL,'',2,14),(7767,'',453,0,268,453,0,'FF',9,0,1,'Average:',NULL,'',2,15),(7768,'',453,0,268,453,0,'FF',9,0,3,'Maximum:',NULL,'on',2,16),(7769,'',444,0,269,444,10,'FF',4,0,1,'BytesRecivedSec',NULL,'',2,1),(7770,'',444,0,269,444,0,'FF',9,0,4,'Current:',NULL,'',2,2),(7771,'',444,0,269,444,0,'FF',9,0,1,'Average:',NULL,'',2,3),(7772,'',444,0,269,444,0,'FF',9,0,3,'Maximum:',NULL,'on',2,4),(7773,'',447,0,269,447,48,'FF',4,0,1,'BytesRecivedSec',NULL,'',2,5),(7774,'',447,0,269,447,0,'FF',9,0,4,'Current:',NULL,'',2,6),(7775,'',447,0,269,447,0,'FF',9,0,1,'Average:',NULL,'',2,7),(7776,'',447,0,269,447,0,'FF',9,0,3,'Maximum:',NULL,'on',2,8),(7777,'',450,0,269,450,93,'FF',4,0,1,'BytesRecivedSec',NULL,'',2,9),(7778,'',450,0,269,450,0,'FF',9,0,4,'Current:',NULL,'',2,10),(7779,'',450,0,269,450,0,'FF',9,0,1,'Average:',NULL,'',2,11),(7780,'',450,0,269,450,0,'FF',9,0,3,'Maximum:',NULL,'on',2,12),(7781,'',453,0,269,453,35,'FF',4,0,1,'BytesRecivedSec',NULL,'',2,13),(7782,'',453,0,269,453,0,'FF',9,0,4,'Current:',NULL,'',2,14),(7783,'',453,0,269,453,0,'FF',9,0,1,'Average:',NULL,'',2,15),(7784,'',453,0,269,453,0,'FF',9,0,3,'Maximum:',NULL,'on',2,16),(7785,'',456,0,269,456,25,'FF',4,0,1,'BytesRecivedSec',NULL,'',2,17),(7786,'',456,0,269,456,0,'FF',9,0,4,'Current:',NULL,'',2,18),(7787,'',456,0,269,456,0,'FF',9,0,1,'Average:',NULL,'',2,19),(7788,'',456,0,269,456,0,'FF',9,0,3,'Maximum:',NULL,'on',2,20),(7789,'',445,0,270,445,10,'FF',4,0,1,'BytesSentSec',NULL,'',2,1),(7790,'',445,0,270,445,0,'FF',9,0,4,'Current:',NULL,'',2,2),(7791,'',445,0,270,445,0,'FF',9,0,1,'Average:',NULL,'',2,3),(7792,'',445,0,270,445,0,'FF',9,0,3,'Maximum:',NULL,'on',2,4),(7793,'',445,0,271,445,10,'FF',4,0,1,'BytesSentSec',NULL,'',2,1),(7794,'',445,0,271,445,0,'FF',9,0,4,'Current:',NULL,'',2,2),(7795,'',445,0,271,445,0,'FF',9,0,1,'Average:',NULL,'',2,3),(7796,'',445,0,271,445,0,'FF',9,0,3,'Maximum:',NULL,'on',2,4),(7797,'',448,0,271,448,48,'FF',4,0,1,'BytesSentSec',NULL,'',2,5),(7798,'',448,0,271,448,0,'FF',9,0,4,'Current:',NULL,'',2,6),(7799,'',448,0,271,448,0,'FF',9,0,1,'Average:',NULL,'',2,7),(7800,'',448,0,271,448,0,'FF',9,0,3,'Maximum:',NULL,'on',2,8),(7801,'',445,0,272,445,10,'FF',4,0,1,'BytesSentSec',NULL,'',2,1),(7802,'',445,0,272,445,0,'FF',9,0,4,'Current:',NULL,'',2,2),(7803,'',445,0,272,445,0,'FF',9,0,1,'Average:',NULL,'',2,3),(7804,'',445,0,272,445,0,'FF',9,0,3,'Maximum:',NULL,'on',2,4),(7805,'',448,0,272,448,48,'FF',4,0,1,'BytesSentSec',NULL,'',2,5),(7806,'',448,0,272,448,0,'FF',9,0,4,'Current:',NULL,'',2,6),(7807,'',448,0,272,448,0,'FF',9,0,1,'Average:',NULL,'',2,7),(7808,'',448,0,272,448,0,'FF',9,0,3,'Maximum:',NULL,'on',2,8),(7809,'',451,0,272,451,93,'FF',4,0,1,'BytesSentSec',NULL,'',2,9),(7810,'',451,0,272,451,0,'FF',9,0,4,'Current:',NULL,'',2,10),(7811,'',451,0,272,451,0,'FF',9,0,1,'Average:',NULL,'',2,11),(7812,'',451,0,272,451,0,'FF',9,0,3,'Maximum:',NULL,'on',2,12),(7813,'',445,0,273,445,10,'FF',4,0,1,'BytesSentSec',NULL,'',2,1),(7814,'',445,0,273,445,0,'FF',9,0,4,'Current:',NULL,'',2,2),(7815,'',445,0,273,445,0,'FF',9,0,1,'Average:',NULL,'',2,3),(7816,'',445,0,273,445,0,'FF',9,0,3,'Maximum:',NULL,'on',2,4),(7817,'',448,0,273,448,48,'FF',4,0,1,'BytesSentSec',NULL,'',2,5),(7818,'',448,0,273,448,0,'FF',9,0,4,'Current:',NULL,'',2,6),(7819,'',448,0,273,448,0,'FF',9,0,1,'Average:',NULL,'',2,7),(7820,'',448,0,273,448,0,'FF',9,0,3,'Maximum:',NULL,'on',2,8),(7821,'',451,0,273,451,93,'FF',4,0,1,'BytesSentSec',NULL,'',2,9),(7822,'',451,0,273,451,0,'FF',9,0,4,'Current:',NULL,'',2,10),(7823,'',451,0,273,451,0,'FF',9,0,1,'Average:',NULL,'',2,11),(7824,'',451,0,273,451,0,'FF',9,0,3,'Maximum:',NULL,'on',2,12),(7825,'',454,0,273,454,35,'FF',4,0,1,'BytesSentSec',NULL,'',2,13),(7826,'',454,0,273,454,0,'FF',9,0,4,'Current:',NULL,'',2,14),(7827,'',454,0,273,454,0,'FF',9,0,1,'Average:',NULL,'',2,15),(7828,'',454,0,273,454,0,'FF',9,0,3,'Maximum:',NULL,'on',2,16),(7829,'',445,0,274,445,10,'FF',4,0,1,'BytesSentSec',NULL,'',2,1),(7830,'',445,0,274,445,0,'FF',9,0,4,'Current:',NULL,'',2,2),(7831,'',445,0,274,445,0,'FF',9,0,1,'Average:',NULL,'',2,3),(7832,'',445,0,274,445,0,'FF',9,0,3,'Maximum:',NULL,'on',2,4),(7833,'',448,0,274,448,48,'FF',4,0,1,'BytesSentSec',NULL,'',2,5),(7834,'',448,0,274,448,0,'FF',9,0,4,'Current:',NULL,'',2,6),(7835,'',448,0,274,448,0,'FF',9,0,1,'Average:',NULL,'',2,7),(7836,'',448,0,274,448,0,'FF',9,0,3,'Maximum:',NULL,'on',2,8),(7837,'',451,0,274,451,93,'FF',4,0,1,'BytesSentSec',NULL,'',2,9),(7838,'',451,0,274,451,0,'FF',9,0,4,'Current:',NULL,'',2,10),(7839,'',451,0,274,451,0,'FF',9,0,1,'Average:',NULL,'',2,11),(7840,'',451,0,274,451,0,'FF',9,0,3,'Maximum:',NULL,'on',2,12),(7841,'',454,0,274,454,35,'FF',4,0,1,'BytesSentSec',NULL,'',2,13),(7842,'',454,0,274,454,0,'FF',9,0,4,'Current:',NULL,'',2,14),(7843,'',454,0,274,454,0,'FF',9,0,1,'Average:',NULL,'',2,15),(7844,'',454,0,274,454,0,'FF',9,0,3,'Maximum:',NULL,'on',2,16),(7845,'',457,0,274,457,25,'FF',4,0,1,'BytesSentSec',NULL,'',2,17),(7846,'',457,0,274,457,0,'FF',9,0,4,'Current:',NULL,'',2,18),(7847,'',457,0,274,457,0,'FF',9,0,1,'Average:',NULL,'',2,19),(7848,'',457,0,274,457,0,'FF',9,0,3,'Maximum:',NULL,'on',2,20),(7849,'',366,0,275,366,10,'FF',4,0,1,'BytesRecivedSec',NULL,'',2,1),(7850,'',366,0,275,366,0,'FF',9,0,4,'Current:',NULL,'',2,2),(7851,'',366,0,275,366,0,'FF',9,0,1,'Average:',NULL,'',2,3),(7852,'',366,0,275,366,0,'FF',9,0,3,'Maximum:',NULL,'on',2,4),(7853,'',367,0,275,367,48,'FF',4,0,1,'BytesSentSec',NULL,'',2,5),(7854,'',367,0,275,367,0,'FF',9,0,4,'Current:',NULL,'',2,6),(7855,'',367,0,275,367,0,'FF',9,0,1,'Average:',NULL,'',2,7),(7856,'',367,0,275,367,0,'FF',9,0,3,'Maximum:',NULL,'on',2,8),(7857,'',368,0,276,368,10,'FF',4,0,1,'PacketsRecivedSec',NULL,'',2,1),(7858,'',368,0,276,368,0,'FF',9,0,4,'Current:',NULL,'',2,2),(7859,'',368,0,276,368,0,'FF',9,0,1,'Average:',NULL,'',2,3),(7860,'',368,0,276,368,0,'FF',9,0,3,'Maximum:',NULL,'on',2,4),(7861,'',369,0,276,369,48,'FF',4,0,1,'PacketsSentSec',NULL,'',2,5),(7862,'',369,0,276,369,0,'FF',9,0,4,'Current:',NULL,'',2,6),(7863,'',369,0,276,369,0,'FF',9,0,1,'Average:',NULL,'',2,7),(7864,'',369,0,276,369,0,'FF',9,0,3,'Maximum:',NULL,'on',2,8),(7865,'',370,0,277,370,10,'FF',5,0,1,'RecievedDiscarded',NULL,'',2,1),(7866,'',370,0,277,370,0,'FF',9,0,4,'Current:',NULL,'',2,2),(7867,'',370,0,277,370,0,'FF',9,0,1,'Average:',NULL,'',2,3),(7868,'',370,0,277,370,0,'FF',9,0,3,'Maximum:',NULL,'on',2,4),(7869,'',371,0,277,371,48,'FF',5,0,1,'RecievedErrors',NULL,'',2,5),(7870,'',371,0,277,371,0,'FF',9,0,4,'Current:',NULL,'',2,6),(7871,'',371,0,277,371,0,'FF',9,0,1,'Average:',NULL,'',2,7),(7872,'',371,0,277,371,0,'FF',9,0,3,'Maximum:',NULL,'on',2,8),(7873,'',372,0,277,372,93,'FF',5,0,1,'OutboundDiscarded',NULL,'',2,9),(7874,'',372,0,277,372,0,'FF',9,0,4,'Current:',NULL,'',2,10),(7875,'',372,0,277,372,0,'FF',9,0,1,'Average:',NULL,'',2,11),(7876,'',372,0,277,372,0,'FF',9,0,3,'Maximum:',NULL,'on',2,12),(7877,'',373,0,277,373,35,'FF',5,0,1,'OutboundErrors',NULL,'',2,13),(7878,'',373,0,277,373,0,'FF',9,0,4,'Current:',NULL,'',2,14),(7879,'',373,0,277,373,0,'FF',9,0,1,'Average:',NULL,'',2,15),(7880,'',373,0,277,373,0,'FF',9,0,3,'Maximum:',NULL,'on',2,16),(7881,'',414,0,278,414,10,'FF',5,16,1,'DiskIdleTime',NULL,'',2,1),(7882,'',414,0,278,414,0,'FF',9,16,4,'Current:',NULL,'',2,2),(7883,'',414,0,278,414,0,'FF',9,16,1,'Average:',NULL,'',2,3),(7884,'',414,0,278,414,0,'FF',9,16,3,'Maximum:',NULL,'on',2,4),(7885,'',414,0,279,414,10,'FF',5,16,1,'DiskIdleTime',NULL,'',2,1),(7886,'',414,0,279,414,0,'FF',9,16,4,'Current:',NULL,'',2,2),(7887,'',414,0,279,414,0,'FF',9,16,1,'Average:',NULL,'',2,3),(7888,'',414,0,279,414,0,'FF',9,16,3,'Maximum:',NULL,'on',2,4),(7889,'',416,0,279,416,48,'FF',5,16,1,'DiskIdleTime',NULL,'',2,5),(7890,'',416,0,279,416,0,'FF',9,16,4,'Current:',NULL,'',2,6),(7891,'',416,0,279,416,0,'FF',9,16,1,'Average:',NULL,'',2,7),(7892,'',416,0,279,416,0,'FF',9,16,3,'Maximum:',NULL,'on',2,8),(7893,'',414,0,280,414,10,'FF',5,16,1,'DiskIdleTime',NULL,'',2,1),(7894,'',414,0,280,414,0,'FF',9,16,4,'Current:',NULL,'',2,2),(7895,'',414,0,280,414,0,'FF',9,16,1,'Average:',NULL,'',2,3),(7896,'',414,0,280,414,0,'FF',9,16,3,'Maximum:',NULL,'on',2,4),(7897,'',416,0,280,416,48,'FF',5,16,1,'DiskIdleTime',NULL,'',2,5),(7898,'',416,0,280,416,0,'FF',9,16,4,'Current:',NULL,'',2,6),(7899,'',416,0,280,416,0,'FF',9,16,1,'Average:',NULL,'',2,7),(7900,'',416,0,280,416,0,'FF',9,16,3,'Maximum:',NULL,'on',2,8),(7901,'',418,0,280,418,93,'FF',5,16,1,'DiskIdleTime',NULL,'',2,9),(7902,'',418,0,280,418,0,'FF',9,16,4,'Current:',NULL,'',2,10),(7903,'',418,0,280,418,0,'FF',9,16,1,'Average:',NULL,'',2,11),(7904,'',418,0,280,418,0,'FF',9,16,3,'Maximum:',NULL,'on',2,12),(7905,'',414,0,281,414,10,'FF',5,16,1,'DiskIdleTime',NULL,'',2,1),(7906,'',414,0,281,414,0,'FF',9,16,4,'Current:',NULL,'',2,2),(7907,'',414,0,281,414,0,'FF',9,16,1,'Average:',NULL,'',2,3),(7908,'',414,0,281,414,0,'FF',9,16,3,'Maximum:',NULL,'on',2,4),(7909,'',416,0,281,416,48,'FF',5,16,1,'DiskIdleTime',NULL,'',2,5),(7910,'',416,0,281,416,0,'FF',9,16,4,'Current:',NULL,'',2,6),(7911,'',416,0,281,416,0,'FF',9,16,1,'Average:',NULL,'',2,7),(7912,'',416,0,281,416,0,'FF',9,16,3,'Maximum:',NULL,'on',2,8),(7913,'',418,0,281,418,93,'FF',5,16,1,'DiskIdleTime',NULL,'',2,9),(7914,'',418,0,281,418,0,'FF',9,16,4,'Current:',NULL,'',2,10),(7915,'',418,0,281,418,0,'FF',9,16,1,'Average:',NULL,'',2,11),(7916,'',418,0,281,418,0,'FF',9,16,3,'Maximum:',NULL,'on',2,12),(7917,'',420,0,281,420,35,'FF',5,16,1,'DiskIdleTime',NULL,'',2,13),(7918,'',420,0,281,420,0,'FF',9,16,4,'Current:',NULL,'',2,14),(7919,'',420,0,281,420,0,'FF',9,16,1,'Average:',NULL,'',2,15),(7920,'',420,0,281,420,0,'FF',9,16,3,'Maximum:',NULL,'on',2,16),(7921,'',414,0,282,414,10,'FF',5,16,1,'DiskIdleTime',NULL,'',2,1),(7922,'',414,0,282,414,0,'FF',9,16,4,'Current:',NULL,'',2,2),(7923,'',414,0,282,414,0,'FF',9,16,1,'Average:',NULL,'',2,3),(7924,'',414,0,282,414,0,'FF',9,16,3,'Maximum:',NULL,'on',2,4),(7925,'',416,0,282,416,48,'FF',5,16,1,'DiskIdleTime',NULL,'',2,5),(7926,'',416,0,282,416,0,'FF',9,16,4,'Current:',NULL,'',2,6),(7927,'',416,0,282,416,0,'FF',9,16,1,'Average:',NULL,'',2,7),(7928,'',416,0,282,416,0,'FF',9,16,3,'Maximum:',NULL,'on',2,8),(7929,'',418,0,282,418,93,'FF',5,16,1,'DiskIdleTime',NULL,'',2,9),(7930,'',418,0,282,418,0,'FF',9,16,4,'Current:',NULL,'',2,10),(7931,'',418,0,282,418,0,'FF',9,16,1,'Average:',NULL,'',2,11),(7932,'',418,0,282,418,0,'FF',9,16,3,'Maximum:',NULL,'on',2,12),(7933,'',420,0,282,420,35,'FF',5,16,1,'DiskIdleTime',NULL,'',2,13),(7934,'',420,0,282,420,0,'FF',9,16,4,'Current:',NULL,'',2,14),(7935,'',420,0,282,420,0,'FF',9,16,1,'Average:',NULL,'',2,15),(7936,'',420,0,282,420,0,'FF',9,16,3,'Maximum:',NULL,'on',2,16),(7937,'',422,0,282,422,25,'FF',5,16,1,'DiskIdleTime',NULL,'',2,17),(7938,'',422,0,282,422,0,'FF',9,16,4,'Current:',NULL,'',2,18),(7939,'',422,0,282,422,0,'FF',9,16,1,'Average:',NULL,'',2,19),(7940,'',422,0,282,422,0,'FF',9,16,3,'Maximum:',NULL,'on',2,20),(7941,'',414,0,283,414,10,'FF',5,16,1,'DiskIdleTime',NULL,'',2,1),(7942,'',414,0,283,414,0,'FF',9,16,4,'Current:',NULL,'',2,2),(7943,'',414,0,283,414,0,'FF',9,16,1,'Average:',NULL,'',2,3),(7358,'',383,0,256,383,0,'FF',9,16,3,'Maximum:',NULL,'on',2,8),(7357,'',383,0,256,383,0,'FF',9,16,1,'Average:',NULL,'',2,7),(7356,'',383,0,256,383,0,'FF',9,16,4,'Current:',NULL,'',2,6),(7355,'',383,0,256,383,48,'FF',5,16,1,'PercentFree',NULL,'',2,5),(7354,'',381,0,256,381,0,'FF',9,16,3,'Maximum:',NULL,'on',2,4),(7353,'',381,0,256,381,0,'FF',9,16,1,'Average:',NULL,'',2,3),(7352,'',381,0,256,381,0,'FF',9,16,4,'Current:',NULL,'',2,2),(7351,'',381,0,256,381,10,'FF',5,16,1,'PercentFree',NULL,'',2,1),(7350,'',393,0,255,393,0,'FF',9,16,3,'Maximum:',NULL,'on',2,28),(7349,'',393,0,255,393,0,'FF',9,16,1,'Average:',NULL,'',2,27),(7348,'',393,0,255,393,0,'FF',9,16,4,'Current:',NULL,'',2,26),(7347,'',393,0,255,393,8,'FF',5,16,1,'PercentFree',NULL,'',2,25),(7346,'',391,0,255,391,0,'FF',9,16,3,'Maximum:',NULL,'on',2,24),(7345,'',391,0,255,391,0,'FF',9,16,1,'Average:',NULL,'',2,23),(7344,'',391,0,255,391,0,'FF',9,16,4,'Current:',NULL,'',2,22),(7343,'',391,0,255,391,7,'FF',5,16,1,'PercentFree',NULL,'',2,21),(7342,'',389,0,255,389,0,'FF',9,16,3,'Maximum:',NULL,'on',2,20),(7341,'',389,0,255,389,0,'FF',9,16,1,'Average:',NULL,'',2,19),(7340,'',389,0,255,389,0,'FF',9,16,4,'Current:',NULL,'',2,18),(7339,'',389,0,255,389,25,'FF',5,16,1,'PercentFree',NULL,'',2,17),(7338,'',387,0,255,387,0,'FF',9,16,3,'Maximum:',NULL,'on',2,16),(7337,'',387,0,255,387,0,'FF',9,16,1,'Average:',NULL,'',2,15),(7336,'',387,0,255,387,0,'FF',9,16,4,'Current:',NULL,'',2,14),(7335,'',387,0,255,387,35,'FF',5,16,1,'PercentFree',NULL,'',2,13),(7334,'',385,0,255,385,0,'FF',9,16,3,'Maximum:',NULL,'on',2,12),(7333,'',385,0,255,385,0,'FF',9,16,1,'Average:',NULL,'',2,11),(7332,'',385,0,255,385,0,'FF',9,16,4,'Current:',NULL,'',2,10),(7331,'',385,0,255,385,93,'FF',5,16,1,'PercentFree',NULL,'',2,9),(7330,'',383,0,255,383,0,'FF',9,16,3,'Maximum:',NULL,'on',2,8),(7329,'',383,0,255,383,0,'FF',9,16,1,'Average:',NULL,'',2,7),(7328,'',383,0,255,383,0,'FF',9,16,4,'Current:',NULL,'',2,6),(7327,'',383,0,255,383,48,'FF',5,16,1,'PercentFree',NULL,'',2,5),(7326,'',381,0,255,381,0,'FF',9,16,3,'Maximum:',NULL,'on',2,4),(7325,'',381,0,255,381,0,'FF',9,16,1,'Average:',NULL,'',2,3),(7324,'',381,0,255,381,0,'FF',9,16,4,'Current:',NULL,'',2,2),(7323,'',381,0,255,381,10,'FF',5,16,1,'PercentFree',NULL,'',2,1),(7322,'',391,0,254,391,0,'FF',9,16,3,'Maximum:',NULL,'on',2,24),(7321,'',391,0,254,391,0,'FF',9,16,1,'Average:',NULL,'',2,23),(7320,'',391,0,254,391,0,'FF',9,16,4,'Current:',NULL,'',2,22),(7319,'',391,0,254,391,7,'FF',5,16,1,'PercentFree',NULL,'',2,21),(7318,'',389,0,254,389,0,'FF',9,16,3,'Maximum:',NULL,'on',2,20),(7317,'',389,0,254,389,0,'FF',9,16,1,'Average:',NULL,'',2,19),(7316,'',389,0,254,389,0,'FF',9,16,4,'Current:',NULL,'',2,18),(7315,'',389,0,254,389,25,'FF',5,16,1,'PercentFree',NULL,'',2,17),(7314,'',387,0,254,387,0,'FF',9,16,3,'Maximum:',NULL,'on',2,16),(7313,'',387,0,254,387,0,'FF',9,16,1,'Average:',NULL,'',2,15),(7312,'',387,0,254,387,0,'FF',9,16,4,'Current:',NULL,'',2,14),(7311,'',387,0,254,387,35,'FF',5,16,1,'PercentFree',NULL,'',2,13),(7310,'',385,0,254,385,0,'FF',9,16,3,'Maximum:',NULL,'on',2,12),(7309,'',385,0,254,385,0,'FF',9,16,1,'Average:',NULL,'',2,11),(7308,'',385,0,254,385,0,'FF',9,16,4,'Current:',NULL,'',2,10),(7307,'',385,0,254,385,93,'FF',5,16,1,'PercentFree',NULL,'',2,9),(7306,'',383,0,254,383,0,'FF',9,16,3,'Maximum:',NULL,'on',2,8),(7305,'',383,0,254,383,0,'FF',9,16,1,'Average:',NULL,'',2,7),(7304,'',383,0,254,383,0,'FF',9,16,4,'Current:',NULL,'',2,6),(7303,'',383,0,254,383,48,'FF',5,16,1,'PercentFree',NULL,'',2,5),(7302,'',381,0,254,381,0,'FF',9,16,3,'Maximum:',NULL,'on',2,4),(7301,'',381,0,254,381,0,'FF',9,16,1,'Average:',NULL,'',2,3),(7300,'',381,0,254,381,0,'FF',9,16,4,'Current:',NULL,'',2,2),(7299,'',381,0,254,381,10,'FF',5,16,1,'PercentFree',NULL,'',2,1),(7298,'',389,0,253,389,0,'FF',9,16,3,'Maximum:',NULL,'on',2,20),(7297,'',389,0,253,389,0,'FF',9,16,1,'Average:',NULL,'',2,19),(7296,'',389,0,253,389,0,'FF',9,16,4,'Current:',NULL,'',2,18),(7295,'',389,0,253,389,25,'FF',5,16,1,'PercentFree',NULL,'',2,17),(7294,'',387,0,253,387,0,'FF',9,16,3,'Maximum:',NULL,'on',2,16),(7293,'',387,0,253,387,0,'FF',9,16,1,'Average:',NULL,'',2,15),(7292,'',387,0,253,387,0,'FF',9,16,4,'Current:',NULL,'',2,14),(7291,'',387,0,253,387,35,'FF',5,16,1,'PercentFree',NULL,'',2,13),(7290,'',385,0,253,385,0,'FF',9,16,3,'Maximum:',NULL,'on',2,12),(7289,'',385,0,253,385,0,'FF',9,16,1,'Average:',NULL,'',2,11),(7288,'',385,0,253,385,0,'FF',9,16,4,'Current:',NULL,'',2,10),(7287,'',385,0,253,385,93,'FF',5,16,1,'PercentFree',NULL,'',2,9),(7286,'',383,0,253,383,0,'FF',9,16,3,'Maximum:',NULL,'on',2,8),(7285,'',383,0,253,383,0,'FF',9,16,1,'Average:',NULL,'',2,7),(7284,'',383,0,253,383,0,'FF',9,16,4,'Current:',NULL,'',2,6),(7283,'',383,0,253,383,48,'FF',5,16,1,'PercentFree',NULL,'',2,5),(7282,'',381,0,253,381,0,'FF',9,16,3,'Maximum:',NULL,'on',2,4),(7281,'',381,0,253,381,0,'FF',9,16,1,'Average:',NULL,'',2,3),(7280,'',381,0,253,381,0,'FF',9,16,4,'Current:',NULL,'',2,2),(7279,'',381,0,253,381,10,'FF',5,16,1,'PercentFree',NULL,'',2,1),(7278,'',387,0,252,387,0,'FF',9,16,3,'Maximum:',NULL,'on',2,16),(7277,'',387,0,252,387,0,'FF',9,16,1,'Average:',NULL,'',2,15),(7276,'',387,0,252,387,0,'FF',9,16,4,'Current:',NULL,'',2,14),(7275,'',387,0,252,387,35,'FF',5,16,1,'PercentFree',NULL,'',2,13),(7274,'',385,0,252,385,0,'FF',9,16,3,'Maximum:',NULL,'on',2,12),(7273,'',385,0,252,385,0,'FF',9,16,1,'Average:',NULL,'',2,11),(7272,'',385,0,252,385,0,'FF',9,16,4,'Current:',NULL,'',2,10),(7271,'',385,0,252,385,93,'FF',5,16,1,'PercentFree',NULL,'',2,9),(7270,'',383,0,252,383,0,'FF',9,16,3,'Maximum:',NULL,'on',2,8),(7269,'',383,0,252,383,0,'FF',9,16,1,'Average:',NULL,'',2,7),(7268,'',383,0,252,383,0,'FF',9,16,4,'Current:',NULL,'',2,6),(7267,'',383,0,252,383,48,'FF',5,16,1,'PercentFree',NULL,'',2,5),(7266,'',381,0,252,381,0,'FF',9,16,3,'Maximum:',NULL,'on',2,4),(7265,'',381,0,252,381,0,'FF',9,16,1,'Average:',NULL,'',2,3),(7264,'',381,0,252,381,0,'FF',9,16,4,'Current:',NULL,'',2,2),(7263,'',381,0,252,381,10,'FF',5,16,1,'PercentFree',NULL,'',2,1),(7262,'',385,0,251,385,0,'FF',9,16,3,'Maximum:',NULL,'on',2,12),(7261,'',385,0,251,385,0,'FF',9,16,1,'Average:',NULL,'',2,11),(7260,'',385,0,251,385,0,'FF',9,16,4,'Current:',NULL,'',2,10),(7259,'',385,0,251,385,93,'FF',5,16,1,'PercentFree',NULL,'',2,9),(7258,'',383,0,251,383,0,'FF',9,16,3,'Maximum:',NULL,'on',2,8),(7257,'',383,0,251,383,0,'FF',9,16,1,'Average:',NULL,'',2,7),(7256,'',383,0,251,383,0,'FF',9,16,4,'Current:',NULL,'',2,6),(7255,'',383,0,251,383,48,'FF',5,16,1,'PercentFree',NULL,'',2,5),(7254,'',381,0,251,381,0,'FF',9,16,3,'Maximum:',NULL,'on',2,4),(7253,'',381,0,251,381,0,'FF',9,16,1,'Average:',NULL,'',2,3),(7252,'',381,0,251,381,0,'FF',9,16,4,'Current:',NULL,'',2,2),(7251,'',381,0,251,381,10,'FF',5,16,1,'PercentFree',NULL,'',2,1),(7250,'',383,0,250,383,0,'FF',9,16,3,'Maximum:',NULL,'on',2,8),(7249,'',383,0,250,383,0,'FF',9,16,1,'Average:',NULL,'',2,7),(7248,'',383,0,250,383,0,'FF',9,16,4,'Current:',NULL,'',2,6),(7247,'',383,0,250,383,48,'FF',5,16,1,'PercentFree',NULL,'',2,5),(7246,'',381,0,250,381,0,'FF',9,16,3,'Maximum:',NULL,'on',2,4),(7245,'',381,0,250,381,0,'FF',9,16,1,'Average:',NULL,'',2,3),(7244,'',381,0,250,381,0,'FF',9,16,4,'Current:',NULL,'',2,2),(7243,'',381,0,250,381,10,'FF',5,16,1,'PercentFree',NULL,'',2,1),(7242,'',381,0,249,381,0,'FF',9,16,3,'Maximum:',NULL,'on',2,4),(7241,'',381,0,249,381,0,'FF',9,16,1,'Average:',NULL,'',2,3),(7240,'',381,0,249,381,0,'FF',9,16,4,'Current:',NULL,'',2,2),(7239,'',381,0,249,381,10,'FF',5,16,1,'PercentFree',NULL,'',2,1),(6101,'c7acedda51937cfdff9589f9e98c3455',0,0,214,279,0,'FF',9,0,4,'Current:','','',2,2),(6100,'0c4ad5fe7faa3826ae8cc4670e5cb848',0,0,214,279,10,'FF',4,0,1,'pct','','',2,1),(6099,'05a839b51301ca1e4120fa16bfea274d',0,0,213,301,0,'FF',9,0,3,'Maximum:','','on',2,48),(6098,'a7b4f56068dd3c3d037c82e731d7072b',0,0,213,301,0,'FF',9,0,1,'Average:','','',2,47),(6097,'0a7e41bf2aad025c1b6b921811643813',0,0,213,301,0,'FF',9,0,4,'Current:','','',2,46),(6096,'bc236ed2269acf2a9b33d27c792bb22b',0,0,213,301,6,'FF',4,0,1,'pct','','',2,45),(6095,'c7348cb00c4e05e35ff5c9af30290ccf',0,0,213,299,0,'FF',9,0,3,'Maximum:','','on',2,44),(6094,'ed2b97acf5862be9bd82435f0d20c8fb',0,0,213,299,0,'FF',9,0,1,'Average:','','',2,43),(6093,'cd094cd4a56125693fc4c112b351bb3e',0,0,213,299,0,'FF',9,0,4,'Current:','','',2,42),(6092,'f25b97dda946f400601a3b5a0246a42a',0,0,213,299,16,'FF',4,0,1,'pct','','',2,41),(6091,'f0c8dd74eb44cf236d95b63c38da99d5',0,0,213,297,0,'FF',9,0,3,'Maximum:','','on',2,40),(5728,'72116a7d21e807e4697ac17743759a2f',0,0,195,465,0,'FF',9,0,1,'Average:','','',2,12),(5727,'36806373f676e2a0d531f0a20f9b1f9c',0,0,195,465,0,'FF',9,0,4,'Current:','','',2,11),(5726,'15446499c08fab84993b3331ae43a940',0,0,195,465,98,'FF',8,0,1,'wa','','',2,10),(5725,'278ac505ebd40b214ae5ed5f5603ff28',0,0,195,464,0,'FF',9,0,3,'Maximum:','','on',2,9),(5724,'07207255b3e87f8e3242dc2266b7f2b9',0,0,195,464,0,'FF',9,0,1,'Average:','','',2,8),(5723,'81ffa6406a8a1593b03ac6211af9a851',0,0,195,464,0,'FF',9,0,4,'Current:','','',2,7),(6090,'f8460cb8b21698a1e2b543c8b7e214af',0,0,213,297,0,'FF',9,0,1,'Average:','','',2,39),(6087,'a8d4d70abcfbd9457b79d854a46f0e51',0,0,213,295,0,'FF',9,0,3,'Maximum:','','on',2,36),(5721,'c07a886e0689e193a7d4d6fa3aab9c0f',0,0,195,463,0,'FF',9,0,3,'Maximum:','','on',2,5),(5720,'69caef22c68c12800953efd6ae8a32d3',0,0,195,463,0,'FF',9,0,1,'Average:','','',2,4),(5719,'933a7d587d3c45d2cfd58127b6ac9ef2',0,0,195,463,0,'FF',9,0,4,'Current:','','',2,3),(5718,'4ec5ac0a2f1386384b965639076f7877',0,0,195,463,10,'FF',7,0,1,'us','','',2,2),(8568,'36e6cf2001e6991e55a94eb6b4f8fa0a',0,0,195,0,0,'FF',9,12,4,'Current:','','',2,15),(5722,'cec0186ccc7089adfc057928a57ee057',0,0,195,464,48,'FF',8,0,1,'sy','','',2,6),(6089,'9d30c1596a26b99439c3bbb93da690ec',0,0,213,297,0,'FF',9,0,4,'Current:','','',2,38),(6088,'abb6dde861cb60cf5d1d3feb8329ec6c',0,0,213,297,14,'FF',4,0,1,'pct','','',2,37),(5717,'c5dc6211151507aa5421d2c7703a36eb',0,0,195,0,0,'FF',1,0,1,'comment','','on',2,1),(6086,'f8ace76309de121eb388304665350e59',0,0,213,295,0,'FF',9,0,1,'Average:','','',2,35),(6864,'d334c95f2288eb48f87699ea1516b813',0,0,247,229,16,'FF',5,0,1,'usage','','',2,41),(6865,'b2cbeb714a0fdaad3c94a75843372677',0,0,247,229,0,'FF',9,0,4,'Current:','','',2,42),(6866,'ab6657288412f59c12f55efa308447a9',0,0,247,229,0,'FF',9,0,1,'Average:','','',2,43),(6867,'cae166ea517c846fcb5914fedcdb2f3e',0,0,247,229,0,'FF',9,0,3,'Maximum:','','on',2,44),(6868,'01e1b9cfdce9aaf4804e322cac2167d8',0,0,247,232,6,'FF',5,0,1,'usage','','',2,45),(6869,'95101c28bcda1b94899d32748b369b3f',0,0,247,232,0,'FF',9,0,4,'Current:','','',2,46),(6870,'241786eec8472e8c48e9574858cc7d9f',0,0,247,232,0,'FF',9,0,1,'Average:','','',2,47),(6871,'cf71301242ed8f707c770f2a0c075fe9',0,0,247,232,0,'FF',9,0,3,'Maximum:','','on',2,48),(6872,'63c38b1c10ff6e84bf36a1e38e623c14',0,0,247,235,17,'FF',5,0,1,'usage','','',2,49),(6873,'1ab4d6a49d506d108c0a1ce88a208262',0,0,247,235,0,'FF',9,0,4,'Current:','','',2,50),(6874,'662d11fb28e5f984b3d3637d29742c2b',0,0,247,235,0,'FF',9,0,1,'Average:','','',2,51),(6875,'f85274f6c428124f45502a7ef01002b4',0,0,247,235,0,'FF',9,0,3,'Maximum:','','on',2,52),(6876,'dba74520db9ab45e902821a4a37e8218',0,0,247,236,27,'FF',5,0,1,'usage','','',2,53),(6877,'55372ab5cdbc55b1b57403cf384b9746',0,0,247,236,0,'FF',9,0,4,'Current:','','',2,54),(6878,'0bae4f1eda943fe25ecba76546423bf5',0,0,247,236,0,'FF',9,0,1,'Average:','','',2,55),(6879,'d6ec11d1255c972cb3d14b0a46ca26b9',0,0,247,236,0,'FF',9,0,3,'Maximum:','','on',2,56),(6880,'ab1df4b6e527042d29647ac4f973521b',0,0,248,197,10,'FF',5,0,1,'usage','','',2,1),(6881,'24ac35c90b212f6caa71ba208fc4c12f',0,0,248,197,0,'FF',9,0,4,'Current:','','',2,2),(6882,'a7544a168667d4ed4ed21f25a13a632a',0,0,248,197,0,'FF',9,0,1,'Average:','','',2,3),(6883,'7d5e3b4e28c214f51ae75566f54262aa',0,0,248,197,0,'FF',9,0,3,'Maximum:','','on',2,4),(6884,'9b0d8cd9ac326f0c2fdb5cc875f3618a',0,0,248,200,48,'FF',5,0,1,'usage','','',2,5),(6885,'c306f627774370cf0f760d193fb05731',0,0,248,200,0,'FF',9,0,4,'Current:','','',2,6),(6886,'01eb6b836b34de842dce3e47e1801b2c',0,0,248,200,0,'FF',9,0,1,'Average:','','',2,7),(6887,'8c271d14b6045453bfbc3b00cea3a1d3',0,0,248,200,0,'FF',9,0,3,'Maximum:','','on',2,8),(6888,'7d76f9d33421df3930ef8b40e155ca73',0,0,248,203,93,'FF',5,0,1,'usage','','',2,9),(6889,'4326c09769e524d1c8959ff6fa2be06a',0,0,248,203,0,'FF',9,0,4,'Current:','','',2,10),(6890,'74626e7769ba4c83ad8668741addd871',0,0,248,203,0,'FF',9,0,1,'Average:','','',2,11),(6891,'b69b05ed916913b2fe8fb444f5fc1eb7',0,0,248,203,0,'FF',9,0,3,'Maximum:','','on',2,12),(6892,'a088bbfd7388f2a00c554e7c8ed5570b',0,0,248,206,35,'FF',5,0,1,'usage','','',2,13),(6893,'171ccba2f6518ec62e9f8c5d185c5832',0,0,248,206,0,'FF',9,0,4,'Current:','','',2,14),(6894,'cd5e672ad7654a24e41a08dd55848183',0,0,248,206,0,'FF',9,0,1,'Average:','','',2,15),(6895,'24961060a4f582435aab37d70c8f388c',0,0,248,206,0,'FF',9,0,3,'Maximum:','','on',2,16),(6896,'e7e2793a134ff47887399a0fec443d67',0,0,248,209,25,'FF',5,0,1,'usage','','',2,17),(6897,'b1028a4f95392014c74fde4a1956ad1c',0,0,248,209,0,'FF',9,0,4,'Current:','','',2,18),(6898,'8bb866ae9f6613c3649e681ce76ff1a6',0,0,248,209,0,'FF',9,0,1,'Average:','','',2,19),(6899,'aed4a133a3545bb98d901262fd3ec398',0,0,248,209,0,'FF',9,0,3,'Maximum:','','on',2,20),(6900,'da99e5b3c670eee91cb4bb5ac7f92461',0,0,248,212,7,'FF',5,0,1,'usage','','',2,21),(6901,'657f5b64359447eecb5a5e4a6987255e',0,0,248,212,0,'FF',9,0,4,'Current:','','',2,22),(6902,'79a0e69393b27cefb04e5c093056ce64',0,0,248,212,0,'FF',9,0,1,'Average:','','',2,23),(6903,'95b134645d5a536a7a536efbac7769a8',0,0,248,212,0,'FF',9,0,3,'Maximum:','','on',2,24),(6904,'72fee05fc8047282183cd562eac8f097',0,0,248,215,8,'FF',5,0,1,'usage','','',2,25),(6905,'6dee7da4bb03ae2ec38c44dc00f418c3',0,0,248,215,0,'FF',9,0,4,'Current:','','',2,26),(6906,'0a8079b9a0796c742233409ec86160f5',0,0,248,215,0,'FF',9,0,1,'Average:','','',2,27),(6907,'01fe63931e282e540208c9b525fa1c8e',0,0,248,215,0,'FF',9,0,3,'Maximum:','','on',2,28),(6908,'32c5437cdde2b50b5c52c5fed10b6944',0,0,248,218,20,'FF',5,0,1,'usage','','',2,29),(6909,'579252d33b5b31ce7519b3cc5fb3a0b3',0,0,248,218,0,'FF',9,0,4,'Current:','','',2,30),(6910,'c4fa2d7977e52b126aa42234ae7fce40',0,0,248,218,0,'FF',9,0,1,'Average:','','',2,31),(6911,'af155fce5fe28634b451a61447c138e8',0,0,248,218,0,'FF',9,0,3,'Maximum:','','on',2,32),(6912,'3fa3f2f0a087c16c98c1d3faaebf41a3',0,0,248,221,13,'FF',5,0,1,'usage','','',2,33),(6913,'542dd2c3a73ca44ff3d899a89df1491c',0,0,248,221,0,'FF',9,0,4,'Current:','','',2,34),(6914,'adaad2bf4e084f97338e5a396190a13e',0,0,248,221,0,'FF',9,0,1,'Average:','','',2,35),(6915,'d3887d332c9618d48418ee986f1d1b05',0,0,248,221,0,'FF',9,0,3,'Maximum:','','on',2,36),(6916,'3ffb970938a2c5dfd115ea9ef2514df8',0,0,248,224,14,'FF',5,0,1,'usage','','',2,37),(6917,'2588796e6b3fe85b9f3724090f32bcb7',0,0,248,224,0,'FF',9,0,4,'Current:','','',2,38),(6918,'7d08f72efaf61778defa9fcb5166abdc',0,0,248,224,0,'FF',9,0,1,'Average:','','',2,39),(6919,'944b53505544da44b0e7c84544a82b9d',0,0,248,224,0,'FF',9,0,3,'Maximum:','','on',2,40),(6920,'054c8c4466328f1e67cfaba8f52b94af',0,0,248,229,16,'FF',5,0,1,'usage','','',2,41),(6921,'157481a4d0d0d934de30eb9673f4155a',0,0,248,229,0,'FF',9,0,4,'Current:','','',2,42),(6922,'bf25d0312e10ae52bd08e4119344b051',0,0,248,229,0,'FF',9,0,1,'Average:','','',2,43),(6923,'5a4dee66fe9544cf2e36e6b05ebc5b8a',0,0,248,229,0,'FF',9,0,3,'Maximum:','','on',2,44),(6924,'a2e1defa7b6eb28759f37a81a46a1e1c',0,0,248,232,6,'FF',5,0,1,'usage','','',2,45),(6925,'88925f37c2b50fcc90d2ada94ca42772',0,0,248,232,0,'FF',9,0,4,'Current:','','',2,46),(6926,'042b611dda018260c392f99a75de5469',0,0,248,232,0,'FF',9,0,1,'Average:','','',2,47),(6927,'4bb9d7d28a3cb1ddc79b7a7958bdfdd7',0,0,248,232,0,'FF',9,0,3,'Maximum:','','on',2,48),(6928,'13cb3b0460fa52ab2e9241ac333e28a8',0,0,248,235,17,'FF',5,0,1,'usage','','',2,49),(6929,'040399f512aee42d1361bdba5e00d64c',0,0,248,235,0,'FF',9,0,4,'Current:','','',2,50),(6930,'89e2ff7feef40570895ad75921d27ff6',0,0,248,235,0,'FF',9,0,1,'Average:','','',2,51),(6931,'5d81e02330862ee972d6592d5d89ac8e',0,0,248,235,0,'FF',9,0,3,'Maximum:','','on',2,52),(6932,'d00b9d6afd81921df52343809314f924',0,0,248,236,27,'FF',5,0,1,'usage','','',2,53),(6933,'24594f4db965a7948ad1c41e63f51916',0,0,248,236,0,'FF',9,0,4,'Current:','','',2,54),(6934,'9d523ee26564ffc149f2d03c3c56167a',0,0,248,236,0,'FF',9,0,1,'Average:','','',2,55),(6935,'6f093609a4c24645e3e602d16a56baad',0,0,248,236,0,'FF',9,0,3,'Maximum:','','on',2,56),(6936,'ba9482f049e61d5e94072cec7f65aa2f',0,0,248,239,56,'FF',5,0,1,'usage','','',2,57),(6937,'1c3bacfb300fbe38a5b341493f1bfd14',0,0,248,239,0,'FF',9,0,4,'Current:','','',2,58),(6938,'d60907fd5ed2ca401f6a2387bc3b51cc',0,0,248,239,0,'FF',9,0,1,'Average:','','',2,59),(6939,'4bc1669cd7c38a191507f61f4a4dd9c0',0,0,248,239,0,'FF',9,0,3,'Maximum:','','on',2,60);
/*!40000 ALTER TABLE `graph_templates_item` ENABLE KEYS */;
UNLOCK TABLES;

--
-- Table structure for table `graph_tree`
--

DROP TABLE IF EXISTS `graph_tree`;
/*!40101 SET @saved_cs_client     = @@character_set_client */;
/*!40101 SET character_set_client = utf8 */;
CREATE TABLE `graph_tree` (
  `id` smallint(5) unsigned NOT NULL AUTO_INCREMENT,
  `sort_type` tinyint(3) unsigned NOT NULL DEFAULT '1',
  `name` varchar(255) NOT NULL DEFAULT '',
  PRIMARY KEY (`id`)
) ENGINE=MyISAM AUTO_INCREMENT=4 DEFAULT CHARSET=utf8;
/*!40101 SET character_set_client = @saved_cs_client */;

--
-- Dumping data for table `graph_tree`
--

LOCK TABLES `graph_tree` WRITE;
/*!40000 ALTER TABLE `graph_tree` DISABLE KEYS */;
INSERT INTO `graph_tree` VALUES (2,1,'_default');
/*!40000 ALTER TABLE `graph_tree` ENABLE KEYS */;
UNLOCK TABLES;

--
-- Table structure for table `graph_tree_items`
--

DROP TABLE IF EXISTS `graph_tree_items`;
/*!40101 SET @saved_cs_client     = @@character_set_client */;
/*!40101 SET character_set_client = utf8 */;
CREATE TABLE `graph_tree_items` (
  `id` mediumint(8) unsigned NOT NULL AUTO_INCREMENT,
  `graph_tree_id` smallint(5) unsigned NOT NULL DEFAULT '0',
  `local_graph_id` mediumint(8) unsigned NOT NULL DEFAULT '0',
  `rra_id` smallint(8) unsigned NOT NULL DEFAULT '0',
  `title` varchar(255) DEFAULT NULL,
  `host_id` mediumint(8) unsigned NOT NULL DEFAULT '0',
  `order_key` varchar(100) NOT NULL DEFAULT '0',
  `host_grouping_type` tinyint(3) unsigned NOT NULL DEFAULT '1',
  `sort_children_type` tinyint(3) unsigned NOT NULL DEFAULT '1',
  PRIMARY KEY (`id`),
  KEY `graph_tree_id` (`graph_tree_id`),
  KEY `host_id` (`host_id`),
  KEY `local_graph_id` (`local_graph_id`),
  KEY `order_key` (`order_key`)
) ENGINE=MyISAM AUTO_INCREMENT=283 DEFAULT CHARSET=utf8;
/*!40101 SET character_set_client = @saved_cs_client */;

--
-- Dumping data for table `graph_tree_items`
--

LOCK TABLES `graph_tree_items` WRITE;
/*!40000 ALTER TABLE `graph_tree_items` DISABLE KEYS */;
/*!40000 ALTER TABLE `graph_tree_items` ENABLE KEYS */;
UNLOCK TABLES;

--
-- Table structure for table `host`
--

DROP TABLE IF EXISTS `host`;
/*!40101 SET @saved_cs_client     = @@character_set_client */;
/*!40101 SET character_set_client = utf8 */;
CREATE TABLE `host` (
  `id` mediumint(8) unsigned NOT NULL AUTO_INCREMENT,
  `host_template_id` mediumint(8) unsigned NOT NULL DEFAULT '0',
  `description` varchar(150) NOT NULL DEFAULT '',
  `hostname` varchar(250) DEFAULT NULL,
  `notes` text,
  `snmp_community` varchar(100) DEFAULT NULL,
  `snmp_version` tinyint(1) unsigned NOT NULL DEFAULT '1',
  `snmp_username` varchar(50) DEFAULT NULL,
  `snmp_password` varchar(50) DEFAULT NULL,
  `snmp_auth_protocol` char(5) DEFAULT '',
  `snmp_priv_passphrase` varchar(200) DEFAULT '',
  `snmp_priv_protocol` char(6) DEFAULT '',
  `snmp_context` varchar(64) DEFAULT '',
  `snmp_port` mediumint(5) unsigned NOT NULL DEFAULT '161',
  `snmp_timeout` mediumint(8) unsigned NOT NULL DEFAULT '500',
  `availability_method` smallint(5) unsigned NOT NULL DEFAULT '1',
  `ping_method` smallint(5) unsigned DEFAULT '0',
  `ping_port` int(12) unsigned DEFAULT '0',
  `ping_timeout` int(12) unsigned DEFAULT '500',
  `ping_retries` int(12) unsigned DEFAULT '2',
  `max_oids` int(12) unsigned DEFAULT '10',
  `device_threads` tinyint(2) unsigned NOT NULL DEFAULT '1',
  `disabled` char(2) DEFAULT NULL,
  `status` tinyint(2) NOT NULL DEFAULT '0',
  `status_event_count` mediumint(8) unsigned NOT NULL DEFAULT '0',
  `status_fail_date` datetime NOT NULL DEFAULT '0000-00-00 00:00:00',
  `status_rec_date` datetime NOT NULL DEFAULT '0000-00-00 00:00:00',
  `status_last_error` varchar(255) DEFAULT '',
  `min_time` decimal(10,5) DEFAULT '9.99999',
  `max_time` decimal(10,5) DEFAULT '0.00000',
  `cur_time` decimal(10,5) DEFAULT '0.00000',
  `avg_time` decimal(10,5) DEFAULT '0.00000',
  `total_polls` int(12) unsigned DEFAULT '0',
  `failed_polls` int(12) unsigned DEFAULT '0',
  `availability` decimal(8,5) NOT NULL DEFAULT '100.00000',
  PRIMARY KEY (`id`),
  KEY `disabled` (`disabled`)
) ENGINE=MyISAM AUTO_INCREMENT=8 DEFAULT CHARSET=utf8;
/*!40101 SET character_set_client = @saved_cs_client */;

--
-- Dumping data for table `host`
--

LOCK TABLES `host` WRITE;
/*!40000 ALTER TABLE `host` DISABLE KEYS */;
/*!40000 ALTER TABLE `host` ENABLE KEYS */;
UNLOCK TABLES;

--
-- Table structure for table `host_graph`
--

DROP TABLE IF EXISTS `host_graph`;
/*!40101 SET @saved_cs_client     = @@character_set_client */;
/*!40101 SET character_set_client = utf8 */;
CREATE TABLE `host_graph` (
  `host_id` mediumint(8) unsigned NOT NULL DEFAULT '0',
  `graph_template_id` mediumint(8) unsigned NOT NULL DEFAULT '0',
  PRIMARY KEY (`host_id`,`graph_template_id`)
) ENGINE=MyISAM DEFAULT CHARSET=utf8;
/*!40101 SET character_set_client = @saved_cs_client */;

--
-- Dumping data for table `host_graph`
--

LOCK TABLES `host_graph` WRITE;
/*!40000 ALTER TABLE `host_graph` DISABLE KEYS */;
/*!40000 ALTER TABLE `host_graph` ENABLE KEYS */;
UNLOCK TABLES;

--
-- Table structure for table `host_snmp_cache`
--

DROP TABLE IF EXISTS `host_snmp_cache`;
/*!40101 SET @saved_cs_client     = @@character_set_client */;
/*!40101 SET character_set_client = utf8 */;
CREATE TABLE `host_snmp_cache` (
  `host_id` mediumint(8) unsigned NOT NULL DEFAULT '0',
  `snmp_query_id` mediumint(8) unsigned NOT NULL DEFAULT '0',
  `field_name` varchar(50) NOT NULL DEFAULT '',
  `field_value` varchar(255) DEFAULT NULL,
  `snmp_index` varchar(255) NOT NULL DEFAULT '',
  `oid` text NOT NULL,
  `present` tinyint(4) NOT NULL DEFAULT '1',
  PRIMARY KEY (`host_id`,`snmp_query_id`,`field_name`,`snmp_index`),
  KEY `host_id` (`host_id`,`field_name`),
  KEY `snmp_index` (`snmp_index`),
  KEY `field_name` (`field_name`),
  KEY `field_value` (`field_value`),
  KEY `snmp_query_id` (`snmp_query_id`),
  KEY `present` (`present`)
) ENGINE=MyISAM DEFAULT CHARSET=utf8;
/*!40101 SET character_set_client = @saved_cs_client */;

--
-- Dumping data for table `host_snmp_cache`
--

LOCK TABLES `host_snmp_cache` WRITE;
/*!40000 ALTER TABLE `host_snmp_cache` DISABLE KEYS */;
/*!40000 ALTER TABLE `host_snmp_cache` ENABLE KEYS */;
UNLOCK TABLES;

--
-- Table structure for table `host_snmp_query`
--

DROP TABLE IF EXISTS `host_snmp_query`;
/*!40101 SET @saved_cs_client     = @@character_set_client */;
/*!40101 SET character_set_client = utf8 */;
CREATE TABLE `host_snmp_query` (
  `host_id` mediumint(8) unsigned NOT NULL DEFAULT '0',
  `snmp_query_id` mediumint(8) unsigned NOT NULL DEFAULT '0',
  `sort_field` varchar(50) NOT NULL DEFAULT '',
  `title_format` varchar(50) NOT NULL DEFAULT '',
  `reindex_method` tinyint(3) unsigned NOT NULL DEFAULT '0',
  PRIMARY KEY (`host_id`,`snmp_query_id`),
  KEY `host_id` (`host_id`)
) ENGINE=MyISAM DEFAULT CHARSET=utf8;
/*!40101 SET character_set_client = @saved_cs_client */;

--
-- Dumping data for table `host_snmp_query`
--

LOCK TABLES `host_snmp_query` WRITE;
/*!40000 ALTER TABLE `host_snmp_query` DISABLE KEYS */;
/*!40000 ALTER TABLE `host_snmp_query` ENABLE KEYS */;
UNLOCK TABLES;

--
-- Table structure for table `host_template`
--

DROP TABLE IF EXISTS `host_template`;
/*!40101 SET @saved_cs_client     = @@character_set_client */;
/*!40101 SET character_set_client = utf8 */;
CREATE TABLE `host_template` (
  `id` mediumint(8) unsigned NOT NULL AUTO_INCREMENT,
  `hash` varchar(32) NOT NULL DEFAULT '',
  `name` varchar(100) NOT NULL DEFAULT '',
  PRIMARY KEY (`id`)
) ENGINE=MyISAM AUTO_INCREMENT=13 DEFAULT CHARSET=utf8;
/*!40101 SET character_set_client = @saved_cs_client */;

--
-- Dumping data for table `host_template`
--

LOCK TABLES `host_template` WRITE;
/*!40000 ALTER TABLE `host_template` DISABLE KEYS */;
INSERT INTO `host_template` VALUES (11,'3a0f0fd0807be9d77874654bb3a652a8','Windows'),(12,'73b24f21267b3b4342a7fe7a3291a714','Linux');
/*!40000 ALTER TABLE `host_template` ENABLE KEYS */;
UNLOCK TABLES;

--
-- Table structure for table `host_template_graph`
--

DROP TABLE IF EXISTS `host_template_graph`;
/*!40101 SET @saved_cs_client     = @@character_set_client */;
/*!40101 SET character_set_client = utf8 */;
CREATE TABLE `host_template_graph` (
  `host_template_id` mediumint(8) unsigned NOT NULL DEFAULT '0',
  `graph_template_id` mediumint(8) unsigned NOT NULL DEFAULT '0',
  PRIMARY KEY (`host_template_id`,`graph_template_id`),
  KEY `host_template_id` (`host_template_id`)
) ENGINE=MyISAM DEFAULT CHARSET=utf8;
/*!40101 SET character_set_client = @saved_cs_client */;

--
-- Dumping data for table `host_template_graph`
--

LOCK TABLES `host_template_graph` WRITE;
/*!40000 ALTER TABLE `host_template_graph` DISABLE KEYS */;
INSERT INTO `host_template_graph` VALUES (11,249),(11,250),(11,251),(11,252),(11,253),(11,254),(11,255),(11,256),(11,257),(11,258),(11,259),(11,260),(11,261),(11,262),(11,263),(11,264),(11,265),(11,266),(11,267),(11,268),(11,269),(11,270),(11,271),(11,272),(11,273),(11,274),(11,275),(11,276),(11,277),(11,278),(11,279),(11,280),(11,281),(11,282),(11,283),(11,284),(11,285),(11,286),(11,287),(11,288),(11,289),(11,290),(11,291),(11,292),(11,293),(11,294),(11,295),(11,297),(12,195),(12,196),(12,197),(12,198),(12,199),(12,200),(12,201),(12,202),(12,203),(12,204),(12,205),(12,206),(12,207),(12,208),(12,209),(12,210),(12,211),(12,212),(12,213),(12,214),(12,215),(12,216),(12,217),(12,218),(12,219),(12,220),(12,221),(12,222),(12,223),(12,224),(12,225),(12,226),(12,227),(12,228),(12,229),(12,230),(12,231),(12,232),(12,233),(12,234),(12,235),(12,236),(12,237),(12,238),(12,239),(12,240),(12,241),(12,242),(12,243),(12,244),(12,245),(12,246),(12,247),(12,248);
/*!40000 ALTER TABLE `host_template_graph` ENABLE KEYS */;
UNLOCK TABLES;

--
-- Table structure for table `host_template_snmp_query`
--

DROP TABLE IF EXISTS `host_template_snmp_query`;
/*!40101 SET @saved_cs_client     = @@character_set_client */;
/*!40101 SET character_set_client = utf8 */;
CREATE TABLE `host_template_snmp_query` (
  `host_template_id` mediumint(8) unsigned NOT NULL DEFAULT '0',
  `snmp_query_id` mediumint(8) unsigned NOT NULL DEFAULT '0',
  PRIMARY KEY (`host_template_id`,`snmp_query_id`),
  KEY `host_template_id` (`host_template_id`)
) ENGINE=MyISAM DEFAULT CHARSET=utf8;
/*!40101 SET character_set_client = @saved_cs_client */;

--
-- Dumping data for table `host_template_snmp_query`
--

LOCK TABLES `host_template_snmp_query` WRITE;
/*!40000 ALTER TABLE `host_template_snmp_query` DISABLE KEYS */;
/*!40000 ALTER TABLE `host_template_snmp_query` ENABLE KEYS */;
UNLOCK TABLES;

--
-- Table structure for table `plugin_config`
--

DROP TABLE IF EXISTS `plugin_config`;
/*!40101 SET @saved_cs_client     = @@character_set_client */;
/*!40101 SET character_set_client = utf8 */;
CREATE TABLE `plugin_config` (
  `id` int(8) NOT NULL AUTO_INCREMENT,
  `directory` varchar(32) NOT NULL DEFAULT '',
  `name` varchar(64) NOT NULL DEFAULT '',
  `status` tinyint(2) NOT NULL DEFAULT '0',
  `author` varchar(64) NOT NULL DEFAULT '',
  `webpage` varchar(255) NOT NULL DEFAULT '',
  `version` varchar(8) NOT NULL DEFAULT '',
  PRIMARY KEY (`id`),
  KEY `status` (`status`),
  KEY `directory` (`directory`)
) ENGINE=MyISAM DEFAULT CHARSET=utf8;
/*!40101 SET character_set_client = @saved_cs_client */;

--
-- Dumping data for table `plugin_config`
--

LOCK TABLES `plugin_config` WRITE;
/*!40000 ALTER TABLE `plugin_config` DISABLE KEYS */;
/*!40000 ALTER TABLE `plugin_config` ENABLE KEYS */;
UNLOCK TABLES;

--
-- Table structure for table `plugin_db_changes`
--

DROP TABLE IF EXISTS `plugin_db_changes`;
/*!40101 SET @saved_cs_client     = @@character_set_client */;
/*!40101 SET character_set_client = utf8 */;
CREATE TABLE `plugin_db_changes` (
  `id` int(10) NOT NULL AUTO_INCREMENT,
  `plugin` varchar(16) NOT NULL DEFAULT '',
  `table` varchar(64) NOT NULL DEFAULT '',
  `column` varchar(64) NOT NULL,
  `method` varchar(16) NOT NULL DEFAULT '',
  PRIMARY KEY (`id`),
  KEY `plugin` (`plugin`),
  KEY `method` (`method`)
) ENGINE=MyISAM DEFAULT CHARSET=utf8;
/*!40101 SET character_set_client = @saved_cs_client */;

--
-- Dumping data for table `plugin_db_changes`
--

LOCK TABLES `plugin_db_changes` WRITE;
/*!40000 ALTER TABLE `plugin_db_changes` DISABLE KEYS */;
/*!40000 ALTER TABLE `plugin_db_changes` ENABLE KEYS */;
UNLOCK TABLES;

--
-- Table structure for table `plugin_hooks`
--

DROP TABLE IF EXISTS `plugin_hooks`;
/*!40101 SET @saved_cs_client     = @@character_set_client */;
/*!40101 SET character_set_client = utf8 */;
CREATE TABLE `plugin_hooks` (
  `id` int(8) NOT NULL AUTO_INCREMENT,
  `name` varchar(32) NOT NULL DEFAULT '',
  `hook` varchar(64) NOT NULL DEFAULT '',
  `file` varchar(255) NOT NULL DEFAULT '',
  `function` varchar(128) NOT NULL DEFAULT '',
  `status` int(8) NOT NULL DEFAULT '0',
  PRIMARY KEY (`id`),
  KEY `hook` (`hook`),
  KEY `status` (`status`)
) ENGINE=MyISAM AUTO_INCREMENT=3 DEFAULT CHARSET=utf8;
/*!40101 SET character_set_client = @saved_cs_client */;

--
-- Dumping data for table `plugin_hooks`
--

LOCK TABLES `plugin_hooks` WRITE;
/*!40000 ALTER TABLE `plugin_hooks` DISABLE KEYS */;
INSERT INTO `plugin_hooks` VALUES (1,'internal','config_arrays','','plugin_config_arrays',1),(2,'internal','draw_navigation_text','','plugin_draw_navigation_text',1);
/*!40000 ALTER TABLE `plugin_hooks` ENABLE KEYS */;
UNLOCK TABLES;

--
-- Table structure for table `plugin_realms`
--

DROP TABLE IF EXISTS `plugin_realms`;
/*!40101 SET @saved_cs_client     = @@character_set_client */;
/*!40101 SET character_set_client = utf8 */;
CREATE TABLE `plugin_realms` (
  `id` int(8) NOT NULL AUTO_INCREMENT,
  `plugin` varchar(32) NOT NULL DEFAULT '',
  `file` text NOT NULL,
  `display` varchar(64) NOT NULL DEFAULT '',
  PRIMARY KEY (`id`),
  KEY `plugin` (`plugin`)
) ENGINE=MyISAM AUTO_INCREMENT=2 DEFAULT CHARSET=utf8;
/*!40101 SET character_set_client = @saved_cs_client */;

--
-- Dumping data for table `plugin_realms`
--

LOCK TABLES `plugin_realms` WRITE;
/*!40000 ALTER TABLE `plugin_realms` DISABLE KEYS */;
INSERT INTO `plugin_realms` VALUES (1,'internal','plugins.php','Plugin Management');
/*!40000 ALTER TABLE `plugin_realms` ENABLE KEYS */;
UNLOCK TABLES;

--
-- Table structure for table `poller`
--

DROP TABLE IF EXISTS `poller`;
/*!40101 SET @saved_cs_client     = @@character_set_client */;
/*!40101 SET character_set_client = utf8 */;
CREATE TABLE `poller` (
  `id` smallint(5) unsigned NOT NULL AUTO_INCREMENT,
  `hostname` varchar(250) NOT NULL DEFAULT '',
  `ip_address` int(11) unsigned NOT NULL DEFAULT '0',
  `last_update` datetime NOT NULL DEFAULT '0000-00-00 00:00:00',
  PRIMARY KEY (`id`)
) ENGINE=MyISAM DEFAULT CHARSET=utf8;
/*!40101 SET character_set_client = @saved_cs_client */;

--
-- Dumping data for table `poller`
--

LOCK TABLES `poller` WRITE;
/*!40000 ALTER TABLE `poller` DISABLE KEYS */;
/*!40000 ALTER TABLE `poller` ENABLE KEYS */;
UNLOCK TABLES;

--
-- Table structure for table `poller_command`
--

DROP TABLE IF EXISTS `poller_command`;
/*!40101 SET @saved_cs_client     = @@character_set_client */;
/*!40101 SET character_set_client = utf8 */;
CREATE TABLE `poller_command` (
  `poller_id` smallint(5) unsigned NOT NULL DEFAULT '0',
  `time` datetime NOT NULL DEFAULT '0000-00-00 00:00:00',
  `action` tinyint(3) unsigned NOT NULL DEFAULT '0',
  `command` varchar(200) NOT NULL DEFAULT '',
  PRIMARY KEY (`poller_id`,`action`,`command`)
) ENGINE=MyISAM DEFAULT CHARSET=utf8;
/*!40101 SET character_set_client = @saved_cs_client */;

--
-- Dumping data for table `poller_command`
--

LOCK TABLES `poller_command` WRITE;
/*!40000 ALTER TABLE `poller_command` DISABLE KEYS */;
/*!40000 ALTER TABLE `poller_command` ENABLE KEYS */;
UNLOCK TABLES;

--
-- Table structure for table `poller_item`
--

DROP TABLE IF EXISTS `poller_item`;
/*!40101 SET @saved_cs_client     = @@character_set_client */;
/*!40101 SET character_set_client = utf8 */;
CREATE TABLE `poller_item` (
  `local_data_id` mediumint(8) unsigned NOT NULL DEFAULT '0',
  `poller_id` smallint(5) unsigned NOT NULL DEFAULT '0',
  `host_id` mediumint(8) unsigned NOT NULL DEFAULT '0',
  `action` tinyint(2) unsigned NOT NULL DEFAULT '1',
  `present` tinyint(4) NOT NULL DEFAULT '1',
  `hostname` varchar(250) NOT NULL DEFAULT '',
  `snmp_community` varchar(100) NOT NULL DEFAULT '',
  `snmp_version` tinyint(1) unsigned NOT NULL DEFAULT '0',
  `snmp_username` varchar(50) NOT NULL DEFAULT '',
  `snmp_password` varchar(50) NOT NULL DEFAULT '',
  `snmp_auth_protocol` varchar(5) NOT NULL DEFAULT '',
  `snmp_priv_passphrase` varchar(200) NOT NULL DEFAULT '',
  `snmp_priv_protocol` varchar(6) NOT NULL DEFAULT '',
  `snmp_context` varchar(64) DEFAULT '',
  `snmp_port` mediumint(5) unsigned NOT NULL DEFAULT '161',
  `snmp_timeout` mediumint(8) unsigned NOT NULL DEFAULT '0',
  `rrd_name` varchar(19) NOT NULL DEFAULT '',
  `rrd_path` varchar(255) NOT NULL DEFAULT '',
  `rrd_num` tinyint(2) unsigned NOT NULL DEFAULT '0',
  `rrd_step` mediumint(8) NOT NULL DEFAULT '300',
  `rrd_next_step` mediumint(8) NOT NULL DEFAULT '0',
  `arg1` text,
  `arg2` varchar(255) DEFAULT NULL,
  `arg3` varchar(255) DEFAULT NULL,
  PRIMARY KEY (`local_data_id`,`rrd_name`),
  KEY `local_data_id` (`local_data_id`),
  KEY `host_id` (`host_id`),
  KEY `rrd_next_step` (`rrd_next_step`),
  KEY `action` (`action`),
  KEY `present` (`present`)
) ENGINE=MyISAM DEFAULT CHARSET=utf8;
/*!40101 SET character_set_client = @saved_cs_client */;

--
-- Dumping data for table `poller_item`
--

LOCK TABLES `poller_item` WRITE;
/*!40000 ALTER TABLE `poller_item` DISABLE KEYS */;
/*!40000 ALTER TABLE `poller_item` ENABLE KEYS */;
UNLOCK TABLES;

--
-- Table structure for table `poller_output`
--

DROP TABLE IF EXISTS `poller_output`;
/*!40101 SET @saved_cs_client     = @@character_set_client */;
/*!40101 SET character_set_client = utf8 */;
CREATE TABLE `poller_output` (
  `local_data_id` mediumint(8) unsigned NOT NULL DEFAULT '0',
  `rrd_name` varchar(19) NOT NULL DEFAULT '',
  `time` datetime NOT NULL DEFAULT '0000-00-00 00:00:00',
  `output` text NOT NULL,
  PRIMARY KEY (`local_data_id`,`rrd_name`,`time`) USING BTREE
) ENGINE=MyISAM DEFAULT CHARSET=utf8;
/*!40101 SET character_set_client = @saved_cs_client */;

--
-- Dumping data for table `poller_output`
--

LOCK TABLES `poller_output` WRITE;
/*!40000 ALTER TABLE `poller_output` DISABLE KEYS */;
/*!40000 ALTER TABLE `poller_output` ENABLE KEYS */;
UNLOCK TABLES;

--
-- Table structure for table `poller_reindex`
--

DROP TABLE IF EXISTS `poller_reindex`;
/*!40101 SET @saved_cs_client     = @@character_set_client */;
/*!40101 SET character_set_client = utf8 */;
CREATE TABLE `poller_reindex` (
  `host_id` mediumint(8) unsigned NOT NULL DEFAULT '0',
  `data_query_id` mediumint(8) unsigned NOT NULL DEFAULT '0',
  `action` tinyint(3) unsigned NOT NULL DEFAULT '0',
  `present` tinyint(4) NOT NULL DEFAULT '1',
  `op` char(1) NOT NULL DEFAULT '',
  `assert_value` varchar(100) NOT NULL DEFAULT '',
  `arg1` varchar(255) NOT NULL DEFAULT '',
  PRIMARY KEY (`host_id`,`data_query_id`,`arg1`),
  KEY `present` (`present`)
) ENGINE=MyISAM DEFAULT CHARSET=utf8;
/*!40101 SET character_set_client = @saved_cs_client */;

--
-- Dumping data for table `poller_reindex`
--

LOCK TABLES `poller_reindex` WRITE;
/*!40000 ALTER TABLE `poller_reindex` DISABLE KEYS */;
/*!40000 ALTER TABLE `poller_reindex` ENABLE KEYS */;
UNLOCK TABLES;

--
-- Table structure for table `poller_time`
--

DROP TABLE IF EXISTS `poller_time`;
/*!40101 SET @saved_cs_client     = @@character_set_client */;
/*!40101 SET character_set_client = utf8 */;
CREATE TABLE `poller_time` (
  `id` mediumint(8) unsigned NOT NULL AUTO_INCREMENT,
  `pid` int(11) unsigned NOT NULL DEFAULT '0',
  `poller_id` smallint(5) unsigned NOT NULL DEFAULT '0',
  `start_time` datetime NOT NULL DEFAULT '0000-00-00 00:00:00',
  `end_time` datetime NOT NULL DEFAULT '0000-00-00 00:00:00',
  PRIMARY KEY (`id`)
) ENGINE=MyISAM DEFAULT CHARSET=utf8;
/*!40101 SET character_set_client = @saved_cs_client */;

--
-- Dumping data for table `poller_time`
--

LOCK TABLES `poller_time` WRITE;
/*!40000 ALTER TABLE `poller_time` DISABLE KEYS */;
/*!40000 ALTER TABLE `poller_time` ENABLE KEYS */;
UNLOCK TABLES;

--
-- Table structure for table `rra`
--

DROP TABLE IF EXISTS `rra`;
/*!40101 SET @saved_cs_client     = @@character_set_client */;
/*!40101 SET character_set_client = utf8 */;
CREATE TABLE `rra` (
  `id` mediumint(8) unsigned NOT NULL AUTO_INCREMENT,
  `hash` varchar(32) NOT NULL DEFAULT '',
  `name` varchar(100) NOT NULL DEFAULT '',
  `x_files_factor` double NOT NULL DEFAULT '0.1',
  `steps` mediumint(8) DEFAULT '1',
  `rows` int(12) NOT NULL DEFAULT '600',
  `timespan` int(12) unsigned NOT NULL DEFAULT '0',
  PRIMARY KEY (`id`)
) ENGINE=MyISAM AUTO_INCREMENT=6 DEFAULT CHARSET=utf8;
/*!40101 SET character_set_client = @saved_cs_client */;

--
-- Dumping data for table `rra`
--

LOCK TABLES `rra` WRITE;
/*!40000 ALTER TABLE `rra` DISABLE KEYS */;
INSERT INTO `rra` VALUES (1,'c21df5178e5c955013591239eb0afd46','Daily (5 Minute Average)',0.5,1,600,86400),(2,'0d9c0af8b8acdc7807943937b3208e29','Weekly (30 Minute Average)',0.5,6,700,604800),(3,'6fc2d038fb42950138b0ce3e9874cc60','Monthly (2 Hour Average)',0.5,24,775,2678400),(4,'e36f3adb9f152adfa5dc50fd2b23337e','Yearly (1 Day Average)',0.5,288,797,33053184),(5,'283ea2bf1634d92ce081ec82a634f513','Hourly (1 Minute Average)',0.5,1,500,14400);
/*!40000 ALTER TABLE `rra` ENABLE KEYS */;
UNLOCK TABLES;

--
-- Table structure for table `rra_cf`
--

DROP TABLE IF EXISTS `rra_cf`;
/*!40101 SET @saved_cs_client     = @@character_set_client */;
/*!40101 SET character_set_client = utf8 */;
CREATE TABLE `rra_cf` (
  `rra_id` mediumint(8) unsigned NOT NULL DEFAULT '0',
  `consolidation_function_id` smallint(5) unsigned NOT NULL DEFAULT '0',
  PRIMARY KEY (`rra_id`,`consolidation_function_id`),
  KEY `rra_id` (`rra_id`)
) ENGINE=MyISAM DEFAULT CHARSET=utf8;
/*!40101 SET character_set_client = @saved_cs_client */;

--
-- Dumping data for table `rra_cf`
--

LOCK TABLES `rra_cf` WRITE;
/*!40000 ALTER TABLE `rra_cf` DISABLE KEYS */;
INSERT INTO `rra_cf` VALUES (1,1),(1,3),(2,1),(2,3),(3,1),(3,3),(4,1),(4,3),(5,1),(5,3);
/*!40000 ALTER TABLE `rra_cf` ENABLE KEYS */;
UNLOCK TABLES;

--
-- Table structure for table `settings`
--

DROP TABLE IF EXISTS `settings`;
/*!40101 SET @saved_cs_client     = @@character_set_client */;
/*!40101 SET character_set_client = utf8 */;
CREATE TABLE `settings` (
  `name` varchar(50) NOT NULL DEFAULT '',
  `value` varchar(255) NOT NULL DEFAULT '',
  PRIMARY KEY (`name`)
) ENGINE=MyISAM DEFAULT CHARSET=utf8;
/*!40101 SET character_set_client = @saved_cs_client */;

--
-- Dumping data for table `settings`
--

LOCK TABLES `settings` WRITE;
/*!40000 ALTER TABLE `settings` DISABLE KEYS */;
INSERT INTO `settings` VALUES ('path_rrdtool','/usr/bin/rrdtool'),('path_php_binary','/usr/bin/php'),('path_snmpwalk','/usr/local/bin/snmpwalk'),('path_snmpget','/usr/local/bin/snmpget'),('path_snmpbulkwalk','/usr/local/bin/snmpbulkwalk'),('path_snmpgetnext','/usr/local/bin/snmpgetnext'),('path_cactilog','/home/psadmin/work/site/test2/html/cacti-0.8.8e/log/cacti.log'),('snmp_version','net-snmp'),('rrdtool_version','rrd-1.3.x');
/*!40000 ALTER TABLE `settings` ENABLE KEYS */;
UNLOCK TABLES;

--
-- Table structure for table `settings_graphs`
--

DROP TABLE IF EXISTS `settings_graphs`;
/*!40101 SET @saved_cs_client     = @@character_set_client */;
/*!40101 SET character_set_client = utf8 */;
CREATE TABLE `settings_graphs` (
  `user_id` smallint(8) unsigned NOT NULL DEFAULT '0',
  `name` varchar(50) NOT NULL DEFAULT '',
  `value` varchar(255) NOT NULL DEFAULT '',
  PRIMARY KEY (`user_id`,`name`)
) ENGINE=MyISAM DEFAULT CHARSET=utf8;
/*!40101 SET character_set_client = @saved_cs_client */;

--
-- Dumping data for table `settings_graphs`
--

LOCK TABLES `settings_graphs` WRITE;
/*!40000 ALTER TABLE `settings_graphs` DISABLE KEYS */;
INSERT INTO `settings_graphs` VALUES (1,'default_rra_id','1'),(1,'default_view_mode','1'),(1,'default_timespan','7'),(1,'timespan_sel','on'),(1,'default_timeshift','7'),(1,'allow_graph_dates_in_future','on'),(1,'first_weekdayid','1'),(1,'day_shift_start','07:00'),(1,'day_shift_end','18:00'),(1,'default_date_format','4'),(1,'default_datechar','1'),(1,'page_refresh','300'),(1,'default_height','100'),(1,'default_width','300'),(1,'num_columns','2'),(1,'thumbnail_section_preview','on'),(1,'thumbnail_section_tree_1','on'),(1,'thumbnail_section_tree_2',''),(1,'default_tree_id','2'),(1,'default_tree_view_mode','2'),(1,'treeview_graphs_per_page','10'),(1,'default_dual_pane_width','120'),(1,'expand_hosts',''),(1,'show_graph_title',''),(1,'preview_graphs_per_page','10'),(1,'list_graphs_per_page','30'),(1,'custom_fonts',''),(1,'title_size','12'),(1,'title_font',''),(1,'legend_size','10'),(1,'legend_font',''),(1,'axis_size','8'),(1,'axis_font',''),(1,'unit_size','8'),(1,'unit_font','');
/*!40000 ALTER TABLE `settings_graphs` ENABLE KEYS */;
UNLOCK TABLES;

--
-- Table structure for table `settings_tree`
--

DROP TABLE IF EXISTS `settings_tree`;
/*!40101 SET @saved_cs_client     = @@character_set_client */;
/*!40101 SET character_set_client = utf8 */;
CREATE TABLE `settings_tree` (
  `user_id` mediumint(8) unsigned NOT NULL DEFAULT '0',
  `graph_tree_item_id` mediumint(8) unsigned NOT NULL DEFAULT '0',
  `status` tinyint(1) NOT NULL DEFAULT '0',
  PRIMARY KEY (`user_id`,`graph_tree_item_id`)
) ENGINE=MyISAM DEFAULT CHARSET=utf8;
/*!40101 SET character_set_client = @saved_cs_client */;

--
-- Dumping data for table `settings_tree`
--

LOCK TABLES `settings_tree` WRITE;
/*!40000 ALTER TABLE `settings_tree` DISABLE KEYS */;
/*!40000 ALTER TABLE `settings_tree` ENABLE KEYS */;
UNLOCK TABLES;

--
-- Table structure for table `snmp_query`
--

DROP TABLE IF EXISTS `snmp_query`;
/*!40101 SET @saved_cs_client     = @@character_set_client */;
/*!40101 SET character_set_client = utf8 */;
CREATE TABLE `snmp_query` (
  `id` mediumint(8) unsigned NOT NULL AUTO_INCREMENT,
  `hash` varchar(32) NOT NULL DEFAULT '',
  `xml_path` varchar(255) NOT NULL DEFAULT '',
  `name` varchar(100) NOT NULL DEFAULT '',
  `description` varchar(255) DEFAULT NULL,
  `graph_template_id` mediumint(8) unsigned NOT NULL DEFAULT '0',
  `data_input_id` mediumint(8) unsigned NOT NULL DEFAULT '0',
  PRIMARY KEY (`id`),
  KEY `name` (`name`)
) ENGINE=MyISAM AUTO_INCREMENT=10 DEFAULT CHARSET=utf8;
/*!40101 SET character_set_client = @saved_cs_client */;

--
-- Dumping data for table `snmp_query`
--

LOCK TABLES `snmp_query` WRITE;
/*!40000 ALTER TABLE `snmp_query` DISABLE KEYS */;
/*!40000 ALTER TABLE `snmp_query` ENABLE KEYS */;
UNLOCK TABLES;

--
-- Table structure for table `snmp_query_graph`
--

DROP TABLE IF EXISTS `snmp_query_graph`;
/*!40101 SET @saved_cs_client     = @@character_set_client */;
/*!40101 SET character_set_client = utf8 */;
CREATE TABLE `snmp_query_graph` (
  `id` mediumint(8) unsigned NOT NULL AUTO_INCREMENT,
  `hash` varchar(32) NOT NULL DEFAULT '',
  `snmp_query_id` mediumint(8) unsigned NOT NULL DEFAULT '0',
  `name` varchar(100) NOT NULL DEFAULT '',
  `graph_template_id` mediumint(8) unsigned NOT NULL DEFAULT '0',
  PRIMARY KEY (`id`)
) ENGINE=MyISAM AUTO_INCREMENT=23 DEFAULT CHARSET=utf8;
/*!40101 SET character_set_client = @saved_cs_client */;

--
-- Dumping data for table `snmp_query_graph`
--

LOCK TABLES `snmp_query_graph` WRITE;
/*!40000 ALTER TABLE `snmp_query_graph` DISABLE KEYS */;
/*!40000 ALTER TABLE `snmp_query_graph` ENABLE KEYS */;
UNLOCK TABLES;

--
-- Table structure for table `snmp_query_graph_rrd`
--

DROP TABLE IF EXISTS `snmp_query_graph_rrd`;
/*!40101 SET @saved_cs_client     = @@character_set_client */;
/*!40101 SET character_set_client = utf8 */;
CREATE TABLE `snmp_query_graph_rrd` (
  `snmp_query_graph_id` mediumint(8) unsigned NOT NULL DEFAULT '0',
  `data_template_id` mediumint(8) unsigned NOT NULL DEFAULT '0',
  `data_template_rrd_id` mediumint(8) unsigned NOT NULL DEFAULT '0',
  `snmp_field_name` varchar(50) NOT NULL DEFAULT '0',
  PRIMARY KEY (`snmp_query_graph_id`,`data_template_id`,`data_template_rrd_id`),
  KEY `data_template_rrd_id` (`data_template_rrd_id`),
  KEY `snmp_query_graph_id` (`snmp_query_graph_id`)
) ENGINE=MyISAM DEFAULT CHARSET=utf8;
/*!40101 SET character_set_client = @saved_cs_client */;

--
-- Dumping data for table `snmp_query_graph_rrd`
--

LOCK TABLES `snmp_query_graph_rrd` WRITE;
/*!40000 ALTER TABLE `snmp_query_graph_rrd` DISABLE KEYS */;
/*!40000 ALTER TABLE `snmp_query_graph_rrd` ENABLE KEYS */;
UNLOCK TABLES;

--
-- Table structure for table `snmp_query_graph_rrd_sv`
--

DROP TABLE IF EXISTS `snmp_query_graph_rrd_sv`;
/*!40101 SET @saved_cs_client     = @@character_set_client */;
/*!40101 SET character_set_client = utf8 */;
CREATE TABLE `snmp_query_graph_rrd_sv` (
  `id` mediumint(8) unsigned NOT NULL AUTO_INCREMENT,
  `hash` varchar(32) NOT NULL DEFAULT '',
  `snmp_query_graph_id` mediumint(8) unsigned NOT NULL DEFAULT '0',
  `data_template_id` mediumint(8) unsigned NOT NULL DEFAULT '0',
  `sequence` mediumint(8) unsigned NOT NULL DEFAULT '0',
  `field_name` varchar(100) NOT NULL DEFAULT '',
  `text` varchar(255) NOT NULL DEFAULT '',
  PRIMARY KEY (`id`),
  KEY `snmp_query_graph_id` (`snmp_query_graph_id`),
  KEY `data_template_id` (`data_template_id`)
) ENGINE=MyISAM AUTO_INCREMENT=110 DEFAULT CHARSET=utf8;
/*!40101 SET character_set_client = @saved_cs_client */;

--
-- Dumping data for table `snmp_query_graph_rrd_sv`
--

LOCK TABLES `snmp_query_graph_rrd_sv` WRITE;
/*!40000 ALTER TABLE `snmp_query_graph_rrd_sv` DISABLE KEYS */;
/*!40000 ALTER TABLE `snmp_query_graph_rrd_sv` ENABLE KEYS */;
UNLOCK TABLES;

--
-- Table structure for table `snmp_query_graph_sv`
--

DROP TABLE IF EXISTS `snmp_query_graph_sv`;
/*!40101 SET @saved_cs_client     = @@character_set_client */;
/*!40101 SET character_set_client = utf8 */;
CREATE TABLE `snmp_query_graph_sv` (
  `id` mediumint(8) unsigned NOT NULL AUTO_INCREMENT,
  `hash` varchar(32) NOT NULL DEFAULT '',
  `snmp_query_graph_id` mediumint(8) unsigned NOT NULL DEFAULT '0',
  `sequence` mediumint(8) unsigned NOT NULL DEFAULT '0',
  `field_name` varchar(100) NOT NULL DEFAULT '',
  `text` varchar(255) NOT NULL DEFAULT '',
  PRIMARY KEY (`id`),
  KEY `snmp_query_graph_id` (`snmp_query_graph_id`)
) ENGINE=MyISAM AUTO_INCREMENT=50 DEFAULT CHARSET=utf8;
/*!40101 SET character_set_client = @saved_cs_client */;

--
-- Dumping data for table `snmp_query_graph_sv`
--

LOCK TABLES `snmp_query_graph_sv` WRITE;
/*!40000 ALTER TABLE `snmp_query_graph_sv` DISABLE KEYS */;
INSERT INTO `snmp_query_graph_sv` VALUES (7,'437918b8dcd66a64625c6cee481fff61',6,1,'title','|host_description| - Disk Space - |query_dskPath|'),(5,'2ddc61ff4bd9634f33aedce9524b7690',7,1,'title','|host_description| - Wireless Levels (|query_kbWirelessStationName|)'),(6,'c72e2da7af2cdbd6b44a5eb42c5b4758',8,1,'title','|host_description| - Wireless Transmissions (|query_kbWirelessStationName|)'),(11,'a412c5dfa484b599ec0f570979fdbc9e',10,1,'title','|host_description| - Volume Information - |query_nwVolPhysicalName|'),(12,'48f4792dd49fefd7d640ec46b1d7bdb3',11,1,'title','|host_description| - Directory Information - |query_nwVolPhysicalName|'),(14,'',12,1,'title','|host_description| - Disk Space - |query_dskDevice|'),(15,'49dca5592ac26ff149a4fbd18d690644',13,1,'title','|host_description| - Traffic - |query_ifName|'),(16,'bda15298139ad22bdc8a3b0952d4e3ab',13,2,'title','|host_description| - Traffic - |query_ifIP| (|query_ifDescr|)'),(17,'29e48483d0471fcd996bfb702a5960aa',13,3,'title','|host_description| - Traffic - |query_ifDescr|/|query_ifIndex|'),(18,'3f42d358965cb94ce4f708b59e04f82b',14,1,'title','|host_description| - Traffic - |query_ifName|'),(19,'45f44b2f811ea8a8ace1cbed8ef906f1',14,2,'title','|host_description| - Traffic - |query_ifIP| (|query_ifDescr|)'),(20,'69c14fbcc23aecb9920b3cdad7f89901',14,3,'title','|host_description| - Traffic - |query_ifDescr|/|query_ifIndex|'),(21,'299d3434851fc0d5c0e105429069709d',2,1,'title','|host_description| - Errors - |query_ifName|'),(22,'8c8860b17fd67a9a500b4cb8b5e19d4b',2,2,'title','|host_description| - Errors - |query_ifIP| (|query_ifDescr|)'),(23,'d96360ae5094e5732e7e7496ceceb636',2,3,'title','|host_description| - Errors - |query_ifDescr|/|query_ifIndex|'),(24,'750a290cadc3dc60bb682a5c5f47df16',3,1,'title','|host_description| - Non-Unicast Packets - |query_ifName|'),(25,'bde195eecc256c42ca9725f1f22c1dc0',3,2,'title','|host_description| - Non-Unicast Packets - |query_ifIP| (|query_ifDescr|)'),(26,'d9e97d22689e4ffddaca23b46f2aa306',3,3,'title','|host_description| - Non-Unicast Packets - |query_ifDescr|/|query_ifIndex|'),(27,'48ceaba62e0c2671a810a7f1adc5f751',4,1,'title','|host_description| - Unicast Packets - |query_ifName|'),(28,'d6258884bed44abe46d264198adc7c5d',4,2,'title','|host_description| - Unicast Packets - |query_ifIP| (|query_ifDescr|)'),(29,'6eb58d9835b2b86222306d6ced9961d9',4,3,'title','|host_description| - Unicast Packets - |query_ifDescr|/|query_ifIndex|'),(30,'f21b23df740bc4a2d691d2d7b1b18dba',15,1,'title','|host_description| - Disk Space - |query_dskDevice|'),(31,'7fb4a267065f960df81c15f9022cd3a4',16,1,'title','|host_description| - Traffic - |query_ifName|'),(32,'e403f5a733bf5c8401a110609683deb3',16,2,'title','|host_description| - Traffic - |query_ifIP| (|query_ifDescr|)'),(33,'809c2e80552d56b65ca496c1c2fff398',16,3,'title','|host_description| - Traffic - |query_ifDescr|/|query_ifIndex|'),(34,'0a5eb36e98c04ad6be8e1ef66caeed3c',9,1,'title','|host_description| - Traffic - |query_ifName|'),(35,'4c4386a96e6057b7bd0b78095209ddfa',9,2,'title','|host_description| - Traffic - |query_ifIP| (|query_ifDescr|)'),(36,'fd3a384768b0388fa64119fe2f0cc113',9,3,'title','|host_description| - Traffic - |query_ifDescr|/|query_ifIndex|'),(38,'9852782792ede7c0805990e506ac9618',18,1,'title','|host_description| - Used Space - |query_hrStorageDescr|'),(39,'fa2f07ab54fce72eea684ba893dd9c95',19,1,'title','|host_description| - CPU Utilization - CPU|query_hrProcessorFrwID|'),(40,'d99f8db04fd07bcd2260d246916e03da',17,1,'title','|host_description| - CPU Utilization - CPU|query_nwhrProcessorNum|'),(41,'f434ec853c479d424276f367e9806a75',20,1,'title','|host_description| - Traffic - |query_ifName|'),(42,'9b085245847444c5fb90ebbf4448e265',20,2,'title','|host_description| - Traffic - |query_ifIP| (|query_ifDescr|)'),(43,'5977863f28629bd8eb93a2a9cbc3e306',20,3,'title','|host_description| - Traffic - |query_ifDescr|/|query_ifIndex|'),(44,'37b6711af3930c56309cf8956d8bbf14',21,1,'title','|host_description| - Traffic - |query_ifName|'),(45,'cc435c5884a75421329a9b08207c1c90',21,2,'title','|host_description| - Traffic - |query_ifIP| (|query_ifDescr|)'),(46,'82edeea1ec249c9818773e3145836492',21,3,'title','|host_description| - Traffic - |query_ifDescr|/|query_ifIndex|'),(47,'87522150ee8a601b4d6a1f6b9e919c47',22,1,'title','|host_description| - Traffic - |query_ifName|'),(48,'993a87c04f550f1209d689d584aa8b45',22,2,'title','|host_description| - Traffic - |query_ifIP| (|query_ifDescr|)'),(49,'183bb486c92a566fddcb0585ede37865',22,3,'title','|host_description| - Traffic - |query_ifDescr|/|query_ifIndex|');
/*!40000 ALTER TABLE `snmp_query_graph_sv` ENABLE KEYS */;
UNLOCK TABLES;

--
-- Table structure for table `user_auth`
--

DROP TABLE IF EXISTS `user_auth`;
/*!40101 SET @saved_cs_client     = @@character_set_client */;
/*!40101 SET character_set_client = utf8 */;
CREATE TABLE `user_auth` (
  `id` mediumint(8) unsigned NOT NULL AUTO_INCREMENT,
  `username` varchar(50) NOT NULL DEFAULT '0',
  `password` varchar(50) NOT NULL DEFAULT '0',
  `realm` mediumint(8) NOT NULL DEFAULT '0',
  `full_name` varchar(100) DEFAULT '0',
  `must_change_password` char(2) DEFAULT NULL,
  `show_tree` char(2) DEFAULT 'on',
  `show_list` char(2) DEFAULT 'on',
  `show_preview` char(2) NOT NULL DEFAULT 'on',
  `graph_settings` char(2) DEFAULT NULL,
  `login_opts` tinyint(1) NOT NULL DEFAULT '1',
  `policy_graphs` tinyint(1) unsigned NOT NULL DEFAULT '1',
  `policy_trees` tinyint(1) unsigned NOT NULL DEFAULT '1',
  `policy_hosts` tinyint(1) unsigned NOT NULL DEFAULT '1',
  `policy_graph_templates` tinyint(1) unsigned NOT NULL DEFAULT '1',
  `enabled` char(2) NOT NULL DEFAULT 'on',
  PRIMARY KEY (`id`),
  KEY `username` (`username`),
  KEY `realm` (`realm`),
  KEY `enabled` (`enabled`)
) ENGINE=MyISAM AUTO_INCREMENT=4 DEFAULT CHARSET=utf8;
/*!40101 SET character_set_client = @saved_cs_client */;

--
-- Dumping data for table `user_auth`
--

LOCK TABLES `user_auth` WRITE;
/*!40000 ALTER TABLE `user_auth` DISABLE KEYS */;
INSERT INTO `user_auth` VALUES (1,'admin','21232f297a57a5a743894a0e4a801fc3',0,'Administrator','','on','on','on','on',1,1,1,1,1,'on'),(3,'guest','43e9a4ab75570f5b',0,'Guest Account','on','on','on','on','on',3,1,1,1,1,'');
/*!40000 ALTER TABLE `user_auth` ENABLE KEYS */;
UNLOCK TABLES;

--
-- Table structure for table `user_auth_perms`
--

DROP TABLE IF EXISTS `user_auth_perms`;
/*!40101 SET @saved_cs_client     = @@character_set_client */;
/*!40101 SET character_set_client = utf8 */;
CREATE TABLE `user_auth_perms` (
  `user_id` mediumint(8) unsigned NOT NULL DEFAULT '0',
  `item_id` mediumint(8) unsigned NOT NULL DEFAULT '0',
  `type` tinyint(2) unsigned NOT NULL DEFAULT '0',
  PRIMARY KEY (`user_id`,`item_id`,`type`),
  KEY `user_id` (`user_id`,`type`)
) ENGINE=MyISAM DEFAULT CHARSET=utf8;
/*!40101 SET character_set_client = @saved_cs_client */;

--
-- Dumping data for table `user_auth_perms`
--

LOCK TABLES `user_auth_perms` WRITE;
/*!40000 ALTER TABLE `user_auth_perms` DISABLE KEYS */;
/*!40000 ALTER TABLE `user_auth_perms` ENABLE KEYS */;
UNLOCK TABLES;

--
-- Table structure for table `user_auth_realm`
--

DROP TABLE IF EXISTS `user_auth_realm`;
/*!40101 SET @saved_cs_client     = @@character_set_client */;
/*!40101 SET character_set_client = utf8 */;
CREATE TABLE `user_auth_realm` (
  `realm_id` mediumint(8) unsigned NOT NULL DEFAULT '0',
  `user_id` mediumint(8) unsigned NOT NULL DEFAULT '0',
  PRIMARY KEY (`realm_id`,`user_id`),
  KEY `user_id` (`user_id`)
) ENGINE=MyISAM DEFAULT CHARSET=utf8;
/*!40101 SET character_set_client = @saved_cs_client */;

--
-- Dumping data for table `user_auth_realm`
--

LOCK TABLES `user_auth_realm` WRITE;
/*!40000 ALTER TABLE `user_auth_realm` DISABLE KEYS */;
INSERT INTO `user_auth_realm` VALUES (1,1),(2,1),(3,1),(4,1),(5,1),(7,1),(7,3),(8,1),(9,1),(10,1),(11,1),(12,1),(13,1),(14,1),(15,1),(16,1),(17,1),(101,1);
/*!40000 ALTER TABLE `user_auth_realm` ENABLE KEYS */;
UNLOCK TABLES;

--
-- Table structure for table `user_log`
--

DROP TABLE IF EXISTS `user_log`;
/*!40101 SET @saved_cs_client     = @@character_set_client */;
/*!40101 SET character_set_client = utf8 */;
CREATE TABLE `user_log` (
  `username` varchar(50) NOT NULL DEFAULT '0',
  `user_id` mediumint(8) NOT NULL DEFAULT '0',
  `time` datetime NOT NULL DEFAULT '0000-00-00 00:00:00',
  `result` tinyint(1) NOT NULL DEFAULT '0',
  `ip` varchar(40) NOT NULL DEFAULT '',
  PRIMARY KEY (`username`,`user_id`,`time`),
  KEY `username` (`username`),
  KEY `user_id` (`user_id`)
) ENGINE=MyISAM DEFAULT CHARSET=utf8;
/*!40101 SET character_set_client = @saved_cs_client */;

--
-- Dumping data for table `user_log`
--

LOCK TABLES `user_log` WRITE;
/*!40000 ALTER TABLE `user_log` DISABLE KEYS */;
INSERT INTO `user_log` VALUES ('admin',1,'2015-07-28 05:34:42',1,'192.168.0.15'),('admin',0,'0000-00-00 00:00:00',3,'192.168.0.15'),('admin',1,'2015-07-28 06:09:33',1,'192.168.0.15'),('admin',1,'2015-07-28 07:17:22',1,'192.168.0.15'),('admin',1,'2015-07-28 07:50:07',1,'192.168.0.15'),('admin',1,'2016-01-30 09:48:39',1,'192.168.0.11'),('admin',1,'2016-02-01 04:39:42',1,'192.168.0.15'),('admin',1,'2016-02-07 12:40:26',1,'192.168.0.11'),('admin',1,'2016-02-07 17:01:59',1,'192.168.0.11'),('admin',1,'2016-02-07 17:05:39',1,'192.168.0.11'),('admin',1,'2016-02-24 06:10:48',1,'192.168.0.15'),('admin',1,'2016-03-13 07:42:30',1,'192.168.0.15'),('admin',1,'2016-03-13 08:38:53',1,'192.168.0.11'),('admin',1,'2016-03-14 05:22:19',1,'192.168.0.15');
/*!40000 ALTER TABLE `user_log` ENABLE KEYS */;
UNLOCK TABLES;

--
-- Table structure for table `version`
--

DROP TABLE IF EXISTS `version`;
/*!40101 SET @saved_cs_client     = @@character_set_client */;
/*!40101 SET character_set_client = utf8 */;
CREATE TABLE `version` (
  `cacti` char(20) DEFAULT NULL
) ENGINE=MyISAM DEFAULT CHARSET=utf8;
/*!40101 SET character_set_client = @saved_cs_client */;

--
-- Dumping data for table `version`
--

LOCK TABLES `version` WRITE;
/*!40000 ALTER TABLE `version` DISABLE KEYS */;
INSERT INTO `version` VALUES ('0.8.8g');
/*!40000 ALTER TABLE `version` ENABLE KEYS */;
UNLOCK TABLES;
/*!40103 SET TIME_ZONE=@OLD_TIME_ZONE */;

/*!40101 SET SQL_MODE=@OLD_SQL_MODE */;
/*!40014 SET FOREIGN_KEY_CHECKS=@OLD_FOREIGN_KEY_CHECKS */;
/*!40014 SET UNIQUE_CHECKS=@OLD_UNIQUE_CHECKS */;
/*!40101 SET CHARACTER_SET_CLIENT=@OLD_CHARACTER_SET_CLIENT */;
/*!40101 SET CHARACTER_SET_RESULTS=@OLD_CHARACTER_SET_RESULTS */;
/*!40101 SET COLLATION_CONNECTION=@OLD_COLLATION_CONNECTION */;
/*!40111 SET SQL_NOTES=@OLD_SQL_NOTES */;

-- Dump completed on 2016-03-14  5:23:52
