-- MySQL dump 10.13  Distrib 8.0.33, for Linux (x86_64)
--
-- Host: localhost    Database: cacti12
-- ------------------------------------------------------
-- Server version	8.0.33

/*!40101 SET @OLD_CHARACTER_SET_CLIENT=@@CHARACTER_SET_CLIENT */;
/*!40101 SET @OLD_CHARACTER_SET_RESULTS=@@CHARACTER_SET_RESULTS */;
/*!40101 SET @OLD_COLLATION_CONNECTION=@@COLLATION_CONNECTION */;
/*!50503 SET NAMES utf8mb4 */;
/*!40103 SET @OLD_TIME_ZONE=@@TIME_ZONE */;
/*!40103 SET TIME_ZONE='+00:00' */;
/*!40014 SET @OLD_UNIQUE_CHECKS=@@UNIQUE_CHECKS, UNIQUE_CHECKS=0 */;
/*!40014 SET @OLD_FOREIGN_KEY_CHECKS=@@FOREIGN_KEY_CHECKS, FOREIGN_KEY_CHECKS=0 */;
/*!40101 SET @OLD_SQL_MODE=@@SQL_MODE, SQL_MODE='NO_AUTO_VALUE_ON_ZERO' */;
/*!40111 SET @OLD_SQL_NOTES=@@SQL_NOTES, SQL_NOTES=0 */;

--
-- Table structure for table `aggregate_graph_templates`
--

DROP TABLE IF EXISTS `aggregate_graph_templates`;
/*!40101 SET @saved_cs_client     = @@character_set_client */;
/*!50503 SET character_set_client = utf8mb4 */;
CREATE TABLE `aggregate_graph_templates` (
  `id` int unsigned NOT NULL AUTO_INCREMENT,
  `name` varchar(64) CHARACTER SET utf8mb4 COLLATE utf8mb4_unicode_ci NOT NULL,
  `graph_template_id` int unsigned NOT NULL,
  `gprint_prefix` varchar(64) CHARACTER SET utf8mb4 COLLATE utf8mb4_unicode_ci NOT NULL,
  `gprint_format` char(2) CHARACTER SET utf8mb4 COLLATE utf8mb4_unicode_ci DEFAULT '',
  `graph_type` int unsigned NOT NULL,
  `total` int unsigned NOT NULL,
  `total_type` int unsigned NOT NULL,
  `total_prefix` varchar(64) CHARACTER SET utf8mb4 COLLATE utf8mb4_unicode_ci NOT NULL,
  `order_type` int unsigned NOT NULL,
  `created` timestamp NOT NULL DEFAULT CURRENT_TIMESTAMP,
  `user_id` int unsigned NOT NULL,
  PRIMARY KEY (`id`),
  KEY `graph_template_id` (`graph_template_id`),
  KEY `user_id` (`user_id`)
) ENGINE=InnoDB DEFAULT CHARSET=utf8mb4 COLLATE=utf8mb4_unicode_ci ROW_FORMAT=DYNAMIC COMMENT='Template Definitions for Aggregate Graphs';
/*!40101 SET character_set_client = @saved_cs_client */;

--
-- Dumping data for table `aggregate_graph_templates`
--

LOCK TABLES `aggregate_graph_templates` WRITE;
/*!40000 ALTER TABLE `aggregate_graph_templates` DISABLE KEYS */;
/*!40000 ALTER TABLE `aggregate_graph_templates` ENABLE KEYS */;
UNLOCK TABLES;

--
-- Table structure for table `aggregate_graph_templates_graph`
--

DROP TABLE IF EXISTS `aggregate_graph_templates_graph`;
/*!40101 SET @saved_cs_client     = @@character_set_client */;
/*!50503 SET character_set_client = utf8mb4 */;
CREATE TABLE `aggregate_graph_templates_graph` (
  `aggregate_template_id` int unsigned NOT NULL,
  `t_image_format_id` char(2) CHARACTER SET utf8mb4 COLLATE utf8mb4_unicode_ci DEFAULT '',
  `image_format_id` tinyint unsigned NOT NULL DEFAULT '0',
  `t_height` char(2) CHARACTER SET utf8mb4 COLLATE utf8mb4_unicode_ci DEFAULT '',
  `height` mediumint NOT NULL DEFAULT '0',
  `t_width` char(2) CHARACTER SET utf8mb4 COLLATE utf8mb4_unicode_ci DEFAULT '',
  `width` mediumint NOT NULL DEFAULT '0',
  `t_upper_limit` char(2) CHARACTER SET utf8mb4 COLLATE utf8mb4_unicode_ci DEFAULT '',
  `upper_limit` varchar(20) CHARACTER SET utf8mb4 COLLATE utf8mb4_unicode_ci NOT NULL DEFAULT '0',
  `t_lower_limit` char(2) CHARACTER SET utf8mb4 COLLATE utf8mb4_unicode_ci DEFAULT '',
  `lower_limit` varchar(20) CHARACTER SET utf8mb4 COLLATE utf8mb4_unicode_ci NOT NULL DEFAULT '0',
  `t_vertical_label` char(2) CHARACTER SET utf8mb4 COLLATE utf8mb4_unicode_ci DEFAULT '',
  `vertical_label` varchar(200) CHARACTER SET utf8mb4 COLLATE utf8mb4_unicode_ci DEFAULT '',
  `t_slope_mode` char(2) CHARACTER SET utf8mb4 COLLATE utf8mb4_unicode_ci DEFAULT '',
  `slope_mode` char(2) CHARACTER SET utf8mb4 COLLATE utf8mb4_unicode_ci DEFAULT 'on',
  `t_auto_scale` char(2) CHARACTER SET utf8mb4 COLLATE utf8mb4_unicode_ci DEFAULT '',
  `auto_scale` char(2) CHARACTER SET utf8mb4 COLLATE utf8mb4_unicode_ci DEFAULT '',
  `t_auto_scale_opts` char(2) CHARACTER SET utf8mb4 COLLATE utf8mb4_unicode_ci DEFAULT '',
  `auto_scale_opts` tinyint unsigned NOT NULL DEFAULT '0',
  `t_auto_scale_log` char(2) CHARACTER SET utf8mb4 COLLATE utf8mb4_unicode_ci DEFAULT '',
  `auto_scale_log` char(2) CHARACTER SET utf8mb4 COLLATE utf8mb4_unicode_ci DEFAULT '',
  `t_scale_log_units` char(2) CHARACTER SET utf8mb4 COLLATE utf8mb4_unicode_ci DEFAULT '',
  `scale_log_units` char(2) CHARACTER SET utf8mb4 COLLATE utf8mb4_unicode_ci DEFAULT '',
  `t_auto_scale_rigid` char(2) CHARACTER SET utf8mb4 COLLATE utf8mb4_unicode_ci DEFAULT '',
  `auto_scale_rigid` char(2) CHARACTER SET utf8mb4 COLLATE utf8mb4_unicode_ci DEFAULT '',
  `t_auto_padding` char(2) CHARACTER SET utf8mb4 COLLATE utf8mb4_unicode_ci DEFAULT '',
  `auto_padding` char(2) CHARACTER SET utf8mb4 COLLATE utf8mb4_unicode_ci DEFAULT '',
  `t_base_value` char(2) CHARACTER SET utf8mb4 COLLATE utf8mb4_unicode_ci DEFAULT '',
  `base_value` mediumint NOT NULL DEFAULT '0',
  `t_grouping` char(2) CHARACTER SET utf8mb4 COLLATE utf8mb4_unicode_ci DEFAULT '',
  `grouping` char(2) CHARACTER SET utf8mb4 COLLATE utf8mb4_unicode_ci NOT NULL DEFAULT '',
  `t_unit_value` char(2) CHARACTER SET utf8mb4 COLLATE utf8mb4_unicode_ci DEFAULT '',
  `unit_value` varchar(20) CHARACTER SET utf8mb4 COLLATE utf8mb4_unicode_ci DEFAULT '',
  `t_unit_exponent_value` char(2) CHARACTER SET utf8mb4 COLLATE utf8mb4_unicode_ci DEFAULT '',
  `unit_exponent_value` varchar(5) CHARACTER SET utf8mb4 COLLATE utf8mb4_unicode_ci NOT NULL DEFAULT '',
  `t_alt_y_grid` char(2) CHARACTER SET utf8mb4 COLLATE utf8mb4_unicode_ci DEFAULT '',
  `alt_y_grid` char(2) CHARACTER SET utf8mb4 COLLATE utf8mb4_unicode_ci DEFAULT NULL,
  `t_right_axis` char(2) CHARACTER SET utf8mb4 COLLATE utf8mb4_unicode_ci DEFAULT '',
  `right_axis` varchar(20) CHARACTER SET utf8mb4 COLLATE utf8mb4_unicode_ci DEFAULT NULL,
  `t_right_axis_label` char(2) CHARACTER SET utf8mb4 COLLATE utf8mb4_unicode_ci DEFAULT '',
  `right_axis_label` varchar(200) CHARACTER SET utf8mb4 COLLATE utf8mb4_unicode_ci DEFAULT NULL,
  `t_right_axis_format` char(2) CHARACTER SET utf8mb4 COLLATE utf8mb4_unicode_ci DEFAULT '',
  `right_axis_format` mediumint DEFAULT NULL,
  `t_right_axis_formatter` char(2) CHARACTER SET utf8mb4 COLLATE utf8mb4_unicode_ci DEFAULT '',
  `right_axis_formatter` varchar(10) CHARACTER SET utf8mb4 COLLATE utf8mb4_unicode_ci DEFAULT NULL,
  `t_left_axis_formatter` char(2) CHARACTER SET utf8mb4 COLLATE utf8mb4_unicode_ci DEFAULT '',
  `left_axis_formatter` varchar(10) CHARACTER SET utf8mb4 COLLATE utf8mb4_unicode_ci DEFAULT NULL,
  `t_no_gridfit` char(2) CHARACTER SET utf8mb4 COLLATE utf8mb4_unicode_ci DEFAULT '',
  `no_gridfit` char(2) CHARACTER SET utf8mb4 COLLATE utf8mb4_unicode_ci DEFAULT NULL,
  `t_unit_length` char(2) CHARACTER SET utf8mb4 COLLATE utf8mb4_unicode_ci DEFAULT '',
  `unit_length` varchar(10) CHARACTER SET utf8mb4 COLLATE utf8mb4_unicode_ci DEFAULT NULL,
  `t_tab_width` char(2) CHARACTER SET utf8mb4 COLLATE utf8mb4_unicode_ci DEFAULT '',
  `tab_width` varchar(20) CHARACTER SET utf8mb4 COLLATE utf8mb4_unicode_ci DEFAULT '30',
  `t_dynamic_labels` char(2) CHARACTER SET utf8mb4 COLLATE utf8mb4_unicode_ci DEFAULT '',
  `dynamic_labels` char(2) CHARACTER SET utf8mb4 COLLATE utf8mb4_unicode_ci DEFAULT NULL,
  `t_force_rules_legend` char(2) CHARACTER SET utf8mb4 COLLATE utf8mb4_unicode_ci DEFAULT '',
  `force_rules_legend` char(2) CHARACTER SET utf8mb4 COLLATE utf8mb4_unicode_ci DEFAULT NULL,
  `t_legend_position` char(2) CHARACTER SET utf8mb4 COLLATE utf8mb4_unicode_ci DEFAULT '',
  `legend_position` varchar(10) CHARACTER SET utf8mb4 COLLATE utf8mb4_unicode_ci DEFAULT NULL,
  `t_legend_direction` char(2) CHARACTER SET utf8mb4 COLLATE utf8mb4_unicode_ci DEFAULT '',
  `legend_direction` varchar(10) CHARACTER SET utf8mb4 COLLATE utf8mb4_unicode_ci DEFAULT NULL,
  PRIMARY KEY (`aggregate_template_id`)
) ENGINE=InnoDB DEFAULT CHARSET=utf8mb4 COLLATE=utf8mb4_unicode_ci ROW_FORMAT=DYNAMIC COMMENT='Aggregate Template Graph Data';
/*!40101 SET character_set_client = @saved_cs_client */;

--
-- Dumping data for table `aggregate_graph_templates_graph`
--

LOCK TABLES `aggregate_graph_templates_graph` WRITE;
/*!40000 ALTER TABLE `aggregate_graph_templates_graph` DISABLE KEYS */;
/*!40000 ALTER TABLE `aggregate_graph_templates_graph` ENABLE KEYS */;
UNLOCK TABLES;

--
-- Table structure for table `aggregate_graph_templates_item`
--

DROP TABLE IF EXISTS `aggregate_graph_templates_item`;
/*!40101 SET @saved_cs_client     = @@character_set_client */;
/*!50503 SET character_set_client = utf8mb4 */;
CREATE TABLE `aggregate_graph_templates_item` (
  `aggregate_template_id` int unsigned NOT NULL,
  `graph_templates_item_id` int unsigned NOT NULL,
  `sequence` mediumint unsigned NOT NULL DEFAULT '0',
  `color_template` int unsigned NOT NULL,
  `t_graph_type_id` char(2) CHARACTER SET utf8mb4 COLLATE utf8mb4_unicode_ci DEFAULT '',
  `graph_type_id` tinyint unsigned NOT NULL DEFAULT '0',
  `t_cdef_id` char(2) CHARACTER SET utf8mb4 COLLATE utf8mb4_unicode_ci DEFAULT '',
  `cdef_id` mediumint unsigned DEFAULT NULL,
  `item_skip` char(2) CHARACTER SET utf8mb4 COLLATE utf8mb4_unicode_ci NOT NULL,
  `item_total` char(2) CHARACTER SET utf8mb4 COLLATE utf8mb4_unicode_ci NOT NULL,
  PRIMARY KEY (`aggregate_template_id`,`graph_templates_item_id`)
) ENGINE=InnoDB DEFAULT CHARSET=utf8mb4 COLLATE=utf8mb4_unicode_ci ROW_FORMAT=DYNAMIC COMMENT='Aggregate Template Graph Items';
/*!40101 SET character_set_client = @saved_cs_client */;

--
-- Dumping data for table `aggregate_graph_templates_item`
--

LOCK TABLES `aggregate_graph_templates_item` WRITE;
/*!40000 ALTER TABLE `aggregate_graph_templates_item` DISABLE KEYS */;
/*!40000 ALTER TABLE `aggregate_graph_templates_item` ENABLE KEYS */;
UNLOCK TABLES;

--
-- Table structure for table `aggregate_graphs`
--

DROP TABLE IF EXISTS `aggregate_graphs`;
/*!40101 SET @saved_cs_client     = @@character_set_client */;
/*!50503 SET character_set_client = utf8mb4 */;
CREATE TABLE `aggregate_graphs` (
  `id` int unsigned NOT NULL AUTO_INCREMENT,
  `aggregate_template_id` int unsigned NOT NULL,
  `template_propogation` char(2) CHARACTER SET utf8mb4 COLLATE utf8mb4_unicode_ci NOT NULL DEFAULT '',
  `local_graph_id` int unsigned NOT NULL,
  `title_format` varchar(128) CHARACTER SET utf8mb4 COLLATE utf8mb4_unicode_ci NOT NULL,
  `graph_template_id` int unsigned NOT NULL,
  `gprint_prefix` varchar(64) CHARACTER SET utf8mb4 COLLATE utf8mb4_unicode_ci NOT NULL,
  `gprint_format` char(2) CHARACTER SET utf8mb4 COLLATE utf8mb4_unicode_ci DEFAULT '',
  `graph_type` int unsigned NOT NULL,
  `total` int unsigned NOT NULL,
  `total_type` int unsigned NOT NULL,
  `total_prefix` varchar(64) CHARACTER SET utf8mb4 COLLATE utf8mb4_unicode_ci NOT NULL,
  `order_type` int unsigned NOT NULL,
  `created` timestamp NOT NULL DEFAULT CURRENT_TIMESTAMP ON UPDATE CURRENT_TIMESTAMP,
  `user_id` int unsigned NOT NULL,
  PRIMARY KEY (`id`),
  KEY `aggregate_template_id` (`aggregate_template_id`),
  KEY `local_graph_id` (`local_graph_id`),
  KEY `title_format` (`title_format`),
  KEY `user_id` (`user_id`)
) ENGINE=InnoDB DEFAULT CHARSET=utf8mb4 COLLATE=utf8mb4_unicode_ci ROW_FORMAT=DYNAMIC COMMENT='Aggregate Graph Definitions';
/*!40101 SET character_set_client = @saved_cs_client */;

--
-- Dumping data for table `aggregate_graphs`
--

LOCK TABLES `aggregate_graphs` WRITE;
/*!40000 ALTER TABLE `aggregate_graphs` DISABLE KEYS */;
/*!40000 ALTER TABLE `aggregate_graphs` ENABLE KEYS */;
UNLOCK TABLES;

--
-- Table structure for table `aggregate_graphs_graph_item`
--

DROP TABLE IF EXISTS `aggregate_graphs_graph_item`;
/*!40101 SET @saved_cs_client     = @@character_set_client */;
/*!50503 SET character_set_client = utf8mb4 */;
CREATE TABLE `aggregate_graphs_graph_item` (
  `aggregate_graph_id` int unsigned NOT NULL,
  `graph_templates_item_id` int unsigned NOT NULL,
  `sequence` mediumint unsigned NOT NULL DEFAULT '0',
  `color_template` int unsigned NOT NULL,
  `t_graph_type_id` char(2) CHARACTER SET utf8mb4 COLLATE utf8mb4_unicode_ci DEFAULT '',
  `graph_type_id` tinyint unsigned NOT NULL DEFAULT '0',
  `t_cdef_id` char(2) CHARACTER SET utf8mb4 COLLATE utf8mb4_unicode_ci DEFAULT '',
  `cdef_id` mediumint unsigned DEFAULT NULL,
  `item_skip` char(2) CHARACTER SET utf8mb4 COLLATE utf8mb4_unicode_ci NOT NULL,
  `item_total` char(2) CHARACTER SET utf8mb4 COLLATE utf8mb4_unicode_ci NOT NULL,
  PRIMARY KEY (`aggregate_graph_id`,`graph_templates_item_id`)
) ENGINE=InnoDB DEFAULT CHARSET=utf8mb4 COLLATE=utf8mb4_unicode_ci ROW_FORMAT=DYNAMIC COMMENT='Aggregate Graph Graph Items';
/*!40101 SET character_set_client = @saved_cs_client */;

--
-- Dumping data for table `aggregate_graphs_graph_item`
--

LOCK TABLES `aggregate_graphs_graph_item` WRITE;
/*!40000 ALTER TABLE `aggregate_graphs_graph_item` DISABLE KEYS */;
/*!40000 ALTER TABLE `aggregate_graphs_graph_item` ENABLE KEYS */;
UNLOCK TABLES;

--
-- Table structure for table `aggregate_graphs_items`
--

DROP TABLE IF EXISTS `aggregate_graphs_items`;
/*!40101 SET @saved_cs_client     = @@character_set_client */;
/*!50503 SET character_set_client = utf8mb4 */;
CREATE TABLE `aggregate_graphs_items` (
  `aggregate_graph_id` int unsigned NOT NULL,
  `local_graph_id` int unsigned NOT NULL,
  `sequence` mediumint unsigned NOT NULL DEFAULT '0',
  PRIMARY KEY (`aggregate_graph_id`,`local_graph_id`)
) ENGINE=InnoDB DEFAULT CHARSET=utf8mb4 COLLATE=utf8mb4_unicode_ci ROW_FORMAT=DYNAMIC COMMENT='Aggregate Graph Items';
/*!40101 SET character_set_client = @saved_cs_client */;

--
-- Dumping data for table `aggregate_graphs_items`
--

LOCK TABLES `aggregate_graphs_items` WRITE;
/*!40000 ALTER TABLE `aggregate_graphs_items` DISABLE KEYS */;
/*!40000 ALTER TABLE `aggregate_graphs_items` ENABLE KEYS */;
UNLOCK TABLES;

--
-- Table structure for table `automation_devices`
--

DROP TABLE IF EXISTS `automation_devices`;
/*!40101 SET @saved_cs_client     = @@character_set_client */;
/*!50503 SET character_set_client = utf8mb4 */;
CREATE TABLE `automation_devices` (
  `id` bigint unsigned NOT NULL AUTO_INCREMENT,
  `network_id` int unsigned NOT NULL DEFAULT '0',
  `hostname` varchar(100) CHARACTER SET utf8mb4 COLLATE utf8mb4_unicode_ci NOT NULL DEFAULT '',
  `ip` varchar(17) CHARACTER SET utf8mb4 COLLATE utf8mb4_unicode_ci NOT NULL DEFAULT '',
  `snmp_community` varchar(100) CHARACTER SET utf8mb4 COLLATE utf8mb4_unicode_ci NOT NULL DEFAULT '',
  `snmp_version` tinyint unsigned NOT NULL DEFAULT '1',
  `snmp_port` mediumint unsigned NOT NULL DEFAULT '161',
  `snmp_username` varchar(50) CHARACTER SET utf8mb4 COLLATE utf8mb4_unicode_ci DEFAULT NULL,
  `snmp_password` varchar(50) CHARACTER SET utf8mb4 COLLATE utf8mb4_unicode_ci DEFAULT NULL,
  `snmp_auth_protocol` char(6) CHARACTER SET utf8mb4 COLLATE utf8mb4_unicode_ci DEFAULT '',
  `snmp_priv_passphrase` varchar(200) CHARACTER SET utf8mb4 COLLATE utf8mb4_unicode_ci DEFAULT '',
  `snmp_priv_protocol` char(6) CHARACTER SET utf8mb4 COLLATE utf8mb4_unicode_ci DEFAULT '',
  `snmp_context` varchar(64) CHARACTER SET utf8mb4 COLLATE utf8mb4_unicode_ci DEFAULT '',
  `snmp_engine_id` varchar(64) CHARACTER SET utf8mb4 COLLATE utf8mb4_unicode_ci DEFAULT '',
  `sysName` varchar(100) CHARACTER SET utf8mb4 COLLATE utf8mb4_unicode_ci NOT NULL DEFAULT '',
  `sysLocation` varchar(255) CHARACTER SET utf8mb4 COLLATE utf8mb4_unicode_ci NOT NULL DEFAULT '',
  `sysContact` varchar(255) CHARACTER SET utf8mb4 COLLATE utf8mb4_unicode_ci NOT NULL DEFAULT '',
  `sysDescr` varchar(255) CHARACTER SET utf8mb4 COLLATE utf8mb4_unicode_ci NOT NULL DEFAULT '',
  `sysUptime` bigint unsigned NOT NULL DEFAULT '0',
  `os` varchar(64) CHARACTER SET utf8mb4 COLLATE utf8mb4_unicode_ci NOT NULL DEFAULT '',
  `snmp` tinyint unsigned NOT NULL DEFAULT '0',
  `known` tinyint unsigned NOT NULL DEFAULT '0',
  `up` tinyint unsigned NOT NULL DEFAULT '0',
  `time` int unsigned NOT NULL DEFAULT '0',
  PRIMARY KEY (`id`),
  UNIQUE KEY `ip` (`ip`),
  KEY `hostname` (`hostname`)
) ENGINE=InnoDB DEFAULT CHARSET=utf8mb4 COLLATE=utf8mb4_unicode_ci ROW_FORMAT=DYNAMIC COMMENT='Table of Discovered Devices';
/*!40101 SET character_set_client = @saved_cs_client */;

--
-- Dumping data for table `automation_devices`
--

LOCK TABLES `automation_devices` WRITE;
/*!40000 ALTER TABLE `automation_devices` DISABLE KEYS */;
/*!40000 ALTER TABLE `automation_devices` ENABLE KEYS */;
UNLOCK TABLES;

--
-- Table structure for table `automation_graph_rule_items`
--

DROP TABLE IF EXISTS `automation_graph_rule_items`;
/*!40101 SET @saved_cs_client     = @@character_set_client */;
/*!50503 SET character_set_client = utf8mb4 */;
CREATE TABLE `automation_graph_rule_items` (
  `id` mediumint unsigned NOT NULL AUTO_INCREMENT,
  `rule_id` mediumint unsigned NOT NULL DEFAULT '0',
  `sequence` smallint unsigned NOT NULL DEFAULT '0',
  `operation` smallint unsigned NOT NULL DEFAULT '0',
  `field` varchar(255) CHARACTER SET utf8mb4 COLLATE utf8mb4_unicode_ci NOT NULL DEFAULT '',
  `operator` smallint unsigned NOT NULL DEFAULT '0',
  `pattern` varchar(255) CHARACTER SET utf8mb4 COLLATE utf8mb4_unicode_ci NOT NULL DEFAULT '',
  PRIMARY KEY (`id`)
) ENGINE=InnoDB AUTO_INCREMENT=7 DEFAULT CHARSET=utf8mb4 COLLATE=utf8mb4_unicode_ci ROW_FORMAT=DYNAMIC COMMENT='Automation Graph Rule Items';
/*!40101 SET character_set_client = @saved_cs_client */;

--
-- Dumping data for table `automation_graph_rule_items`
--

LOCK TABLES `automation_graph_rule_items` WRITE;
/*!40000 ALTER TABLE `automation_graph_rule_items` DISABLE KEYS */;
INSERT INTO `automation_graph_rule_items` VALUES (1,1,1,0,'ifOperStatus',7,'Up'),(2,1,2,1,'ifIP',16,''),(3,1,3,1,'ifHwAddr',16,''),(4,2,1,0,'ifOperStatus',7,'Up'),(5,2,2,1,'ifIP',16,''),(6,2,3,1,'ifHwAddr',16,'');
/*!40000 ALTER TABLE `automation_graph_rule_items` ENABLE KEYS */;
UNLOCK TABLES;

--
-- Table structure for table `automation_graph_rules`
--

DROP TABLE IF EXISTS `automation_graph_rules`;
/*!40101 SET @saved_cs_client     = @@character_set_client */;
/*!50503 SET character_set_client = utf8mb4 */;
CREATE TABLE `automation_graph_rules` (
  `id` mediumint unsigned NOT NULL AUTO_INCREMENT,
  `name` varchar(255) CHARACTER SET utf8mb4 COLLATE utf8mb4_unicode_ci NOT NULL DEFAULT '',
  `snmp_query_id` smallint unsigned NOT NULL DEFAULT '0',
  `graph_type_id` smallint unsigned NOT NULL DEFAULT '0',
  `enabled` char(2) CHARACTER SET utf8mb4 COLLATE utf8mb4_unicode_ci DEFAULT '',
  PRIMARY KEY (`id`),
  KEY `name` (`name`(171))
) ENGINE=InnoDB AUTO_INCREMENT=4 DEFAULT CHARSET=utf8mb4 COLLATE=utf8mb4_unicode_ci ROW_FORMAT=DYNAMIC COMMENT='Automation Graph Rules';
/*!40101 SET character_set_client = @saved_cs_client */;

--
-- Dumping data for table `automation_graph_rules`
--

LOCK TABLES `automation_graph_rules` WRITE;
/*!40000 ALTER TABLE `automation_graph_rules` DISABLE KEYS */;
INSERT INTO `automation_graph_rules` VALUES (1,'Traffic 64 bit Server',1,12,'on'),(2,'Traffic 64 bit Server Linux',1,12,'on'),(3,'Disk Space',3,17,'on');
/*!40000 ALTER TABLE `automation_graph_rules` ENABLE KEYS */;
UNLOCK TABLES;

--
-- Table structure for table `automation_ips`
--

DROP TABLE IF EXISTS `automation_ips`;
/*!40101 SET @saved_cs_client     = @@character_set_client */;
/*!50503 SET character_set_client = utf8mb4 */;
CREATE TABLE `automation_ips` (
  `ip_address` varchar(20) CHARACTER SET utf8mb4 COLLATE utf8mb4_unicode_ci NOT NULL DEFAULT '',
  `hostname` varchar(100) CHARACTER SET utf8mb4 COLLATE utf8mb4_unicode_ci DEFAULT NULL,
  `network_id` int unsigned DEFAULT NULL,
  `pid` int unsigned DEFAULT NULL,
  `status` int unsigned DEFAULT NULL,
  `thread` int unsigned DEFAULT NULL,
  PRIMARY KEY (`ip_address`),
  KEY `pid` (`pid`)
) ENGINE=InnoDB DEFAULT CHARSET=utf8mb4 COLLATE=utf8mb4_unicode_ci ROW_FORMAT=DYNAMIC COMMENT='List of discoverable ip addresses used for scanning';
/*!40101 SET character_set_client = @saved_cs_client */;

--
-- Dumping data for table `automation_ips`
--

LOCK TABLES `automation_ips` WRITE;
/*!40000 ALTER TABLE `automation_ips` DISABLE KEYS */;
/*!40000 ALTER TABLE `automation_ips` ENABLE KEYS */;
UNLOCK TABLES;

--
-- Table structure for table `automation_match_rule_items`
--

DROP TABLE IF EXISTS `automation_match_rule_items`;
/*!40101 SET @saved_cs_client     = @@character_set_client */;
/*!50503 SET character_set_client = utf8mb4 */;
CREATE TABLE `automation_match_rule_items` (
  `id` mediumint unsigned NOT NULL AUTO_INCREMENT,
  `rule_id` mediumint unsigned NOT NULL DEFAULT '0',
  `rule_type` smallint unsigned NOT NULL DEFAULT '0',
  `sequence` smallint unsigned NOT NULL DEFAULT '0',
  `operation` smallint unsigned NOT NULL DEFAULT '0',
  `field` varchar(255) CHARACTER SET utf8mb4 COLLATE utf8mb4_unicode_ci NOT NULL DEFAULT '',
  `operator` smallint unsigned NOT NULL DEFAULT '0',
  `pattern` varchar(255) CHARACTER SET utf8mb4 COLLATE utf8mb4_unicode_ci NOT NULL DEFAULT '',
  PRIMARY KEY (`id`)
) ENGINE=InnoDB AUTO_INCREMENT=9 DEFAULT CHARSET=utf8mb4 COLLATE=utf8mb4_unicode_ci ROW_FORMAT=DYNAMIC COMMENT='Automation Match Rule Items';
/*!40101 SET character_set_client = @saved_cs_client */;

--
-- Dumping data for table `automation_match_rule_items`
--

LOCK TABLES `automation_match_rule_items` WRITE;
/*!40000 ALTER TABLE `automation_match_rule_items` DISABLE KEYS */;
INSERT INTO `automation_match_rule_items` VALUES (1,1,1,1,0,'h.snmp_sysDescr',8,''),(2,1,1,2,1,'h.snmp_version',12,'2'),(3,1,3,1,0,'ht.name',1,'Linux'),(4,2,1,1,0,'ht.name',1,'Linux'),(5,2,1,2,1,'h.snmp_version',12,'2'),(6,2,3,1,0,'ht.name',1,'SNMP'),(7,2,3,2,1,'gt.name',1,'Traffic'),(8,1,1,3,1,'h.snmp_sysDescr',2,'Windows');
/*!40000 ALTER TABLE `automation_match_rule_items` ENABLE KEYS */;
UNLOCK TABLES;

--
-- Table structure for table `automation_networks`
--

DROP TABLE IF EXISTS `automation_networks`;
/*!40101 SET @saved_cs_client     = @@character_set_client */;
/*!50503 SET character_set_client = utf8mb4 */;
CREATE TABLE `automation_networks` (
  `id` int unsigned NOT NULL AUTO_INCREMENT,
  `poller_id` int unsigned DEFAULT '1',
  `site_id` int unsigned DEFAULT '1',
  `name` varchar(128) CHARACTER SET utf8mb4 COLLATE utf8mb4_unicode_ci NOT NULL DEFAULT '' COMMENT 'The name for this network',
  `subnet_range` varchar(1024) CHARACTER SET utf8mb4 COLLATE utf8mb4_unicode_ci NOT NULL DEFAULT '' COMMENT 'Defined subnet ranges for discovery',
  `dns_servers` varchar(128) CHARACTER SET utf8mb4 COLLATE utf8mb4_unicode_ci NOT NULL DEFAULT '' COMMENT 'DNS Servers to use for name resolution',
  `enabled` char(2) CHARACTER SET utf8mb4 COLLATE utf8mb4_unicode_ci DEFAULT '',
  `notification_enabled` char(2) CHARACTER SET utf8mb4 COLLATE utf8mb4_unicode_ci DEFAULT '',
  `notification_email` varchar(255) CHARACTER SET utf8mb4 COLLATE utf8mb4_unicode_ci DEFAULT '',
  `notification_fromname` varchar(32) CHARACTER SET utf8mb4 COLLATE utf8mb4_unicode_ci DEFAULT '',
  `notification_fromemail` varchar(128) CHARACTER SET utf8mb4 COLLATE utf8mb4_unicode_ci DEFAULT '',
  `snmp_id` int unsigned DEFAULT NULL,
  `enable_netbios` char(2) CHARACTER SET utf8mb4 COLLATE utf8mb4_unicode_ci DEFAULT '',
  `add_to_cacti` char(2) CHARACTER SET utf8mb4 COLLATE utf8mb4_unicode_ci DEFAULT '',
  `same_sysname` char(2) CHARACTER SET utf8mb4 COLLATE utf8mb4_unicode_ci DEFAULT '',
  `total_ips` int unsigned DEFAULT '0',
  `up_hosts` int unsigned NOT NULL DEFAULT '0',
  `snmp_hosts` int unsigned NOT NULL DEFAULT '0',
  `ping_method` int unsigned NOT NULL DEFAULT '0' COMMENT 'The ping method (ICMP:TCP:UDP)',
  `ping_port` int unsigned NOT NULL DEFAULT '0' COMMENT 'For TCP:UDP the port to ping',
  `ping_timeout` int unsigned NOT NULL DEFAULT '0' COMMENT 'The ping timeout in seconds',
  `ping_retries` int unsigned DEFAULT '0',
  `sched_type` int unsigned NOT NULL DEFAULT '0' COMMENT 'Schedule type: manual or automatic',
  `threads` int unsigned DEFAULT '1',
  `run_limit` int unsigned DEFAULT '0' COMMENT 'The maximum runtime for the discovery',
  `start_at` varchar(20) CHARACTER SET utf8mb4 COLLATE utf8mb4_unicode_ci DEFAULT NULL,
  `next_start` timestamp NOT NULL DEFAULT '0000-00-00 00:00:00',
  `recur_every` int unsigned DEFAULT '1',
  `day_of_week` varchar(45) CHARACTER SET utf8mb4 COLLATE utf8mb4_unicode_ci DEFAULT NULL COMMENT 'The days of week to run in crontab format',
  `month` varchar(45) CHARACTER SET utf8mb4 COLLATE utf8mb4_unicode_ci DEFAULT NULL COMMENT 'The months to run in crontab format',
  `day_of_month` varchar(45) CHARACTER SET utf8mb4 COLLATE utf8mb4_unicode_ci DEFAULT NULL COMMENT 'The days of month to run in crontab format',
  `monthly_week` varchar(45) CHARACTER SET utf8mb4 COLLATE utf8mb4_unicode_ci DEFAULT NULL,
  `monthly_day` varchar(45) CHARACTER SET utf8mb4 COLLATE utf8mb4_unicode_ci DEFAULT NULL,
  `last_runtime` double NOT NULL DEFAULT '0' COMMENT 'The last runtime for discovery',
  `last_started` timestamp NOT NULL DEFAULT '0000-00-00 00:00:00' COMMENT 'The time the discovery last started',
  `last_status` varchar(128) CHARACTER SET utf8mb4 COLLATE utf8mb4_unicode_ci NOT NULL DEFAULT '' COMMENT 'The last exit message if any',
  `rerun_data_queries` char(2) CHARACTER SET utf8mb4 COLLATE utf8mb4_unicode_ci DEFAULT NULL COMMENT 'Rerun data queries or not for existing hosts',
  PRIMARY KEY (`id`),
  KEY `poller_id` (`poller_id`)
) ENGINE=InnoDB AUTO_INCREMENT=2 DEFAULT CHARSET=utf8mb4 COLLATE=utf8mb4_unicode_ci ROW_FORMAT=DYNAMIC COMMENT='Stores scanning subnet definitions';
/*!40101 SET character_set_client = @saved_cs_client */;

--
-- Dumping data for table `automation_networks`
--

LOCK TABLES `automation_networks` WRITE;
/*!40000 ALTER TABLE `automation_networks` DISABLE KEYS */;
INSERT INTO `automation_networks` VALUES (1,1,0,'Test Network','192.168.1.0/24','','','','','','',1,'on','on','',254,0,0,1,22,400,1,2,10,1200,'0000-00-00 00:00:00','0000-00-00 00:00:00',2,'4','','','','',0,'0000-00-00 00:00:00','','on');
/*!40000 ALTER TABLE `automation_networks` ENABLE KEYS */;
UNLOCK TABLES;

--
-- Table structure for table `automation_processes`
--

DROP TABLE IF EXISTS `automation_processes`;
/*!40101 SET @saved_cs_client     = @@character_set_client */;
/*!50503 SET character_set_client = utf8mb4 */;
CREATE TABLE `automation_processes` (
  `pid` int unsigned NOT NULL,
  `poller_id` int unsigned DEFAULT '1',
  `network_id` int unsigned NOT NULL DEFAULT '0',
  `task` varchar(20) CHARACTER SET utf8mb4 COLLATE utf8mb4_unicode_ci DEFAULT '',
  `status` varchar(20) CHARACTER SET utf8mb4 COLLATE utf8mb4_unicode_ci DEFAULT NULL,
  `command` varchar(20) CHARACTER SET utf8mb4 COLLATE utf8mb4_unicode_ci DEFAULT NULL,
  `up_hosts` int unsigned DEFAULT '0',
  `snmp_hosts` int unsigned DEFAULT '0',
  `heartbeat` timestamp NOT NULL DEFAULT '0000-00-00 00:00:00',
  PRIMARY KEY (`pid`,`network_id`)
) ENGINE=InnoDB DEFAULT CHARSET=utf8mb4 COLLATE=utf8mb4_unicode_ci ROW_FORMAT=DYNAMIC COMMENT='Table tracking active poller processes';
/*!40101 SET character_set_client = @saved_cs_client */;

--
-- Dumping data for table `automation_processes`
--

LOCK TABLES `automation_processes` WRITE;
/*!40000 ALTER TABLE `automation_processes` DISABLE KEYS */;
/*!40000 ALTER TABLE `automation_processes` ENABLE KEYS */;
UNLOCK TABLES;

--
-- Table structure for table `automation_snmp`
--

DROP TABLE IF EXISTS `automation_snmp`;
/*!40101 SET @saved_cs_client     = @@character_set_client */;
/*!50503 SET character_set_client = utf8mb4 */;
CREATE TABLE `automation_snmp` (
  `id` int unsigned NOT NULL AUTO_INCREMENT,
  `name` varchar(100) CHARACTER SET utf8mb4 COLLATE utf8mb4_unicode_ci NOT NULL DEFAULT '',
  PRIMARY KEY (`id`)
) ENGINE=InnoDB AUTO_INCREMENT=2 DEFAULT CHARSET=utf8mb4 COLLATE=utf8mb4_unicode_ci ROW_FORMAT=DYNAMIC COMMENT='Group of SNMP Option Sets';
/*!40101 SET character_set_client = @saved_cs_client */;

--
-- Dumping data for table `automation_snmp`
--

LOCK TABLES `automation_snmp` WRITE;
/*!40000 ALTER TABLE `automation_snmp` DISABLE KEYS */;
INSERT INTO `automation_snmp` VALUES (1,'Default Option Set');
/*!40000 ALTER TABLE `automation_snmp` ENABLE KEYS */;
UNLOCK TABLES;

--
-- Table structure for table `automation_snmp_items`
--

DROP TABLE IF EXISTS `automation_snmp_items`;
/*!40101 SET @saved_cs_client     = @@character_set_client */;
/*!50503 SET character_set_client = utf8mb4 */;
CREATE TABLE `automation_snmp_items` (
  `id` int unsigned NOT NULL AUTO_INCREMENT,
  `snmp_id` int unsigned NOT NULL DEFAULT '0',
  `sequence` int unsigned NOT NULL DEFAULT '0',
  `snmp_version` tinyint unsigned NOT NULL DEFAULT '1',
  `snmp_community` varchar(100) CHARACTER SET utf8mb4 COLLATE utf8mb4_unicode_ci NOT NULL,
  `snmp_port` mediumint unsigned NOT NULL DEFAULT '161',
  `snmp_timeout` int unsigned NOT NULL DEFAULT '500',
  `snmp_retries` tinyint unsigned NOT NULL DEFAULT '3',
  `max_oids` int unsigned DEFAULT '10',
  `bulk_walk_size` int DEFAULT '-1',
  `snmp_username` varchar(50) CHARACTER SET utf8mb4 COLLATE utf8mb4_unicode_ci DEFAULT NULL,
  `snmp_password` varchar(50) CHARACTER SET utf8mb4 COLLATE utf8mb4_unicode_ci DEFAULT NULL,
  `snmp_auth_protocol` char(6) CHARACTER SET utf8mb4 COLLATE utf8mb4_unicode_ci DEFAULT '',
  `snmp_priv_passphrase` varchar(200) CHARACTER SET utf8mb4 COLLATE utf8mb4_unicode_ci DEFAULT '',
  `snmp_priv_protocol` char(6) CHARACTER SET utf8mb4 COLLATE utf8mb4_unicode_ci DEFAULT '',
  `snmp_context` varchar(64) CHARACTER SET utf8mb4 COLLATE utf8mb4_unicode_ci DEFAULT '',
  `snmp_engine_id` varchar(64) CHARACTER SET utf8mb4 COLLATE utf8mb4_unicode_ci DEFAULT '',
  PRIMARY KEY (`id`,`snmp_id`)
) ENGINE=InnoDB AUTO_INCREMENT=3 DEFAULT CHARSET=utf8mb4 COLLATE=utf8mb4_unicode_ci ROW_FORMAT=DYNAMIC COMMENT='Set of SNMP Options';
/*!40101 SET character_set_client = @saved_cs_client */;

--
-- Dumping data for table `automation_snmp_items`
--

LOCK TABLES `automation_snmp_items` WRITE;
/*!40000 ALTER TABLE `automation_snmp_items` DISABLE KEYS */;
INSERT INTO `automation_snmp_items` VALUES (1,1,1,2,'public',161,1000,3,10,-1,'admin','baseball','MD5','','DES','',''),(2,1,2,2,'private',161,1000,3,10,-1,'admin','baseball','MD5','','DES','','');
/*!40000 ALTER TABLE `automation_snmp_items` ENABLE KEYS */;
UNLOCK TABLES;

--
-- Table structure for table `automation_templates`
--

DROP TABLE IF EXISTS `automation_templates`;
/*!40101 SET @saved_cs_client     = @@character_set_client */;
/*!50503 SET character_set_client = utf8mb4 */;
CREATE TABLE `automation_templates` (
  `id` int unsigned NOT NULL AUTO_INCREMENT,
  `host_template` int unsigned NOT NULL DEFAULT '0',
  `availability_method` int unsigned DEFAULT '2',
  `sysDescr` varchar(255) CHARACTER SET utf8mb4 COLLATE utf8mb4_unicode_ci DEFAULT '',
  `sysName` varchar(255) CHARACTER SET utf8mb4 COLLATE utf8mb4_unicode_ci DEFAULT '',
  `sysOid` varchar(60) CHARACTER SET utf8mb4 COLLATE utf8mb4_unicode_ci DEFAULT '',
  `sequence` int unsigned DEFAULT '0',
  PRIMARY KEY (`id`)
) ENGINE=InnoDB AUTO_INCREMENT=3 DEFAULT CHARSET=utf8mb4 COLLATE=utf8mb4_unicode_ci ROW_FORMAT=DYNAMIC COMMENT='Templates of SNMP Sys variables used for automation';
/*!40101 SET character_set_client = @saved_cs_client */;

--
-- Dumping data for table `automation_templates`
--

LOCK TABLES `automation_templates` WRITE;
/*!40000 ALTER TABLE `automation_templates` DISABLE KEYS */;
INSERT INTO `automation_templates` VALUES (1,3,2,'Linux','','',2),(2,1,2,'HP ETHERNET','','',1);
/*!40000 ALTER TABLE `automation_templates` ENABLE KEYS */;
UNLOCK TABLES;

--
-- Table structure for table `automation_tree_rule_items`
--

DROP TABLE IF EXISTS `automation_tree_rule_items`;
/*!40101 SET @saved_cs_client     = @@character_set_client */;
/*!50503 SET character_set_client = utf8mb4 */;
CREATE TABLE `automation_tree_rule_items` (
  `id` mediumint unsigned NOT NULL AUTO_INCREMENT,
  `rule_id` mediumint unsigned NOT NULL DEFAULT '0',
  `sequence` smallint unsigned NOT NULL DEFAULT '0',
  `field` varchar(255) CHARACTER SET utf8mb4 COLLATE utf8mb4_unicode_ci NOT NULL DEFAULT '',
  `sort_type` smallint unsigned NOT NULL DEFAULT '0',
  `propagate_changes` char(2) CHARACTER SET utf8mb4 COLLATE utf8mb4_unicode_ci DEFAULT '',
  `search_pattern` varchar(255) CHARACTER SET utf8mb4 COLLATE utf8mb4_unicode_ci NOT NULL DEFAULT '',
  `replace_pattern` varchar(255) CHARACTER SET utf8mb4 COLLATE utf8mb4_unicode_ci NOT NULL DEFAULT '',
  PRIMARY KEY (`id`)
) ENGINE=InnoDB AUTO_INCREMENT=5 DEFAULT CHARSET=utf8mb4 COLLATE=utf8mb4_unicode_ci ROW_FORMAT=DYNAMIC COMMENT='Automation Tree Rule Items';
/*!40101 SET character_set_client = @saved_cs_client */;

--
-- Dumping data for table `automation_tree_rule_items`
--

LOCK TABLES `automation_tree_rule_items` WRITE;
/*!40000 ALTER TABLE `automation_tree_rule_items` DISABLE KEYS */;
INSERT INTO `automation_tree_rule_items` VALUES (1,1,1,'ht.name',1,'','^(.*)\\s*Linux\\s*(.*)$','${1}\\n${2}'),(2,1,2,'h.hostname',1,'','^(\\w*)\\s*(\\w*)\\s*(\\w*).*$',''),(3,2,1,'0',2,'on','Traffic',''),(4,2,2,'gtg.title_cache',1,'','^(.*)\\s*-\\s*Traffic -\\s*(.*)$','${1}\\n${2}');
/*!40000 ALTER TABLE `automation_tree_rule_items` ENABLE KEYS */;
UNLOCK TABLES;

--
-- Table structure for table `automation_tree_rules`
--

DROP TABLE IF EXISTS `automation_tree_rules`;
/*!40101 SET @saved_cs_client     = @@character_set_client */;
/*!50503 SET character_set_client = utf8mb4 */;
CREATE TABLE `automation_tree_rules` (
  `id` mediumint unsigned NOT NULL AUTO_INCREMENT,
  `name` varchar(255) CHARACTER SET utf8mb4 COLLATE utf8mb4_unicode_ci NOT NULL DEFAULT '',
  `tree_id` smallint unsigned NOT NULL DEFAULT '0',
  `tree_item_id` mediumint unsigned NOT NULL DEFAULT '0',
  `leaf_type` smallint unsigned NOT NULL DEFAULT '0',
  `host_grouping_type` smallint unsigned NOT NULL DEFAULT '0',
  `enabled` char(2) CHARACTER SET utf8mb4 COLLATE utf8mb4_unicode_ci DEFAULT '',
  PRIMARY KEY (`id`),
  KEY `name` (`name`(171))
) ENGINE=InnoDB AUTO_INCREMENT=3 DEFAULT CHARSET=utf8mb4 COLLATE=utf8mb4_unicode_ci ROW_FORMAT=DYNAMIC COMMENT='Automation Tree Rules';
/*!40101 SET character_set_client = @saved_cs_client */;

--
-- Dumping data for table `automation_tree_rules`
--

LOCK TABLES `automation_tree_rules` WRITE;
/*!40000 ALTER TABLE `automation_tree_rules` DISABLE KEYS */;
INSERT INTO `automation_tree_rules` VALUES (1,'New Device',1,0,3,1,'on'),(2,'New Graph',1,0,2,1,'');
/*!40000 ALTER TABLE `automation_tree_rules` ENABLE KEYS */;
UNLOCK TABLES;

--
-- Table structure for table `cdef`
--

DROP TABLE IF EXISTS `cdef`;
/*!40101 SET @saved_cs_client     = @@character_set_client */;
/*!50503 SET character_set_client = utf8mb4 */;
CREATE TABLE `cdef` (
  `id` mediumint unsigned NOT NULL AUTO_INCREMENT,
  `hash` varchar(32) CHARACTER SET utf8mb4 COLLATE utf8mb4_unicode_ci NOT NULL DEFAULT '',
  `system` mediumint unsigned NOT NULL DEFAULT '0',
  `name` varchar(255) CHARACTER SET utf8mb4 COLLATE utf8mb4_unicode_ci NOT NULL DEFAULT '',
  PRIMARY KEY (`id`),
  KEY `hash` (`hash`),
  KEY `name` (`name`(171))
) ENGINE=InnoDB AUTO_INCREMENT=16 DEFAULT CHARSET=utf8mb4 COLLATE=utf8mb4_unicode_ci ROW_FORMAT=DYNAMIC;
/*!40101 SET character_set_client = @saved_cs_client */;

--
-- Dumping data for table `cdef`
--

LOCK TABLES `cdef` WRITE;
/*!40000 ALTER TABLE `cdef` DISABLE KEYS */;
INSERT INTO `cdef` VALUES (2,'73f95f8b77b5508157d64047342c421e',0,'Turn Bytes into Bits'),(3,'3d352eed9fa8f7b2791205b3273708c7',0,'Make Stack Negative'),(4,'e961cc8ec04fda6ed4981cf5ad501aa5',0,'Make Per 5 Minutes'),(12,'f1ac79f05f255c02f914c920f1038c54',0,'Total All Data Sources'),(14,'634a23af5e78af0964e8d33b1a4ed26b',0,'Multiply by 1024'),(15,'068984b5ccdfd2048869efae5166f722',0,'Total All Data Sources, Multiply by 1024');
/*!40000 ALTER TABLE `cdef` ENABLE KEYS */;
UNLOCK TABLES;

--
-- Table structure for table `cdef_items`
--

DROP TABLE IF EXISTS `cdef_items`;
/*!40101 SET @saved_cs_client     = @@character_set_client */;
/*!50503 SET character_set_client = utf8mb4 */;
CREATE TABLE `cdef_items` (
  `id` mediumint unsigned NOT NULL AUTO_INCREMENT,
  `hash` varchar(32) CHARACTER SET utf8mb4 COLLATE utf8mb4_unicode_ci NOT NULL DEFAULT '',
  `cdef_id` mediumint unsigned NOT NULL DEFAULT '0',
  `sequence` mediumint unsigned NOT NULL DEFAULT '0',
  `type` tinyint unsigned NOT NULL DEFAULT '0',
  `value` varchar(150) CHARACTER SET utf8mb4 COLLATE utf8mb4_unicode_ci NOT NULL DEFAULT '',
  PRIMARY KEY (`id`),
  KEY `cdef_id_sequence` (`cdef_id`,`sequence`)
) ENGINE=InnoDB AUTO_INCREMENT=24 DEFAULT CHARSET=utf8mb4 COLLATE=utf8mb4_unicode_ci ROW_FORMAT=DYNAMIC;
/*!40101 SET character_set_client = @saved_cs_client */;

--
-- Dumping data for table `cdef_items`
--

LOCK TABLES `cdef_items` WRITE;
/*!40000 ALTER TABLE `cdef_items` DISABLE KEYS */;
INSERT INTO `cdef_items` VALUES (7,'9bbf6b792507bb9bb17d2af0970f9be9',2,1,4,'CURRENT_DATA_SOURCE'),(8,'caa4e023ac2d7b1c4b4c8c4adfd55dfe',2,3,2,'3'),(9,'a4b8eb2c3bf4920a3ef571a7a004be53',2,2,6,'8'),(10,'c888c9fe6b62c26c4bfe23e18991731d',3,1,4,'CURRENT_DATA_SOURCE'),(11,'1e1d0b29a94e08b648c8f053715442a0',3,3,2,'3'),(12,'4355c197998c7f8b285be7821ddc6da4',3,2,6,'-1'),(13,'40bb7a1143b0f2e2efca14eb356236de',4,1,4,'CURRENT_DATA_SOURCE'),(14,'42686ea0925c0220924b7d333599cd67',4,3,2,'3'),(15,'faf1b148b2c0e0527362ed5b8ca1d351',4,2,6,'300'),(16,'0ef6b8a42dc83b4e43e437960fccd2ea',12,1,4,'ALL_DATA_SOURCES_NODUPS'),(18,'86370cfa0008fe8c56b28be80ee39a40',14,1,4,'CURRENT_DATA_SOURCE'),(19,'9a35cc60d47691af37f6fddf02064e20',14,2,6,'1024'),(20,'5d7a7941ec0440b257e5598a27dd1688',14,3,2,'3'),(21,'44fd595c60539ff0f5817731d9f43a85',15,1,4,'ALL_DATA_SOURCES_NODUPS'),(22,'aa38be265e5ac31783e57ce6f9314e9a',15,2,6,'1024'),(23,'204423d4b2598f1f7252eea19458345c',15,3,2,'3');
/*!40000 ALTER TABLE `cdef_items` ENABLE KEYS */;
UNLOCK TABLES;

--
-- Table structure for table `color_template_items`
--

DROP TABLE IF EXISTS `color_template_items`;
/*!40101 SET @saved_cs_client     = @@character_set_client */;
/*!50503 SET character_set_client = utf8mb4 */;
CREATE TABLE `color_template_items` (
  `color_template_item_id` int unsigned NOT NULL AUTO_INCREMENT,
  `color_template_id` mediumint unsigned NOT NULL DEFAULT '0',
  `color_id` mediumint unsigned NOT NULL DEFAULT '0',
  `sequence` mediumint unsigned NOT NULL DEFAULT '0',
  PRIMARY KEY (`color_template_item_id`)
) ENGINE=InnoDB AUTO_INCREMENT=45 DEFAULT CHARSET=utf8mb4 COLLATE=utf8mb4_unicode_ci ROW_FORMAT=DYNAMIC COMMENT='Color Items for Color Templates';
/*!40101 SET character_set_client = @saved_cs_client */;

--
-- Dumping data for table `color_template_items`
--

LOCK TABLES `color_template_items` WRITE;
/*!40000 ALTER TABLE `color_template_items` DISABLE KEYS */;
INSERT INTO `color_template_items` VALUES (1,1,4,1),(2,1,24,2),(3,1,98,3),(4,1,25,4),(5,2,25,1),(6,2,29,2),(7,2,30,3),(8,2,31,4),(9,2,33,5),(10,2,35,6),(11,2,41,7),(12,2,9,8),(13,3,15,1),(14,3,31,2),(15,3,28,3),(16,3,8,4),(17,3,34,5),(18,3,33,6),(19,3,35,7),(20,3,41,8),(21,3,36,9),(22,3,42,10),(23,3,44,11),(24,3,48,12),(25,3,9,13),(26,3,49,14),(27,3,51,15),(28,3,52,16),(29,4,76,1),(30,4,84,2),(31,4,89,3),(32,4,17,4),(33,4,86,5),(34,4,88,6),(35,4,90,7),(36,4,94,8),(37,4,96,9),(38,4,93,10),(39,4,91,11),(40,4,22,12),(41,4,12,13),(42,4,95,14),(43,4,6,15),(44,4,92,16);
/*!40000 ALTER TABLE `color_template_items` ENABLE KEYS */;
UNLOCK TABLES;

--
-- Table structure for table `color_templates`
--

DROP TABLE IF EXISTS `color_templates`;
/*!40101 SET @saved_cs_client     = @@character_set_client */;
/*!50503 SET character_set_client = utf8mb4 */;
CREATE TABLE `color_templates` (
  `color_template_id` mediumint unsigned NOT NULL AUTO_INCREMENT,
  `name` varchar(255) CHARACTER SET utf8mb4 COLLATE utf8mb4_unicode_ci NOT NULL DEFAULT '',
  PRIMARY KEY (`color_template_id`)
) ENGINE=InnoDB AUTO_INCREMENT=5 DEFAULT CHARSET=utf8mb4 COLLATE=utf8mb4_unicode_ci ROW_FORMAT=DYNAMIC COMMENT='Color Templates';
/*!40101 SET character_set_client = @saved_cs_client */;

--
-- Dumping data for table `color_templates`
--

LOCK TABLES `color_templates` WRITE;
/*!40000 ALTER TABLE `color_templates` DISABLE KEYS */;
INSERT INTO `color_templates` VALUES (1,'Yellow: light -> dark, 4 colors'),(2,'Red: light yellow > dark red, 8 colors'),(3,'Red: light -> dark, 16 colors'),(4,'Green: dark -> light, 16 colors');
/*!40000 ALTER TABLE `color_templates` ENABLE KEYS */;
UNLOCK TABLES;

--
-- Table structure for table `colors`
--

DROP TABLE IF EXISTS `colors`;
/*!40101 SET @saved_cs_client     = @@character_set_client */;
/*!50503 SET character_set_client = utf8mb4 */;
CREATE TABLE `colors` (
  `id` mediumint unsigned NOT NULL AUTO_INCREMENT,
  `name` varchar(40) CHARACTER SET utf8mb4 COLLATE utf8mb4_unicode_ci DEFAULT '',
  `hex` varchar(6) CHARACTER SET utf8mb4 COLLATE utf8mb4_unicode_ci NOT NULL DEFAULT '',
  `read_only` char(2) CHARACTER SET utf8mb4 COLLATE utf8mb4_unicode_ci DEFAULT '',
  PRIMARY KEY (`id`),
  UNIQUE KEY `hex` (`hex`)
) ENGINE=InnoDB AUTO_INCREMENT=440 DEFAULT CHARSET=utf8mb4 COLLATE=utf8mb4_unicode_ci ROW_FORMAT=DYNAMIC;
/*!40101 SET character_set_client = @saved_cs_client */;

--
-- Dumping data for table `colors`
--

LOCK TABLES `colors` WRITE;
/*!40000 ALTER TABLE `colors` DISABLE KEYS */;
INSERT INTO `colors` VALUES (1,'Black','000000','on'),(2,'White','FFFFFF','on'),(4,'','FAFD9E',''),(5,'','C0C0C0',''),(6,'','74C366',''),(7,'','6DC8FE',''),(8,'','EA8F00',''),(9,'Red','FF0000','on'),(10,'','4444FF',''),(11,'Magenta','FF00FF','on'),(12,'Green','00FF00','on'),(13,'','8D85F3',''),(14,'','AD3B6E',''),(15,'','EACC00',''),(16,'','12B3B5',''),(17,'','157419',''),(18,'','C4FD3D',''),(19,'','817C4E',''),(20,'','002A97',''),(21,'','0000FF',''),(22,'','00CF00',''),(24,'','F9FD5F',''),(25,'','FFF200',''),(26,'','CCBB00',''),(27,'','837C04',''),(28,'','EAAF00',''),(29,'','FFD660',''),(30,'','FFC73B',''),(31,'','FFAB00',''),(33,'','FF7D00',''),(34,'','ED7600',''),(35,'','FF5700',''),(36,'','EE5019',''),(37,'','B1441E',''),(38,'','FFC3C0',''),(39,'','FF897C',''),(40,'','FF6044',''),(41,'','FF4105',''),(42,'','DA4725',''),(43,'','942D0C',''),(44,'','FF3932',''),(45,'','862F2F',''),(46,'','FF5576',''),(47,'','562B29',''),(48,'','F51D30',''),(49,'','DE0056',''),(50,'','ED5394',''),(51,'','B90054',''),(52,'','8F005C',''),(53,'','F24AC8',''),(54,'','E8CDEF',''),(55,'','D8ACE0',''),(56,'','A150AA',''),(57,'','750F7D',''),(58,'','8D00BA',''),(59,'','623465',''),(60,'','55009D',''),(61,'','3D168B',''),(62,'','311F4E',''),(63,'','D2D8F9',''),(64,'','9FA4EE',''),(65,'','6557D0',''),(66,'','4123A1',''),(67,'','4668E4',''),(68,'','0D006A',''),(69,'','00004D',''),(70,'','001D61',''),(71,'','00234B',''),(72,'','002A8F',''),(73,'','2175D9',''),(74,'','7CB3F1',''),(75,'','005199',''),(76,'','004359',''),(77,'','00A0C1',''),(78,'','007283',''),(79,'','00BED9',''),(80,'','AFECED',''),(81,'','55D6D3',''),(82,'','00BBB4',''),(83,'','009485',''),(84,'','005D57',''),(85,'','008A77',''),(86,'','008A6D',''),(87,'','00B99B',''),(88,'','009F67',''),(89,'','00694A',''),(90,'','00A348',''),(91,'','00BF47',''),(92,'','96E78A',''),(93,'','00BD27',''),(94,'','35962B',''),(95,'','7EE600',''),(96,'','6EA100',''),(97,'','CAF100',''),(98,'','F5F800',''),(99,'','CDCFC4',''),(100,'','BCBEB3',''),(101,'','AAABA1',''),(102,'','8F9286',''),(103,'','797C6E',''),(104,'','2E3127',''),(105,'Night','0C090A','on'),(106,'Gunmetal','2C3539','on'),(107,'Midnight','2B1B17','on'),(108,'Charcoal','34282C','on'),(109,'Dark Slate Grey','25383C','on'),(110,'Oil','3B3131','on'),(111,'Black Cat','413839','on'),(112,'Iridium','3D3C3A','on'),(113,'Black Eel','463E3F','on'),(114,'Black Cow','4C4646','on'),(115,'Gray Wolf','504A4B','on'),(116,'Vampire Gray','565051','on'),(117,'Gray Dolphin','5C5858','on'),(118,'Carbon Gray','625D5D','on'),(119,'Ash Gray','666362','on'),(120,'Cloudy Gray','6D6968','on'),(121,'Smokey Gray','726E6D','on'),(122,'Gray','736F6E','on'),(123,'Granite','837E7C','on'),(124,'Battleship Gray','848482','on'),(125,'Gray Cloud','B6B6B4','on'),(126,'Gray Goose','D1D0CE','on'),(127,'Platinum','E5E4E2','on'),(128,'Metallic Silver','BCC6CC','on'),(129,'Blue Gray','98AFC7','on'),(130,'Light Slate Gray','6D7B8D','on'),(131,'Slate Gray','657383','on'),(132,'Jet Gray','616D7E','on'),(133,'Mist Blue','646D7E','on'),(134,'Marble Blue','566D7E','on'),(135,'Slate Blue','737CA1','on'),(136,'Steel Blue','4863A0','on'),(137,'Blue Jay','2B547E','on'),(138,'Dark Slate Blue','2B3856','on'),(139,'Midnight Blue','151B54','on'),(140,'Navy Blue','000080','on'),(141,'Blue Whale','342D7E','on'),(142,'Lapis Blue','15317E','on'),(143,'Cornflower Blue','151B8D','on'),(144,'Earth Blue','0000A0','on'),(145,'Cobalt Blue','0020C2','on'),(146,'Blueberry Blue','0041C2','on'),(147,'Sapphire Blue','2554C7','on'),(148,'Blue Eyes','1569C7','on'),(149,'Royal Blue','2B60DE','on'),(150,'Blue Orchid','1F45FC','on'),(151,'Blue Lotus','6960EC','on'),(152,'Light Slate Blue','736AFF','on'),(153,'Slate Blue','357EC7','on'),(154,'Glacial Blue Ice','368BC1','on'),(155,'Silk Blue','488AC7','on'),(156,'Blue Ivy','3090C7','on'),(157,'Blue Koi','659EC7','on'),(158,'Columbia Blue','87AFC7','on'),(159,'Baby Blue','95B9C7','on'),(160,'Light Steel Blue','728FCE','on'),(161,'Ocean Blue','2B65EC','on'),(162,'Blue Ribbon','306EFF','on'),(163,'Blue Dress','157DEC','on'),(164,'Dodger Blue','1589FF','on'),(165,'Cornflower Blue','6495ED','on'),(166,'Sky Blue','6698FF','on'),(167,'Butterfly Blue','38ACEC','on'),(168,'Iceberg','56A5EC','on'),(169,'Crystal Blue','5CB3FF','on'),(170,'Deep Sky Blue','3BB9FF','on'),(171,'Denim Blue','79BAEC','on'),(172,'Light Sky Blue','82CAFA','on'),(173,'Day Sky Blue','82CAFF','on'),(174,'Jeans Blue','A0CFEC','on'),(175,'Blue Angel','B7CEEC','on'),(176,'Pastel Blue','B4CFEC','on'),(177,'Sea Blue','C2DFFF','on'),(178,'Powder Blue','C6DEFF','on'),(179,'Coral Blue','AFDCEC','on'),(180,'Light Blue','ADDFFF','on'),(181,'Robin Egg Blue','BDEDFF','on'),(182,'Pale Blue Lily','CFECEC','on'),(183,'Light Cyan','E0FFFF','on'),(184,'Water','EBF4FA','on'),(185,'Alice Blue','F0F8FF','on'),(186,'Azure','F0FFFF','on'),(187,'Light Slate','CCFFFF','on'),(188,'Light Aquamarine','93FFE8','on'),(189,'Electric Blue','9AFEFF','on'),(190,'Aquamarine','7FFFD4','on'),(191,'Cyan or Aqua','00FFFF','on'),(192,'Tron Blue','7DFDFE','on'),(193,'Blue Zircon','57FEFF','on'),(194,'Blue Lagoon','8EEBEC','on'),(195,'Celeste','50EBEC','on'),(196,'Blue Diamond','4EE2EC','on'),(197,'Tiffany Blue','81D8D0','on'),(198,'Cyan Opaque','92C7C7','on'),(199,'Blue Hosta','77BFC7','on'),(200,'Northern Lights Blue','78C7C7','on'),(201,'Medium Turquoise','48CCCD','on'),(202,'Turquoise','43C6DB','on'),(203,'Jellyfish','46C7C7','on'),(204,'Macaw Blue Green','43BFC7','on'),(205,'Light Sea Green','3EA99F','on'),(206,'Dark Turquoise','3B9C9C','on'),(207,'Sea Turtle Green','438D80','on'),(208,'Medium Aquamarine','348781','on'),(209,'Greenish Blue','307D7E','on'),(210,'Grayish Turquoise','5E7D7E','on'),(211,'Beetle Green','4C787E','on'),(212,'Teal','008080','on'),(213,'Sea Green','4E8975','on'),(214,'Camouflage Green','78866B','on'),(215,'Sage Green','848b79','on'),(216,'Hazel Green','617C58','on'),(217,'Venom Green','728C00','on'),(218,'Fern Green','667C26','on'),(219,'Dark Forrest Green','254117','on'),(220,'Medium Sea Green','306754','on'),(221,'Medium Forest Green','347235','on'),(222,'Seaweed Green','437C17','on'),(223,'Pine Green','387C44','on'),(224,'Jungle Green','347C2C','on'),(225,'Shamrock Green','347C17','on'),(226,'Medium Spring Green','348017','on'),(227,'Forest Green','4E9258','on'),(228,'Green Onion','6AA121','on'),(229,'Spring Green','4AA02C','on'),(230,'Lime Green','41A317','on'),(231,'Clover Green','3EA055','on'),(232,'Green Snake','6CBB3C','on'),(233,'Alien Green','6CC417','on'),(234,'Green Apple','4CC417','on'),(235,'Yellow Green','52D017','on'),(236,'Kelly Green','4CC552','on'),(237,'Zombie Green','54C571','on'),(238,'Frog Green','99C68E','on'),(239,'Green Peas','89C35C','on'),(240,'Dollar Bill Green','85BB65','on'),(241,'Dark Sea Green','8BB381','on'),(242,'Iguana Green','9CB071','on'),(243,'Avocado Green','B2C248','on'),(244,'Pistachio Green','9DC209','on'),(245,'Salad Green','A1C935','on'),(246,'Hummingbird Green','7FE817','on'),(247,'Nebula Green','59E817','on'),(248,'Stoplight Go Green','57E964','on'),(249,'Algae Green','64E986','on'),(250,'Jade Green','5EFB6E','on'),(251,'Emerald Green','5FFB17','on'),(252,'Lawn Green','87F717','on'),(253,'Chartreuse','8AFB17','on'),(254,'Dragon Green','6AFB92','on'),(255,'Mint green','98FF98','on'),(256,'Green Thumb','B5EAAA','on'),(257,'Light Jade','C3FDB8','on'),(258,'Tea Green','CCFB5D','on'),(259,'Green Yellow','B1FB17','on'),(260,'Slime Green','BCE954','on'),(261,'Goldenrod','EDDA74','on'),(262,'Harvest Gold','EDE275','on'),(263,'Sun Yellow','FFE87C','on'),(264,'Yellow','FFFF00','on'),(265,'Corn Yellow','FFF380','on'),(266,'Parchment','FFFFC2','on'),(267,'Cream','FFFFCC','on'),(268,'Lemon Chiffon','FFF8C6','on'),(269,'Cornsilk','FFF8DC','on'),(270,'Beige','F5F5DC','on'),(271,'Blonde','FBF6D9','on'),(272,'Antique White','FAEBD7','on'),(273,'Champagne','F7E7CE','on'),(274,'Blanched Almond','FFEBCD','on'),(275,'Vanilla','F3E5AB','on'),(276,'Tan Brown','ECE5B6','on'),(277,'Peach','FFE5B4','on'),(278,'Mustard','FFDB58','on'),(279,'Rubber Ducky Yellow','FFD801','on'),(280,'Bright Gold','FDD017','on'),(281,'Golden Brown','EAC117','on'),(282,'Macaroni and Cheese','F2BB66','on'),(283,'Saffron','FBB917','on'),(284,'Beer','FBB117','on'),(285,'Cantaloupe','FFA62F','on'),(286,'Bee Yellow','E9AB17','on'),(287,'Brown Sugar','E2A76F','on'),(288,'BurlyWood','DEB887','on'),(289,'Deep Peach','FFCBA4','on'),(290,'Ginger Brown','C9BE62','on'),(291,'School Bus Yellow','E8A317','on'),(292,'Sandy Brown','EE9A4D','on'),(293,'Fall Leaf Brown','C8B560','on'),(294,'Orange Gold','D4A017','on'),(295,'Sand','C2B280','on'),(296,'Cookie Brown','C7A317','on'),(297,'Caramel','C68E17','on'),(298,'Brass','B5A642','on'),(299,'Khaki','ADA96E','on'),(300,'Camel Brown','C19A6B','on'),(301,'Bronze','CD7F32','on'),(302,'Tiger Orange','C88141','on'),(303,'Cinnamon','C58917','on'),(304,'Bullet Shell','AF9B60','on'),(305,'Dark Goldenrod','AF7817','on'),(306,'Copper','B87333','on'),(307,'Wood','966F33','on'),(308,'Oak Brown','806517','on'),(309,'Moccasin','827839','on'),(310,'Army Brown','827B60','on'),(311,'Sandstone','786D5F','on'),(312,'Mocha','493D26','on'),(313,'Taupe','483C32','on'),(314,'Coffee','6F4E37','on'),(315,'Brown Bear','835C3B','on'),(316,'Red Dirt','7F5217','on'),(317,'Sepia','7F462C','on'),(318,'Orange Salmon','C47451','on'),(319,'Rust','C36241','on'),(320,'Red Fox','C35817','on'),(321,'Chocolate','C85A17','on'),(322,'Sedona','CC6600','on'),(323,'Papaya Orange','E56717','on'),(324,'Halloween Orange','E66C2C','on'),(325,'Pumpkin Orange','F87217','on'),(326,'Construction Cone Orange','F87431','on'),(327,'Sunrise Orange','E67451','on'),(328,'Mango Orange','FF8040','on'),(329,'Dark Orange','F88017','on'),(330,'Coral','FF7F50','on'),(331,'Basket Ball Orange','F88158','on'),(332,'Light Salmon','F9966B','on'),(333,'Tangerine','E78A61','on'),(334,'Dark Salmon','E18B6B','on'),(335,'Light Coral','E77471','on'),(336,'Bean Red','F75D59','on'),(337,'Valentine Red','E55451','on'),(338,'Shocking Orange','E55B3C','on'),(339,'Scarlet','FF2400','on'),(340,'Ruby Red','F62217','on'),(341,'Ferrari Red','F70D1A','on'),(342,'Fire Engine Red','F62817','on'),(343,'Lava Red','E42217','on'),(344,'Love Red','E41B17','on'),(345,'Grapefruit','DC381F','on'),(346,'Chestnut Red','C34A2C','on'),(347,'Cherry Red','C24641','on'),(348,'Mahogany','C04000','on'),(349,'Chilli Pepper','C11B17','on'),(350,'Cranberry','9F000F','on'),(351,'Red Wine','990012','on'),(352,'Burgundy','8C001A','on'),(353,'Chestnut','954535','on'),(354,'Blood Red','7E3517','on'),(355,'Sienna','8A4117','on'),(356,'Sangria','7E3817','on'),(357,'Firebrick','800517','on'),(358,'Maroon','810541','on'),(359,'Plum Pie','7D0541','on'),(360,'Velvet Maroon','7E354D','on'),(361,'Plum Velvet','7D0552','on'),(362,'Rosy Finch','7F4E52','on'),(363,'Puce','7F5A58','on'),(364,'Dull Purple','7F525D','on'),(365,'Rosy Brown','B38481','on'),(366,'Khaki Rose','C5908E','on'),(367,'Pink Bow','C48189','on'),(368,'Lipstick Pink','C48793','on'),(369,'Rose','E8ADAA','on'),(370,'Desert Sand','EDC9AF','on'),(371,'Pig Pink','FDD7E4','on'),(372,'Cotton Candy','FCDFFF','on'),(373,'Pink Bubblegum','FFDFDD','on'),(374,'Misty Rose','FBBBB9','on'),(375,'Pink','FAAFBE','on'),(376,'Light Pink','FAAFBA','on'),(377,'Flamingo Pink','F9A7B0','on'),(378,'Pink Rose','E7A1B0','on'),(379,'Pink Daisy','E799A3','on'),(380,'Cadillac Pink','E38AAE','on'),(381,'Carnation Pink','F778A1','on'),(382,'Blush Red','E56E94','on'),(383,'Hot Pink','F660AB','on'),(384,'Watermelon Pink','FC6C85','on'),(385,'Violet Red','F6358A','on'),(386,'Deep Pink','F52887','on'),(387,'Pink Cupcake','E45E9D','on'),(388,'Pink Lemonade','E4287C','on'),(389,'Neon Pink','F535AA','on'),(390,'Dimorphotheca Magenta','E3319D','on'),(391,'Bright Neon Pink','F433FF','on'),(392,'Pale Violet Red','D16587','on'),(393,'Tulip Pink','C25A7C','on'),(394,'Medium Violet Red','CA226B','on'),(395,'Rogue Pink','C12869','on'),(396,'Burnt Pink','C12267','on'),(397,'Bashful Pink','C25283','on'),(398,'Carnation Pink','C12283','on'),(399,'Plum','B93B8F','on'),(400,'Viola Purple','7E587E','on'),(401,'Purple Iris','571B7E','on'),(402,'Plum Purple','583759','on'),(403,'Indigo','4B0082','on'),(404,'Purple Monster','461B7E','on'),(405,'Purple Haze','4E387E','on'),(406,'Eggplant','614051','on'),(407,'Grape','5E5A80','on'),(408,'Purple Jam','6A287E','on'),(409,'Dark Orchid','7D1B7E','on'),(410,'Purple Flower','A74AC7','on'),(411,'Medium Orchid','B048B5','on'),(412,'Purple Amethyst','6C2DC7','on'),(413,'Dark Violet','842DCE','on'),(414,'Violet','8D38C9','on'),(415,'Purple Sage Bush','7A5DC7','on'),(416,'Lovely Purple','7F38EC','on'),(417,'Purple','8E35EF','on'),(418,'Aztech Purple','893BFF','on'),(419,'Medium Purple','8467D7','on'),(420,'Jasmine Purple','A23BEC','on'),(421,'Purple Daffodil','B041FF','on'),(422,'Tyrian Purple','C45AEC','on'),(423,'Crocus Purple','9172EC','on'),(424,'Purple Mimosa','9E7BFF','on'),(425,'Heliotrope Purple','D462FF','on'),(426,'Crimson','E238EC','on'),(427,'Purple Dragon','C38EC7','on'),(428,'Lilac','C8A2C8','on'),(429,'Blush Pink','E6A9EC','on'),(430,'Mauve','E0B0FF','on'),(431,'Wisteria Purple','C6AEC7','on'),(432,'Blossom Pink','F9B7FF','on'),(433,'Thistle','D2B9D3','on'),(434,'Periwinkle','E9CFEC','on'),(435,'Lavender Pinocchio','EBDDE2','on'),(436,'Lavender Blue','E3E4FA','on'),(437,'Pearl','FDEEF4','on'),(438,'SeaShell','FFF5EE','on'),(439,'Milk White','FEFCFF','on');
/*!40000 ALTER TABLE `colors` ENABLE KEYS */;
UNLOCK TABLES;

--
-- Table structure for table `data_debug`
--

DROP TABLE IF EXISTS `data_debug`;
/*!40101 SET @saved_cs_client     = @@character_set_client */;
/*!50503 SET character_set_client = utf8mb4 */;
CREATE TABLE `data_debug` (
  `id` int unsigned NOT NULL AUTO_INCREMENT,
  `started` int unsigned NOT NULL DEFAULT '0',
  `done` int unsigned NOT NULL DEFAULT '0',
  `user` int unsigned NOT NULL DEFAULT '0',
  `datasource` int unsigned NOT NULL DEFAULT '0',
  `info` mediumtext CHARACTER SET utf8mb4 COLLATE utf8mb4_unicode_ci NOT NULL,
  `issue` mediumtext CHARACTER SET utf8mb4 COLLATE utf8mb4_unicode_ci NOT NULL,
  PRIMARY KEY (`id`),
  KEY `user` (`user`),
  KEY `done` (`done`),
  KEY `datasource` (`datasource`),
  KEY `started` (`started`)
) ENGINE=InnoDB DEFAULT CHARSET=utf8mb4 COLLATE=utf8mb4_unicode_ci ROW_FORMAT=DYNAMIC COMMENT='Datasource Debugger Information';
/*!40101 SET character_set_client = @saved_cs_client */;

--
-- Dumping data for table `data_debug`
--

LOCK TABLES `data_debug` WRITE;
/*!40000 ALTER TABLE `data_debug` DISABLE KEYS */;
/*!40000 ALTER TABLE `data_debug` ENABLE KEYS */;
UNLOCK TABLES;

--
-- Table structure for table `data_input`
--

DROP TABLE IF EXISTS `data_input`;
/*!40101 SET @saved_cs_client     = @@character_set_client */;
/*!50503 SET character_set_client = utf8mb4 */;
CREATE TABLE `data_input` (
  `id` mediumint unsigned NOT NULL AUTO_INCREMENT,
  `hash` varchar(32) CHARACTER SET utf8mb4 COLLATE utf8mb4_unicode_ci NOT NULL DEFAULT '',
  `name` varchar(200) CHARACTER SET utf8mb4 COLLATE utf8mb4_unicode_ci NOT NULL DEFAULT '',
  `input_string` varchar(512) CHARACTER SET utf8mb4 COLLATE utf8mb4_unicode_ci DEFAULT NULL,
  `type_id` tinyint unsigned NOT NULL DEFAULT '0',
  PRIMARY KEY (`id`),
  KEY `name_type_id` (`name`(171),`type_id`)
) ENGINE=InnoDB AUTO_INCREMENT=13 DEFAULT CHARSET=utf8mb4 COLLATE=utf8mb4_unicode_ci ROW_FORMAT=DYNAMIC;
/*!40101 SET character_set_client = @saved_cs_client */;

--
-- Dumping data for table `data_input`
--

LOCK TABLES `data_input` WRITE;
/*!40000 ALTER TABLE `data_input` DISABLE KEYS */;
INSERT INTO `data_input` VALUES (1,'3eb92bb845b9660a7445cf9740726522','Get SNMP Data','',2),(2,'bf566c869ac6443b0c75d1c32b5a350e','Get SNMP Data (Indexed)','',3),(3,'274f4685461170b9eb1b98d22567ab5e','Unix - Get Free Disk Space','<path_cacti>/scripts/diskfree.sh <partition>',1),(4,'95ed0993eb3095f9920d431ac80f4231','Unix - Get Load Average','perl <path_cacti>/scripts/loadavg_multi.pl',1),(5,'79a284e136bb6b061c6f96ec219ac448','Unix - Get Logged In Users','perl <path_cacti>/scripts/unix_users.pl <username>',1),(6,'362e6d4768937c4f899dd21b91ef0ff8','Linux - Get Memory Usage','perl <path_cacti>/scripts/linux_memory.pl <grepstr>',1),(7,'a637359e0a4287ba43048a5fdf202066','Unix - Get System Processes','perl <path_cacti>/scripts/unix_processes.pl',1),(8,'47d6bfe8be57a45171afd678920bd399','Unix - Get TCP Connections','perl <path_cacti>/scripts/unix_tcp_connections.pl <grepstr>',1),(9,'cc948e4de13f32b6aea45abaadd287a3','Unix - Get Web Hits','perl <path_cacti>/scripts/webhits.pl <log_path>',1),(10,'8bd153aeb06e3ff89efc73f35849a7a0','Unix - Ping Host','perl <path_cacti>/scripts/ping.pl <ip>',1),(11,'80e9e4c4191a5da189ae26d0e237f015','Get Script Data (Indexed)','',4),(12,'332111d8b54ac8ce939af87a7eac0c06','Get Script Server Data (Indexed)','',6);
/*!40000 ALTER TABLE `data_input` ENABLE KEYS */;
UNLOCK TABLES;

--
-- Table structure for table `data_input_data`
--

DROP TABLE IF EXISTS `data_input_data`;
/*!40101 SET @saved_cs_client     = @@character_set_client */;
/*!50503 SET character_set_client = utf8mb4 */;
CREATE TABLE `data_input_data` (
  `data_input_field_id` mediumint unsigned NOT NULL DEFAULT '0',
  `data_template_data_id` int unsigned NOT NULL DEFAULT '0',
  `t_value` char(2) CHARACTER SET utf8mb4 COLLATE utf8mb4_unicode_ci DEFAULT NULL,
  `value` mediumtext CHARACTER SET utf8mb4 COLLATE utf8mb4_unicode_ci,
  PRIMARY KEY (`data_input_field_id`,`data_template_data_id`),
  KEY `data_template_data_id` (`data_template_data_id`),
  KEY `t_value` (`t_value`)
) ENGINE=InnoDB DEFAULT CHARSET=utf8mb4 COLLATE=utf8mb4_unicode_ci ROW_FORMAT=DYNAMIC;
/*!40101 SET character_set_client = @saved_cs_client */;

--
-- Dumping data for table `data_input_data`
--

LOCK TABLES `data_input_data` WRITE;
/*!40000 ALTER TABLE `data_input_data` DISABLE KEYS */;
INSERT INTO `data_input_data` VALUES (1,4,'',''),(1,5,'',''),(1,6,'',''),(1,58,'',''),(1,59,'',''),(1,68,'',''),(2,4,'',''),(2,5,'',''),(2,6,'',''),(2,58,'',''),(2,59,'',''),(2,68,'',''),(3,4,'',''),(3,5,'',''),(3,6,'','');
/*!40000 ALTER TABLE `data_input_data` ENABLE KEYS */;
UNLOCK TABLES;

--
-- Table structure for table `data_input_fields`
--

DROP TABLE IF EXISTS `data_input_fields`;
/*!40101 SET @saved_cs_client     = @@character_set_client */;
/*!50503 SET character_set_client = utf8mb4 */;
CREATE TABLE `data_input_fields` (
  `id` mediumint unsigned NOT NULL AUTO_INCREMENT,
  `hash` varchar(32) CHARACTER SET utf8mb4 COLLATE utf8mb4_unicode_ci NOT NULL DEFAULT '',
  `data_input_id` mediumint unsigned NOT NULL DEFAULT '0',
  `name` varchar(200) CHARACTER SET utf8mb4 COLLATE utf8mb4_unicode_ci NOT NULL DEFAULT '',
  `data_name` varchar(50) CHARACTER SET utf8mb4 COLLATE utf8mb4_unicode_ci NOT NULL DEFAULT '',
  `input_output` char(3) CHARACTER SET utf8mb4 COLLATE utf8mb4_unicode_ci NOT NULL DEFAULT '',
  `update_rra` char(2) CHARACTER SET utf8mb4 COLLATE utf8mb4_unicode_ci DEFAULT '0',
  `sequence` smallint NOT NULL DEFAULT '0',
  `type_code` varchar(40) CHARACTER SET utf8mb4 COLLATE utf8mb4_unicode_ci DEFAULT NULL,
  `regexp_match` varchar(200) CHARACTER SET utf8mb4 COLLATE utf8mb4_unicode_ci DEFAULT NULL,
  `allow_nulls` char(2) CHARACTER SET utf8mb4 COLLATE utf8mb4_unicode_ci DEFAULT NULL,
  PRIMARY KEY (`id`),
  KEY `data_input_id` (`data_input_id`),
  KEY `input_output` (`input_output`),
  KEY `type_code_data_input_id` (`type_code`,`data_input_id`)
) ENGINE=InnoDB AUTO_INCREMENT=47 DEFAULT CHARSET=utf8mb4 COLLATE=utf8mb4_unicode_ci ROW_FORMAT=DYNAMIC;
/*!40101 SET character_set_client = @saved_cs_client */;

--
-- Dumping data for table `data_input_fields`
--

LOCK TABLES `data_input_fields` WRITE;
/*!40000 ALTER TABLE `data_input_fields` DISABLE KEYS */;
INSERT INTO `data_input_fields` VALUES (1,'92f5906c8dc0f964b41f4253df582c38',1,'SNMP IP Address','management_ip','in','',0,'hostname','',''),(2,'32285d5bf16e56c478f5e83f32cda9ef',1,'SNMP Community','snmp_community','in','',0,'snmp_community','',''),(3,'ad14ac90641aed388139f6ba86a2e48b',1,'SNMP Username','snmp_username','in','',0,'snmp_username','','on'),(4,'9c55a74bd571b4f00a96fd4b793278c6',1,'SNMP Password','snmp_password','in','',0,'snmp_password','','on'),(5,'012ccb1d3687d3edb29c002ea66e72da',1,'SNMP Version (1, 2, or 3)','snmp_version','in','',0,'snmp_version','','on'),(6,'4276a5ec6e3fe33995129041b1909762',1,'OID','oid','in','',0,'snmp_oid','',''),(7,'617cdc8a230615e59f06f361ef6e7728',2,'SNMP IP Address','management_ip','in','',0,'hostname','',''),(8,'acb449d1451e8a2a655c2c99d31142c7',2,'SNMP Community','snmp_community','in','',0,'snmp_community','',''),(9,'f4facc5e2ca7ebee621f09bc6d9fc792',2,'SNMP Username (v3)','snmp_username','in','',0,'snmp_username','','on'),(10,'1cc1493a6781af2c478fa4de971531cf',2,'SNMP Password (v3)','snmp_password','in','',0,'snmp_password','','on'),(11,'b5c23f246559df38662c255f4aa21d6b',2,'SNMP Version (1, 2, or 3)','snmp_version','in','',0,'snmp_version','',''),(12,'6027a919c7c7731fbe095b6f53ab127b',2,'Index Type','index_type','in','',0,'index_type','',''),(13,'cbbe5c1ddfb264a6e5d509ce1c78c95f',2,'Index Value','index_value','in','',0,'index_value','',''),(14,'e6deda7be0f391399c5130e7c4a48b28',2,'Output Type ID','output_type','in','',0,'output_type','',''),(15,'edfd72783ad02df128ff82fc9324b4b9',3,'Disk Partition','partition','in','',1,'','',''),(16,'8b75fb61d288f0b5fc0bd3056af3689b',3,'Kilobytes Free','kilobytes','out','on',0,'','',''),(17,'363588d49b263d30aecb683c52774f39',4,'1 Minute Average','1min','out','on',0,'','',''),(18,'ad139a9e1d69881da36fca07889abf58',4,'5 Minute Average','5min','out','on',0,'','',''),(19,'5db9fee64824c08258c7ff6f8bc53337',4,'10 Minute Average','10min','out','on',0,'','',''),(20,'c0cfd0beae5e79927c5a360076706820',5,'Username (Optional)','username','in','',1,'','','on'),(21,'52c58ad414d9a2a83b00a7a51be75a53',5,'Logged In Users','users','out','on',0,'','',''),(22,'05eb5d710f0814871b8515845521f8d7',6,'Grep String','grepstr','in','',1,'','',''),(23,'86cb1cbfde66279dbc7f1144f43a3219',6,'Result (in Kilobytes)','kilobytes','out','on',0,'','',''),(24,'d5a8dd5fbe6a5af11667c0039af41386',7,'Number of Processes','proc','out','on',0,'','',''),(25,'8848cdcae831595951a3f6af04eec93b',8,'Grep String','grepstr','in','',1,'','','on'),(26,'3d1288d33008430ce354e8b9c162f7ff',8,'Connections','connections','out','on',0,'','',''),(27,'c6af570bb2ed9c84abf32033702e2860',9,'(Optional) Log Path','log_path','in','',1,'','','on'),(28,'f9389860f5c5340c9b27fca0b4ee5e71',9,'Web Hits','webhits','out','on',0,'','',''),(29,'5fbadb91ad66f203463c1187fe7bd9d5',10,'IP Address','ip','in','',1,'hostname','',''),(30,'6ac4330d123c69067d36a933d105e89a',10,'Milliseconds','out_ms','out','on',0,'','',''),(31,'d39556ecad6166701bfb0e28c5a11108',11,'Index Type','index_type','in','',0,'index_type','',''),(32,'3b7caa46eb809fc238de6ef18b6e10d5',11,'Index Value','index_value','in','',0,'index_value','',''),(33,'74af2e42dc12956c4817c2ef5d9983f9',11,'Output Type ID','output_type','in','',0,'output_type','',''),(34,'8ae57f09f787656bf4ac541e8bd12537',11,'Output Value','output','out','on',0,'','',''),(35,'172b4b0eacee4948c6479f587b62e512',12,'Index Type','index_type','in','',0,'index_type','',''),(36,'30fb5d5bcf3d66bb5abe88596f357c26',12,'Index Value','index_value','in','',0,'index_value','',''),(37,'31112c85ae4ff821d3b288336288818c',12,'Output Type ID','output_type','in','',0,'output_type','',''),(38,'5be8fa85472d89c621790b43510b5043',12,'Output Value','output','out','on',0,'','',''),(39,'c1f36ee60c3dc98945556d57f26e475b',2,'SNMP Port','snmp_port','in','',0,'snmp_port','',''),(40,'fc64b99742ec417cc424dbf8c7692d36',1,'SNMP Port','snmp_port','in','',0,'snmp_port','',''),(41,'20832ce12f099c8e54140793a091af90',1,'SNMP Authentication Protocol (v3)','snmp_auth_protocol','in','',0,'snmp_auth_protocol','',''),(42,'c60c9aac1e1b3555ea0620b8bbfd82cb',1,'SNMP Privacy Passphrase (v3)','snmp_priv_passphrase','in','',0,'snmp_priv_passphrase','',''),(43,'feda162701240101bc74148415ef415a',1,'SNMP Privacy Protocol (v3)','snmp_priv_protocol','in','',0,'snmp_priv_protocol','',''),(44,'2cf7129ad3ff819a7a7ac189bee48ce8',2,'SNMP Authentication Protocol (v3)','snmp_auth_protocol','in','',0,'snmp_auth_protocol','',''),(45,'6b13ac0a0194e171d241d4b06f913158',2,'SNMP Privacy Passphrase (v3)','snmp_priv_passphrase','in','',0,'snmp_priv_passphrase','',''),(46,'3a33d4fc65b8329ab2ac46a36da26b72',2,'SNMP Privacy Protocol (v3)','snmp_priv_protocol','in','',0,'snmp_priv_protocol','','');
/*!40000 ALTER TABLE `data_input_fields` ENABLE KEYS */;
UNLOCK TABLES;

--
-- Table structure for table `data_local`
--

DROP TABLE IF EXISTS `data_local`;
/*!40101 SET @saved_cs_client     = @@character_set_client */;
/*!50503 SET character_set_client = utf8mb4 */;
CREATE TABLE `data_local` (
  `id` int unsigned NOT NULL AUTO_INCREMENT,
  `data_template_id` mediumint unsigned NOT NULL DEFAULT '0',
  `host_id` mediumint unsigned NOT NULL DEFAULT '0',
  `snmp_query_id` mediumint NOT NULL DEFAULT '0',
  `snmp_index` varchar(255) CHARACTER SET utf8mb4 COLLATE utf8mb4_unicode_ci NOT NULL DEFAULT '',
  `orphan` tinyint unsigned NOT NULL DEFAULT '0',
  PRIMARY KEY (`id`),
  KEY `data_template_id` (`data_template_id`),
  KEY `snmp_query_id` (`snmp_query_id`),
  KEY `snmp_index` (`snmp_index`),
  KEY `host_id_snmp_query_id` (`host_id`,`snmp_query_id`)
) ENGINE=InnoDB AUTO_INCREMENT=34 DEFAULT CHARSET=utf8mb4 COLLATE=utf8mb4_unicode_ci ROW_FORMAT=DYNAMIC;
/*!40101 SET character_set_client = @saved_cs_client */;

--
-- Dumping data for table `data_local`
--

LOCK TABLES `data_local` WRITE;
/*!40000 ALTER TABLE `data_local` DISABLE KEYS */;
/*!40000 ALTER TABLE `data_local` ENABLE KEYS */;
UNLOCK TABLES;

--
-- Table structure for table `data_source_profiles`
--

DROP TABLE IF EXISTS `data_source_profiles`;
/*!40101 SET @saved_cs_client     = @@character_set_client */;
/*!50503 SET character_set_client = utf8mb4 */;
CREATE TABLE `data_source_profiles` (
  `id` mediumint unsigned NOT NULL AUTO_INCREMENT,
  `hash` varchar(32) CHARACTER SET utf8mb4 COLLATE utf8mb4_unicode_ci NOT NULL DEFAULT '',
  `name` varchar(255) CHARACTER SET utf8mb4 COLLATE utf8mb4_unicode_ci NOT NULL DEFAULT '',
  `step` int unsigned NOT NULL DEFAULT '300',
  `heartbeat` int unsigned NOT NULL DEFAULT '600',
  `x_files_factor` double DEFAULT '0.5',
  `default` char(2) CHARACTER SET utf8mb4 COLLATE utf8mb4_unicode_ci DEFAULT '',
  PRIMARY KEY (`id`),
  KEY `name` (`name`(171))
) ENGINE=InnoDB AUTO_INCREMENT=4 DEFAULT CHARSET=utf8mb4 COLLATE=utf8mb4_unicode_ci ROW_FORMAT=DYNAMIC COMMENT='Stores Data Source Profiles';
/*!40101 SET character_set_client = @saved_cs_client */;

--
-- Dumping data for table `data_source_profiles`
--

LOCK TABLES `data_source_profiles` WRITE;
/*!40000 ALTER TABLE `data_source_profiles` DISABLE KEYS */;
INSERT INTO `data_source_profiles` VALUES (1,'d62c52891f4f9688729a5bc9fad91b18','5 Minute Collection',300,600,0.5,'on'),(2,'c0dd0e46b9ca268e7ed4162d329f9215','30 Second Collection',30,1200,0.5,''),(3,'66d35da8f75c912ede3dbe901fedcae0','1 Minute Collection',60,600,0.5,'');
/*!40000 ALTER TABLE `data_source_profiles` ENABLE KEYS */;
UNLOCK TABLES;

--
-- Table structure for table `data_source_profiles_cf`
--

DROP TABLE IF EXISTS `data_source_profiles_cf`;
/*!40101 SET @saved_cs_client     = @@character_set_client */;
/*!50503 SET character_set_client = utf8mb4 */;
CREATE TABLE `data_source_profiles_cf` (
  `data_source_profile_id` mediumint unsigned NOT NULL DEFAULT '0',
  `consolidation_function_id` smallint unsigned NOT NULL DEFAULT '0',
  PRIMARY KEY (`data_source_profile_id`,`consolidation_function_id`)
) ENGINE=InnoDB DEFAULT CHARSET=utf8mb4 COLLATE=utf8mb4_unicode_ci ROW_FORMAT=DYNAMIC COMMENT='Maps the Data Source Profile Consolidation Functions';
/*!40101 SET character_set_client = @saved_cs_client */;

--
-- Dumping data for table `data_source_profiles_cf`
--

LOCK TABLES `data_source_profiles_cf` WRITE;
/*!40000 ALTER TABLE `data_source_profiles_cf` DISABLE KEYS */;
INSERT INTO `data_source_profiles_cf` VALUES (1,1),(1,2),(1,3),(1,4),(2,1),(2,2),(2,3),(2,4),(3,1),(3,2),(3,3),(3,4);
/*!40000 ALTER TABLE `data_source_profiles_cf` ENABLE KEYS */;
UNLOCK TABLES;

--
-- Table structure for table `data_source_profiles_rra`
--

DROP TABLE IF EXISTS `data_source_profiles_rra`;
/*!40101 SET @saved_cs_client     = @@character_set_client */;
/*!50503 SET character_set_client = utf8mb4 */;
CREATE TABLE `data_source_profiles_rra` (
  `id` mediumint unsigned NOT NULL AUTO_INCREMENT,
  `data_source_profile_id` mediumint unsigned NOT NULL DEFAULT '0',
  `name` varchar(255) CHARACTER SET utf8mb4 COLLATE utf8mb4_unicode_ci NOT NULL DEFAULT '',
  `steps` int unsigned DEFAULT '1',
  `rows` int unsigned NOT NULL DEFAULT '700',
  `timespan` int unsigned NOT NULL DEFAULT '0',
  PRIMARY KEY (`id`),
  KEY `data_source_profile_id` (`data_source_profile_id`)
) ENGINE=InnoDB AUTO_INCREMENT=13 DEFAULT CHARSET=utf8mb4 COLLATE=utf8mb4_unicode_ci ROW_FORMAT=DYNAMIC COMMENT='Stores RRA Definitions for Data Source Profiles';
/*!40101 SET character_set_client = @saved_cs_client */;

--
-- Dumping data for table `data_source_profiles_rra`
--

LOCK TABLES `data_source_profiles_rra` WRITE;
/*!40000 ALTER TABLE `data_source_profiles_rra` DISABLE KEYS */;
INSERT INTO `data_source_profiles_rra` VALUES (1,1,'Daily (5 Minute Average)',1,600,86400),(2,1,'Weekly (30 Minute Average)',6,700,604800),(3,1,'Monthly (2 Hour Average)',24,775,2618784),(4,1,'Yearly (1 Day Average)',288,797,31536000),(5,2,'Daily (30 Second Average)',1,2900,86400),(6,2,'Weekly (15 Minute Average)',30,1346,604800),(7,2,'Monthly (1 Hour Average)',120,1445,2618784),(8,2,'Yearly (4 Hour Average)',480,4380,31536000),(9,3,'Daily (1 Minute Average)',1,2900,86400),(10,3,'Weekly (15 Minute Average)',15,1440,604800),(11,3,'Monthly (1 Hour Average)',60,8784,2618784),(12,3,'Yearly (12 Hour Average)',720,7305,31536000);
/*!40000 ALTER TABLE `data_source_profiles_rra` ENABLE KEYS */;
UNLOCK TABLES;

--
-- Table structure for table `data_source_purge_action`
--

DROP TABLE IF EXISTS `data_source_purge_action`;
/*!40101 SET @saved_cs_client     = @@character_set_client */;
/*!50503 SET character_set_client = utf8mb4 */;
CREATE TABLE `data_source_purge_action` (
  `id` int unsigned NOT NULL AUTO_INCREMENT,
  `name` varchar(128) CHARACTER SET utf8mb4 COLLATE utf8mb4_unicode_ci NOT NULL DEFAULT '',
  `local_data_id` int unsigned NOT NULL DEFAULT '0',
  `action` tinyint unsigned NOT NULL DEFAULT '0',
  PRIMARY KEY (`id`),
  UNIQUE KEY `name` (`name`)
) ENGINE=InnoDB DEFAULT CHARSET=utf8mb4 COLLATE=utf8mb4_unicode_ci ROW_FORMAT=DYNAMIC COMMENT='RRD Cleaner File Actions';
/*!40101 SET character_set_client = @saved_cs_client */;

--
-- Dumping data for table `data_source_purge_action`
--

LOCK TABLES `data_source_purge_action` WRITE;
/*!40000 ALTER TABLE `data_source_purge_action` DISABLE KEYS */;
/*!40000 ALTER TABLE `data_source_purge_action` ENABLE KEYS */;
UNLOCK TABLES;

--
-- Table structure for table `data_source_purge_temp`
--

DROP TABLE IF EXISTS `data_source_purge_temp`;
/*!40101 SET @saved_cs_client     = @@character_set_client */;
/*!50503 SET character_set_client = utf8mb4 */;
CREATE TABLE `data_source_purge_temp` (
  `id` int unsigned NOT NULL AUTO_INCREMENT,
  `name_cache` varchar(255) CHARACTER SET utf8mb4 COLLATE utf8mb4_unicode_ci NOT NULL DEFAULT '',
  `local_data_id` int unsigned NOT NULL DEFAULT '0',
  `name` varchar(128) CHARACTER SET utf8mb4 COLLATE utf8mb4_unicode_ci NOT NULL DEFAULT '',
  `size` int unsigned NOT NULL DEFAULT '0',
  `last_mod` timestamp NOT NULL DEFAULT '0000-00-00 00:00:00',
  `in_cacti` tinyint unsigned NOT NULL DEFAULT '0',
  `data_template_id` mediumint unsigned NOT NULL DEFAULT '0',
  PRIMARY KEY (`id`),
  UNIQUE KEY `name` (`name`),
  KEY `local_data_id` (`local_data_id`),
  KEY `in_cacti` (`in_cacti`),
  KEY `data_template_id` (`data_template_id`)
) ENGINE=InnoDB DEFAULT CHARSET=utf8mb4 COLLATE=utf8mb4_unicode_ci ROW_FORMAT=DYNAMIC COMMENT='RRD Cleaner File Repository';
/*!40101 SET character_set_client = @saved_cs_client */;

--
-- Dumping data for table `data_source_purge_temp`
--

LOCK TABLES `data_source_purge_temp` WRITE;
/*!40000 ALTER TABLE `data_source_purge_temp` DISABLE KEYS */;
/*!40000 ALTER TABLE `data_source_purge_temp` ENABLE KEYS */;
UNLOCK TABLES;

--
-- Table structure for table `data_source_stats_daily`
--

DROP TABLE IF EXISTS `data_source_stats_daily`;
/*!40101 SET @saved_cs_client     = @@character_set_client */;
/*!50503 SET character_set_client = utf8mb4 */;
CREATE TABLE `data_source_stats_daily` (
  `local_data_id` int unsigned NOT NULL,
  `rrd_name` varchar(19) CHARACTER SET utf8mb4 COLLATE utf8mb4_unicode_ci NOT NULL,
  `average` double DEFAULT NULL,
  `peak` double DEFAULT NULL,
  PRIMARY KEY (`local_data_id`,`rrd_name`)
) ENGINE=InnoDB DEFAULT CHARSET=utf8mb4 COLLATE=utf8mb4_unicode_ci ROW_FORMAT=DYNAMIC;
/*!40101 SET character_set_client = @saved_cs_client */;

--
-- Dumping data for table `data_source_stats_daily`
--

LOCK TABLES `data_source_stats_daily` WRITE;
/*!40000 ALTER TABLE `data_source_stats_daily` DISABLE KEYS */;
/*!40000 ALTER TABLE `data_source_stats_daily` ENABLE KEYS */;
UNLOCK TABLES;

--
-- Table structure for table `data_source_stats_hourly`
--

DROP TABLE IF EXISTS `data_source_stats_hourly`;
/*!40101 SET @saved_cs_client     = @@character_set_client */;
/*!50503 SET character_set_client = utf8mb4 */;
CREATE TABLE `data_source_stats_hourly` (
  `local_data_id` int unsigned NOT NULL,
  `rrd_name` varchar(19) CHARACTER SET utf8mb4 COLLATE utf8mb4_unicode_ci NOT NULL,
  `average` double DEFAULT NULL,
  `peak` double DEFAULT NULL,
  PRIMARY KEY (`local_data_id`,`rrd_name`)
) ENGINE=InnoDB DEFAULT CHARSET=utf8mb4 COLLATE=utf8mb4_unicode_ci ROW_FORMAT=DYNAMIC;
/*!40101 SET character_set_client = @saved_cs_client */;

--
-- Dumping data for table `data_source_stats_hourly`
--

LOCK TABLES `data_source_stats_hourly` WRITE;
/*!40000 ALTER TABLE `data_source_stats_hourly` DISABLE KEYS */;
/*!40000 ALTER TABLE `data_source_stats_hourly` ENABLE KEYS */;
UNLOCK TABLES;

--
-- Table structure for table `data_source_stats_hourly_cache`
--

DROP TABLE IF EXISTS `data_source_stats_hourly_cache`;
/*!40101 SET @saved_cs_client     = @@character_set_client */;
/*!50503 SET character_set_client = utf8mb4 */;
CREATE TABLE `data_source_stats_hourly_cache` (
  `local_data_id` int unsigned NOT NULL,
  `rrd_name` varchar(19) CHARACTER SET utf8mb4 COLLATE utf8mb4_unicode_ci NOT NULL,
  `time` timestamp NOT NULL DEFAULT '0000-00-00 00:00:00',
  `value` double DEFAULT NULL,
  PRIMARY KEY (`local_data_id`,`time`,`rrd_name`),
  KEY `time` (`time`) USING BTREE
) ENGINE=InnoDB DEFAULT CHARSET=utf8mb4 COLLATE=utf8mb4_unicode_ci ROW_FORMAT=DYNAMIC;
/*!40101 SET character_set_client = @saved_cs_client */;

--
-- Dumping data for table `data_source_stats_hourly_cache`
--

LOCK TABLES `data_source_stats_hourly_cache` WRITE;
/*!40000 ALTER TABLE `data_source_stats_hourly_cache` DISABLE KEYS */;
/*!40000 ALTER TABLE `data_source_stats_hourly_cache` ENABLE KEYS */;
UNLOCK TABLES;

--
-- Table structure for table `data_source_stats_hourly_last`
--

DROP TABLE IF EXISTS `data_source_stats_hourly_last`;
/*!40101 SET @saved_cs_client     = @@character_set_client */;
/*!50503 SET character_set_client = utf8mb4 */;
CREATE TABLE `data_source_stats_hourly_last` (
  `local_data_id` int unsigned NOT NULL,
  `rrd_name` varchar(19) CHARACTER SET utf8mb4 COLLATE utf8mb4_unicode_ci NOT NULL,
  `value` double DEFAULT NULL,
  `calculated` double DEFAULT NULL,
  PRIMARY KEY (`local_data_id`,`rrd_name`)
) ENGINE=InnoDB DEFAULT CHARSET=utf8mb4 COLLATE=utf8mb4_unicode_ci ROW_FORMAT=DYNAMIC;
/*!40101 SET character_set_client = @saved_cs_client */;

--
-- Dumping data for table `data_source_stats_hourly_last`
--

LOCK TABLES `data_source_stats_hourly_last` WRITE;
/*!40000 ALTER TABLE `data_source_stats_hourly_last` DISABLE KEYS */;
/*!40000 ALTER TABLE `data_source_stats_hourly_last` ENABLE KEYS */;
UNLOCK TABLES;

--
-- Table structure for table `data_source_stats_monthly`
--

DROP TABLE IF EXISTS `data_source_stats_monthly`;
/*!40101 SET @saved_cs_client     = @@character_set_client */;
/*!50503 SET character_set_client = utf8mb4 */;
CREATE TABLE `data_source_stats_monthly` (
  `local_data_id` int unsigned NOT NULL,
  `rrd_name` varchar(19) CHARACTER SET utf8mb4 COLLATE utf8mb4_unicode_ci NOT NULL,
  `average` double DEFAULT NULL,
  `peak` double DEFAULT NULL,
  PRIMARY KEY (`local_data_id`,`rrd_name`)
) ENGINE=InnoDB DEFAULT CHARSET=utf8mb4 COLLATE=utf8mb4_unicode_ci ROW_FORMAT=DYNAMIC;
/*!40101 SET character_set_client = @saved_cs_client */;

--
-- Dumping data for table `data_source_stats_monthly`
--

LOCK TABLES `data_source_stats_monthly` WRITE;
/*!40000 ALTER TABLE `data_source_stats_monthly` DISABLE KEYS */;
/*!40000 ALTER TABLE `data_source_stats_monthly` ENABLE KEYS */;
UNLOCK TABLES;

--
-- Table structure for table `data_source_stats_weekly`
--

DROP TABLE IF EXISTS `data_source_stats_weekly`;
/*!40101 SET @saved_cs_client     = @@character_set_client */;
/*!50503 SET character_set_client = utf8mb4 */;
CREATE TABLE `data_source_stats_weekly` (
  `local_data_id` int unsigned NOT NULL,
  `rrd_name` varchar(19) CHARACTER SET utf8mb4 COLLATE utf8mb4_unicode_ci NOT NULL,
  `average` double DEFAULT NULL,
  `peak` double DEFAULT NULL,
  PRIMARY KEY (`local_data_id`,`rrd_name`)
) ENGINE=InnoDB DEFAULT CHARSET=utf8mb4 COLLATE=utf8mb4_unicode_ci ROW_FORMAT=DYNAMIC;
/*!40101 SET character_set_client = @saved_cs_client */;

--
-- Dumping data for table `data_source_stats_weekly`
--

LOCK TABLES `data_source_stats_weekly` WRITE;
/*!40000 ALTER TABLE `data_source_stats_weekly` DISABLE KEYS */;
/*!40000 ALTER TABLE `data_source_stats_weekly` ENABLE KEYS */;
UNLOCK TABLES;

--
-- Table structure for table `data_source_stats_yearly`
--

DROP TABLE IF EXISTS `data_source_stats_yearly`;
/*!40101 SET @saved_cs_client     = @@character_set_client */;
/*!50503 SET character_set_client = utf8mb4 */;
CREATE TABLE `data_source_stats_yearly` (
  `local_data_id` int unsigned NOT NULL,
  `rrd_name` varchar(19) CHARACTER SET utf8mb4 COLLATE utf8mb4_unicode_ci NOT NULL,
  `average` double DEFAULT NULL,
  `peak` double DEFAULT NULL,
  PRIMARY KEY (`local_data_id`,`rrd_name`)
) ENGINE=InnoDB DEFAULT CHARSET=utf8mb4 COLLATE=utf8mb4_unicode_ci ROW_FORMAT=DYNAMIC;
/*!40101 SET character_set_client = @saved_cs_client */;

--
-- Dumping data for table `data_source_stats_yearly`
--

LOCK TABLES `data_source_stats_yearly` WRITE;
/*!40000 ALTER TABLE `data_source_stats_yearly` DISABLE KEYS */;
/*!40000 ALTER TABLE `data_source_stats_yearly` ENABLE KEYS */;
UNLOCK TABLES;

--
-- Table structure for table `data_template`
--

DROP TABLE IF EXISTS `data_template`;
/*!40101 SET @saved_cs_client     = @@character_set_client */;
/*!50503 SET character_set_client = utf8mb4 */;
CREATE TABLE `data_template` (
  `id` mediumint unsigned NOT NULL AUTO_INCREMENT,
  `hash` varchar(32) CHARACTER SET utf8mb4 COLLATE utf8mb4_unicode_ci NOT NULL DEFAULT '',
  `name` varchar(150) CHARACTER SET utf8mb4 COLLATE utf8mb4_unicode_ci NOT NULL DEFAULT '',
  PRIMARY KEY (`id`),
  KEY `name` (`name`)
) ENGINE=InnoDB AUTO_INCREMENT=88 DEFAULT CHARSET=utf8mb4 COLLATE=utf8mb4_unicode_ci ROW_FORMAT=DYNAMIC;
/*!40101 SET character_set_client = @saved_cs_client */;

--
-- Dumping data for table `data_template`
--

LOCK TABLES `data_template` WRITE;
/*!40000 ALTER TABLE `data_template` DISABLE KEYS */;
INSERT INTO `data_template` VALUES (1,'eb193c3bbb8029464ce3d774b357bb6d','__root__'),(2,'a871185e11ab202547604fd1a3d3d9ed','Solaris/kstat/1'),(3,'d98f2ad0b5f4b9b279b8ac4bcd787414','Solaris/kstat/2'),(4,'854bd73000fa5c0638ecb8fb6003afa5','Solaris/kstat/3'),(5,'72560f10e4f7af2bf82a3e6709ff176f','Solaris/kstat/4'),(6,'31a3293de786b2243263b86cbb6fe647','Solaris/kstat/5'),(7,'a648faf1ec0e059db0ab58bcfa4ca82f','Solaris/kstat'),(8,'dc31104fe2c7ee7e7c6a0a673f6def33','Linux/diskutil/1'),(9,'cb72295ef3520d1322b87fa92be66393','Linux/diskutil/2'),(10,'c60d110a1f13267874978fcc58bbf38e','Linux/diskutil/3'),(11,'a9c72d39b35e11935cba11899b8c7e42','Linux/diskutil/4'),(12,'5768f122660e3a42c14bffd1f7c0f730','Linux/diskutil/5'),(13,'37b37e8429473fb5275c49becea068d8','Linux/diskutil/6'),(14,'286a9ef16bc0f4030186a6f77ef66116','Linux/diskutil/7'),(15,'d1d994bd3612e8f9ac7ad7a0a4cba161','Linux/diskutil/8'),(16,'da856cc9828263c7de6a9b8c831603c2','Linux/diskutil/9'),(17,'325070b94a9c27cc122ff82ba9583419','Linux/diskutil/10'),(18,'e5373b8494a76362ce24e994c12dd5e8','Linux/diskutil/11'),(19,'ad40db7032aeee35ca8296da68365c04','Linux/diskutil/12'),(20,'1e2518f9cb0cadf63fa57ba5617955da','Linux/diskutil/13'),(21,'cf495497f3380314bcfb8b551cd2301c','Linux/diskutil/14'),(22,'2598219cb986f1bed1a029b68049d990','Linux/diskutil/15'),(23,'363b6ddaceceef276f99397e49feb4a7','Linux/iostat/1'),(24,'904352dbccfed0ad76a822e6ea81b69c','Linux/iostat/2'),(25,'5cb7e155c94400772eb233fb2d9abfbb','Linux/iostat/3'),(26,'fb0ea2cfaef97c3ed7c9dfcd476e81e0','Linux/iostat/4'),(27,'ee2bc4070c21967852a5f94a81080cea','Linux/iostat/5'),(28,'f0853c7339a7bf1f262087dd40f766ca','Linux/iostat/6'),(29,'fcd034e15094681ee1894577e9902dda','Linux/iostat/7'),(30,'691fa01456f999b41f9582af402526c5','Linux/iostat/8'),(31,'3e25b924e4827eb6a6406d0593f95bf0','Linux/iostat/9'),(32,'166db6268e28c755360cae04db2bad30','Linux/iostat/10'),(33,'53317daf963bc92c9a54aaeafb6d07aa','Linux/iostat/11'),(34,'699431a18485942e8eb0fffa74804a77','Linux/iostat/12'),(35,'f3b7ed0baf3136fb15aa4c255e2c73f9','Linux/iostat/13'),(36,'78f331d9706e7b3ce27d15ac47bccb3f','Linux/iostat/14'),(37,'bba9e2ecdbb47aa2627efd66dc05ab5c','Linux/iostat/15'),(38,'0b9812dbbc17fb46284a8ea3e1ab27a8','Linux/iostat'),(39,'150437e22bd711c7f7a377c415d551fa','Linux/loadavg'),(40,'cad894537884a28abc156f3da326b150','Linux/memfree'),(41,'875ba9ca92209926ecb7a65f2914313b','Linux/netDev/1'),(42,'1802e49b6ae138e98a47e835c4b61709','Linux/netDev/2'),(43,'052345aebd1d08c77b543c3158cc9b44','Linux/netDev/3'),(44,'e08b0035dcc151b5ff5c260bc6ac26cc','Linux/netDev/4'),(45,'e1a6acff5a3a0441836777513bb2acb2','Linux/netDev/5'),(46,'93d670eca94d7e71336407428e224d3e','Linux/netDev'),(47,'a548e7a17a89524e412626e9435c5255','Linux/vmstat'),(48,'69bdfb0eb56480f1555300206aca09ad','Windows/LogicalDisk/1'),(49,'a3d2fb7aa98a746351583e6f01522618','Windows/LogicalDisk/2'),(50,'d588356e0eec126b364bc7391efb7765','Windows/LogicalDisk/3'),(51,'7ae9bdbe597635f1c5ddbbc1f347c608','Windows/LogicalDisk/4'),(52,'2a6c6128fe573a54e3e7bfb12e2c67b0','Windows/LogicalDisk/5'),(53,'49e69515b04e8d1f319e31805d31abc4','Windows/LogicalDisk/6'),(54,'1a2369700c38dea21fab6e27c2c70ddc','Windows/LogicalDisk/7'),(55,'d01dc96b2c8dc4a597bb9b3e7d34f960','Windows/LogicalDisk/8'),(56,'1f12c611535e2e38c4194bb36a712e0a','Windows/LogicalDisk/9'),(57,'278c8e42e62294dab0dbb81ef552f383','Windows/LogicalDisk/10'),(58,'54a74096d3ed75e4ce5cd025a69119ab','Windows/LogicalDisk/11'),(59,'b9bc8f5ae3420c23f56401e819a3136c','Windows/LogicalDisk/12'),(60,'399b78298523f726ec0c8f1da9d5acab','Windows/LogicalDisk/13'),(61,'a6e10b0b2f6feeb0d762258d9fccfc38','Windows/LogicalDisk/14'),(62,'90421f24c49fac3b2a532f29b24067d5','Windows/LogicalDisk/15'),(63,'3d6e9f0b4fc9bab728ae272ed205309c','Windows/Memory'),(64,'2f7f9004c05e7432dc0fc11ac31dd0a2','Windows/Network/1'),(65,'de94967e615156efa1e268fb9b82d5f8','Windows/Network/2'),(66,'caebf1ff15d58fd23c6d03b812e3de8a','Windows/Network/3'),(67,'0dc30f1088d332f91104f9cd16bf6fe3','Windows/Network/4'),(68,'7f7de6c9bda11d34599a73928f9fffaa','Windows/Network/5'),(69,'4ec8ed387f51a189ef47366d2ce5d548','Windows/Network'),(70,'a6b556bc72e88c69d8d7ce68d122dc60','Windows/PhysicalDisk/1'),(71,'bb451620b1da59a61805fe8e1188c593','Windows/PhysicalDisk/2'),(72,'86ba968a3ca86361909650946cd3aa44','Windows/PhysicalDisk/3'),(73,'855b9532527b1d720d5c4baad3972d51','Windows/PhysicalDisk/4'),(74,'8c07dd4025bd4e4140e2475e92bba455','Windows/PhysicalDisk/5'),(75,'0f62fa8634230421b6fd328d06f796ff','Windows/PhysicalDisk/6'),(76,'ce4d0c82afa4b12b938dffe067b61f4e','Windows/PhysicalDisk/7'),(77,'668bf333f4f6bcda85525661a2d74be8','Windows/PhysicalDisk/8'),(78,'844ed5371b738bdffa25cd89d6f8707f','Windows/PhysicalDisk/9'),(79,'009144c08539ca2535f5eb6633c03fba','Windows/PhysicalDisk/10'),(80,'172d3da170a2243bec8f9eada0c8d30a','Windows/PhysicalDisk/11'),(81,'14bdc3e21fd9441190dd7dcd9438fd47','Windows/PhysicalDisk/12'),(82,'f26bc0257050a1e220b0a0e60db27350','Windows/PhysicalDisk/13'),(83,'94c4dc94c1f4dc5196ad5aaaa0f6ad79','Windows/PhysicalDisk/14'),(84,'9d2c4edc55a94eb5c442d75b7aafeaaf','Windows/PhysicalDisk/15'),(85,'6ed5bd2f05ebb116a813be2fd6db05a3','Windows/PhysicalDisk'),(86,'373ec1e86e6d18577f257d9039bdd79e','Windows/Processor'),(87,'8004e6d50c1c742ca46f0c5f7a0ca0c3','Windows/ProcessorTotal');
/*!40000 ALTER TABLE `data_template` ENABLE KEYS */;
UNLOCK TABLES;

--
-- Table structure for table `data_template_data`
--

DROP TABLE IF EXISTS `data_template_data`;
/*!40101 SET @saved_cs_client     = @@character_set_client */;
/*!50503 SET character_set_client = utf8mb4 */;
CREATE TABLE `data_template_data` (
  `id` int unsigned NOT NULL AUTO_INCREMENT,
  `local_data_template_data_id` int unsigned NOT NULL DEFAULT '0',
  `local_data_id` int unsigned NOT NULL DEFAULT '0',
  `data_template_id` mediumint unsigned NOT NULL DEFAULT '0',
  `data_input_id` mediumint unsigned NOT NULL DEFAULT '0',
  `t_name` char(2) CHARACTER SET utf8mb4 COLLATE utf8mb4_unicode_ci DEFAULT NULL,
  `name` varchar(250) CHARACTER SET utf8mb4 COLLATE utf8mb4_unicode_ci NOT NULL DEFAULT '',
  `name_cache` varchar(255) CHARACTER SET utf8mb4 COLLATE utf8mb4_unicode_ci NOT NULL DEFAULT '',
  `data_source_path` varchar(255) CHARACTER SET utf8mb4 COLLATE utf8mb4_unicode_ci DEFAULT '',
  `t_active` char(2) CHARACTER SET utf8mb4 COLLATE utf8mb4_unicode_ci DEFAULT '',
  `active` char(2) CHARACTER SET utf8mb4 COLLATE utf8mb4_unicode_ci DEFAULT NULL,
  `t_rrd_step` char(2) CHARACTER SET utf8mb4 COLLATE utf8mb4_unicode_ci DEFAULT '',
  `rrd_step` mediumint unsigned NOT NULL DEFAULT '0',
  `t_data_source_profile_id` char(2) CHARACTER SET utf8mb4 COLLATE utf8mb4_unicode_ci DEFAULT '',
  `data_source_profile_id` mediumint unsigned NOT NULL DEFAULT '1',
  PRIMARY KEY (`id`),
  KEY `local_data_id` (`local_data_id`),
  KEY `data_template_id` (`data_template_id`),
  KEY `data_input_id` (`data_input_id`),
  KEY `name_cache` (`name_cache`)
) ENGINE=InnoDB AUTO_INCREMENT=121 DEFAULT CHARSET=utf8mb4 COLLATE=utf8mb4_unicode_ci ROW_FORMAT=DYNAMIC;
/*!40101 SET character_set_client = @saved_cs_client */;

--
-- Dumping data for table `data_template_data`
--

LOCK TABLES `data_template_data` WRITE;
/*!40000 ALTER TABLE `data_template_data` DISABLE KEYS */;
INSERT INTO `data_template_data` VALUES (1,0,0,1,0,'on','name','','','','on','',300,'',1),(2,0,0,2,0,'on','name','','','','on','',300,'',1),(3,0,0,3,0,'on','name','','','','on','',300,'',1),(4,0,0,4,0,'on','name','','','','on','',300,'',1),(5,0,0,5,0,'on','name','','','','on','',300,'',1),(6,0,0,6,0,'on','name','','','','on','',300,'',1),(7,0,0,7,0,'on','name','','','','on','',300,'',1),(41,0,0,8,0,'on','name','','','','on','',300,'',1),(42,0,0,9,0,'on','name','','','','on','',300,'',1),(43,0,0,10,0,'on','name','','','','on','',300,'',1),(44,0,0,11,0,'on','name','','','','on','',300,'',1),(45,0,0,12,0,'on','name','','','','on','',300,'',1),(46,0,0,13,0,'on','name','','','','on','',300,'',1),(47,0,0,14,0,'on','name','','','','on','',300,'',1),(48,0,0,15,0,'on','name','','','','on','',300,'',1),(49,0,0,16,0,'on','name','','','','on','',300,'',1),(50,0,0,17,0,'on','name','','','','on','',300,'',1),(51,0,0,18,0,'on','name','','','','on','',300,'',1),(52,0,0,19,0,'on','name','','','','on','',300,'',1),(53,0,0,20,0,'on','name','','','','on','',300,'',1),(54,0,0,21,0,'on','name','','','','on','',300,'',1),(55,0,0,22,0,'on','name','','','','on','',300,'',1),(56,0,0,23,0,'on','name','','','','on','',300,'',1),(57,0,0,24,0,'on','name','','','','on','',300,'',1),(58,0,0,25,0,'on','name','','','','on','',300,'',1),(59,0,0,26,0,'on','name','','','','on','',300,'',1),(60,0,0,27,0,'on','name','','','','on','',300,'',1),(61,0,0,28,0,'on','name','','','','on','',300,'',1),(62,0,0,29,0,'on','name','','','','on','',300,'',1),(63,0,0,30,0,'on','name','','','','on','',300,'',1),(64,0,0,31,0,'on','name','','','','on','',300,'',1),(65,0,0,32,0,'on','name','','','','on','',300,'',1),(66,0,0,33,0,'on','name','','','','on','',300,'',1),(67,0,0,34,0,'on','name','','','','on','',300,'',1),(68,0,0,35,0,'on','name','','','','on','',300,'',1),(69,0,0,36,0,'on','name','','','','on','',300,'',1),(70,0,0,37,0,'on','name','','','','on','',300,'',1),(71,0,0,38,0,'on','name','','','','on','',300,'',1),(72,0,0,39,0,'on','name','','','','on','',300,'',1),(73,0,0,40,0,'on','name','','','','on','',300,'',1),(74,0,0,41,0,'on','name','','','','on','',300,'',1),(75,0,0,42,0,'on','name','','','','on','',300,'',1),(76,0,0,43,0,'on','name','','','','on','',300,'',1),(77,0,0,44,0,'on','name','','','','on','',300,'',1),(78,0,0,45,0,'on','name','','','','on','',300,'',1),(79,0,0,46,0,'on','name','','','','on','',300,'',1),(80,0,0,47,0,'on','name','','','','on','',300,'',1),(81,0,0,48,0,'on','name','','','','on','',300,'',1),(82,0,0,49,0,'on','name','','','','on','',300,'',1),(83,0,0,50,0,'on','name','','','','on','',300,'',1),(84,0,0,51,0,'on','name','','','','on','',300,'',1),(85,0,0,52,0,'on','name','','','','on','',300,'',1),(86,0,0,53,0,'on','name','','','','on','',300,'',1),(87,0,0,54,0,'on','name','','','','on','',300,'',1),(88,0,0,55,0,'on','name','','','','on','',300,'',1),(89,0,0,56,0,'on','name','','','','on','',300,'',1),(90,0,0,57,0,'on','name','','','','on','',300,'',1),(91,0,0,58,0,'on','name','','','','on','',300,'',1),(92,0,0,59,0,'on','name','','','','on','',300,'',1),(93,0,0,60,0,'on','name','','','','on','',300,'',1),(94,0,0,61,0,'on','name','','','','on','',300,'',1),(95,0,0,62,0,'on','name','','','','on','',300,'',1),(96,0,0,63,0,'on','name','','','','on','',300,'',1),(97,0,0,64,0,'on','name','','','','on','',300,'',1),(98,0,0,65,0,'on','name','','','','on','',300,'',1),(99,0,0,66,0,'on','name','','','','on','',300,'',1),(100,0,0,67,0,'on','name','','','','on','',300,'',1),(101,0,0,68,0,'on','name','','','','on','',300,'',1),(102,0,0,69,0,'on','name','','','','on','',300,'',1),(103,0,0,70,0,'on','name','','','','on','',300,'',1),(104,0,0,71,0,'on','name','','','','on','',300,'',1),(105,0,0,72,0,'on','name','','','','on','',300,'',1),(106,0,0,73,0,'on','name','','','','on','',300,'',1),(107,0,0,74,0,'on','name','','','','on','',300,'',1),(108,0,0,75,0,'on','name','','','','on','',300,'',1),(109,0,0,76,0,'on','name','','','','on','',300,'',1),(110,0,0,77,0,'on','name','','','','on','',300,'',1),(111,0,0,78,0,'on','name','','','','on','',300,'',1),(112,0,0,79,0,'on','name','','','','on','',300,'',1),(113,0,0,80,0,'on','name','','','','on','',300,'',1),(114,0,0,81,0,'on','name','','','','on','',300,'',1),(115,0,0,82,0,'on','name','','','','on','',300,'',1),(116,0,0,83,0,'on','name','','','','on','',300,'',1),(117,0,0,84,0,'on','name','','','','on','',300,'',1),(118,0,0,85,0,'on','name','','','','on','',300,'',1),(119,0,0,86,0,'on','name','','','','on','',300,'',1),(120,0,0,87,0,'on','name','','','','on','',300,'',1);
/*!40000 ALTER TABLE `data_template_data` ENABLE KEYS */;
UNLOCK TABLES;

--
-- Table structure for table `data_template_rrd`
--

DROP TABLE IF EXISTS `data_template_rrd`;
/*!40101 SET @saved_cs_client     = @@character_set_client */;
/*!50503 SET character_set_client = utf8mb4 */;
CREATE TABLE `data_template_rrd` (
  `id` int unsigned NOT NULL AUTO_INCREMENT,
  `hash` varchar(32) CHARACTER SET utf8mb4 COLLATE utf8mb4_unicode_ci NOT NULL DEFAULT '',
  `local_data_template_rrd_id` int unsigned NOT NULL DEFAULT '0',
  `local_data_id` int unsigned NOT NULL DEFAULT '0',
  `data_template_id` mediumint unsigned NOT NULL DEFAULT '0',
  `t_rrd_maximum` char(2) CHARACTER SET utf8mb4 COLLATE utf8mb4_unicode_ci DEFAULT NULL,
  `rrd_maximum` varchar(20) CHARACTER SET utf8mb4 COLLATE utf8mb4_unicode_ci NOT NULL DEFAULT '0',
  `t_rrd_minimum` char(2) CHARACTER SET utf8mb4 COLLATE utf8mb4_unicode_ci DEFAULT NULL,
  `rrd_minimum` varchar(20) CHARACTER SET utf8mb4 COLLATE utf8mb4_unicode_ci NOT NULL DEFAULT '0',
  `t_rrd_heartbeat` char(2) CHARACTER SET utf8mb4 COLLATE utf8mb4_unicode_ci DEFAULT NULL,
  `rrd_heartbeat` mediumint NOT NULL DEFAULT '0',
  `t_data_source_type_id` char(2) CHARACTER SET utf8mb4 COLLATE utf8mb4_unicode_ci DEFAULT NULL,
  `data_source_type_id` smallint NOT NULL DEFAULT '0',
  `t_data_source_name` char(2) CHARACTER SET utf8mb4 COLLATE utf8mb4_unicode_ci DEFAULT NULL,
  `data_source_name` varchar(19) CHARACTER SET utf8mb4 COLLATE utf8mb4_unicode_ci NOT NULL DEFAULT '',
  `t_data_input_field_id` char(2) CHARACTER SET utf8mb4 COLLATE utf8mb4_unicode_ci DEFAULT NULL,
  `data_input_field_id` mediumint unsigned NOT NULL DEFAULT '0',
  PRIMARY KEY (`id`),
  UNIQUE KEY `duplicate_dsname_contraint` (`local_data_id`,`data_source_name`,`data_template_id`),
  KEY `data_template_id` (`data_template_id`),
  KEY `local_data_template_rrd_id` (`local_data_template_rrd_id`)
) ENGINE=InnoDB AUTO_INCREMENT=354 DEFAULT CHARSET=utf8mb4 COLLATE=utf8mb4_unicode_ci ROW_FORMAT=DYNAMIC;
/*!40101 SET character_set_client = @saved_cs_client */;

--
-- Dumping data for table `data_template_rrd`
--

LOCK TABLES `data_template_rrd` WRITE;
/*!40000 ALTER TABLE `data_template_rrd` DISABLE KEYS */;
INSERT INTO `data_template_rrd` VALUES (1,'6a887b4202a174b6a8deabf93852b9b3',0,0,1,'','U','','0',NULL,600,'',1,'','items1','',0),(2,'8987ab0c7a5144177a2dc25239122b9e',0,0,2,'','U','','0',NULL,600,'',1,'','items1','',0),(3,'f5038f82d3782009efbbd30ff912acd4',0,0,2,NULL,'100',NULL,'0',NULL,600,NULL,1,NULL,'rbytes',NULL,0),(4,'a368e5c9380c5a6f929ac8fd3732bc0e',0,0,3,'','U','','0',NULL,600,'',1,'','items1','',0),(5,'348da3b4ba200a2592623714f2acf0a7',0,0,3,NULL,'100',NULL,'0',NULL,600,NULL,1,NULL,'rbytes',NULL,0),(6,'521e2e2550a0cb946ac3d21861572dac',0,0,4,'','U','','0',NULL,600,'',1,'','items1','',0),(7,'43da57f16bb4c084f20b980a2d8702c1',0,0,4,NULL,'100',NULL,'0',NULL,600,NULL,1,NULL,'rbytes',NULL,0),(8,'c7a4580fcd13ad4433293bad6c4076a6',0,0,5,'','U','','0',NULL,600,'',1,'','items1','',0),(9,'5072010893fcc7cc7904e175b063f471',0,0,5,NULL,'100',NULL,'0',NULL,600,NULL,1,NULL,'rbytes',NULL,0),(10,'31661b690d90195773dd6c5b798b8aeb',0,0,6,'','U','','0',NULL,600,'',1,'','items1','',0),(11,'73ed3272a2624be9213e37d3a1513396',0,0,6,NULL,'100',NULL,'0',NULL,600,NULL,1,NULL,'rbytes',NULL,0),(12,'7d76cbaa56ecf790674028415a25402e',0,0,2,NULL,'100',NULL,'0',NULL,600,NULL,1,NULL,'obytes',NULL,0),(13,'726c508a5b48d87ae484de5d9199c25b',0,0,3,NULL,'100',NULL,'0',NULL,600,NULL,1,NULL,'obytes',NULL,0),(14,'48c73361375374adfff32fee64a75167',0,0,4,NULL,'100',NULL,'0',NULL,600,NULL,1,NULL,'obytes',NULL,0),(15,'2d61028348560187f2eda78349986672',0,0,5,NULL,'100',NULL,'0',NULL,600,NULL,1,NULL,'obytes',NULL,0),(16,'361ba87ccc779d8f7e64359643dc0e3a',0,0,6,NULL,'100',NULL,'0',NULL,600,NULL,1,NULL,'obytes',NULL,0),(17,'538e9ea266ac7ddcd8d042373cc3a6a2',0,0,7,'','U','','0',NULL,600,'',1,'','items1','',0),(18,'964b80454efc85d476013cfd2aea15b5',0,0,7,NULL,'100',NULL,'0',NULL,600,NULL,1,NULL,'rbytes',NULL,0),(19,'442e60507f0f73ee3c9288145e8ec46b',0,0,7,NULL,'100',NULL,'0',NULL,600,NULL,1,NULL,'obytes',NULL,0),(20,'5672d59206d2a81f9eb5510d121884ac',0,0,7,NULL,'100',NULL,'0',NULL,600,NULL,1,NULL,'ipackets',NULL,0),(21,'a5d5e4dbff774aab6581ea84dd923e4f',0,0,7,NULL,'100',NULL,'0',NULL,600,NULL,1,NULL,'opackets',NULL,0),(22,'2cbbf73a99527a37fa0e7d9216b569fa',0,0,7,NULL,'100',NULL,'0',NULL,600,NULL,1,NULL,'ierrors',NULL,0),(23,'de9ad580805d78b087eb5473ea338a98',0,0,7,NULL,'100',NULL,'0',NULL,600,NULL,1,NULL,'oerrors',NULL,0),(24,'c01709fb97c543de58c8bcb10d61722e',0,0,7,NULL,'100',NULL,'0',NULL,600,NULL,1,NULL,'collisions',NULL,0),(139,'20904df6a1e315b0698f918fbbaa0213',0,0,8,'','U','','0',NULL,600,'',1,'','items1','',0),(140,'a7780f0a9d8c6b159a1790850bb78b4c',0,0,8,NULL,'100',NULL,'0',NULL,600,NULL,1,NULL,'usage',NULL,0),(141,'47b0cbbe3b29360495f351b8f6a24ee4',0,0,9,'','U','','0',NULL,600,'',1,'','items1','',0),(142,'ab8093dacc6d9ed26a14fecf812e2c91',0,0,9,NULL,'100',NULL,'0',NULL,600,NULL,1,NULL,'usage',NULL,0),(143,'8700ee26ed1259c3b3f02cf08a924193',0,0,10,'','U','','0',NULL,600,'',1,'','items1','',0),(144,'10e93951ef1bea4543dd5bc9919a8b9c',0,0,10,NULL,'100',NULL,'0',NULL,600,NULL,1,NULL,'usage',NULL,0),(145,'8824d77a89757e1a61f32bb096210cac',0,0,11,'','U','','0',NULL,600,'',1,'','items1','',0),(146,'d8bd8ba60d445bc2baa54bbc64740227',0,0,11,NULL,'100',NULL,'0',NULL,600,NULL,1,NULL,'usage',NULL,0),(147,'2745f0e435b38d155fb43a329251fe09',0,0,12,'','U','','0',NULL,600,'',1,'','items1','',0),(148,'feec751920e04d4646afd2bec65421d7',0,0,12,NULL,'100',NULL,'0',NULL,600,NULL,1,NULL,'usage',NULL,0),(149,'66a30ec1fef850696e0df97596dafebc',0,0,13,'','U','','0',NULL,600,'',1,'','items1','',0),(150,'ddbeaa6acef64ab712f01ce3f9423089',0,0,13,NULL,'100',NULL,'0',NULL,600,NULL,1,NULL,'usage',NULL,0),(151,'d679e75338611bf2138fcf908e10e774',0,0,14,'','U','','0',NULL,600,'',1,'','items1','',0),(152,'71faf2a73049e34c9554932848115a4e',0,0,14,NULL,'100',NULL,'0',NULL,600,NULL,1,NULL,'usage',NULL,0),(153,'721b9d80182b3516660b926c11edb3f9',0,0,15,'','U','','0',NULL,600,'',1,'','items1','',0),(154,'a206dc9d0e3c956de935d45be8168844',0,0,15,NULL,'100',NULL,'0',NULL,600,NULL,1,NULL,'usage',NULL,0),(155,'c0ff6a12a4e5982019326975a0b715bb',0,0,16,'','U','','0',NULL,600,'',1,'','items1','',0),(156,'d4f8a1780fed5848aedc019935459622',0,0,16,NULL,'100',NULL,'0',NULL,600,NULL,1,NULL,'usage',NULL,0),(157,'3bd3c75a64ebf959fb37bd76a6fae8d1',0,0,17,'','U','','0',NULL,600,'',1,'','items1','',0),(158,'752b2f115068936e37434a9a8d45ceaa',0,0,17,NULL,'100',NULL,'0',NULL,600,NULL,1,NULL,'usage',NULL,0),(159,'70dbf6fe7803fa420b16c805bad306e1',0,0,18,'','U','','0',NULL,600,'',1,'','items1','',0),(160,'4988932361e10bd3338b5d1e3c697043',0,0,18,NULL,'100',NULL,'0',NULL,600,NULL,1,NULL,'usage',NULL,0),(161,'20f17e37be6314e77746bd6016c015ac',0,0,19,'','U','','0',NULL,600,'',1,'','items1','',0),(162,'5cdd6e146b04a5cbb860ff03566bd688',0,0,19,NULL,'100',NULL,'0',NULL,600,NULL,1,NULL,'usage',NULL,0),(163,'e1c322f40f3f102da3aca5d2dcfbb212',0,0,20,'','U','','0',NULL,600,'',1,'','items1','',0),(164,'dd31ead50f2271e859427b975c4b3736',0,0,20,NULL,'100',NULL,'0',NULL,600,NULL,1,NULL,'usage',NULL,0),(165,'08d5d78c31c7840a07a8eb15f75941df',0,0,21,'','U','','0',NULL,600,'',1,'','items1','',0),(166,'17eb52ca575b77990a65994802e44812',0,0,21,NULL,'100',NULL,'0',NULL,600,NULL,1,NULL,'usage',NULL,0),(167,'dec845a200091d73f364342b5d83d584',0,0,22,'','U','','0',NULL,600,'',1,'','items1','',0),(168,'99ee96193d01a194b494a4b89029204e',0,0,22,NULL,'100',NULL,'0',NULL,600,NULL,1,NULL,'usage',NULL,0),(169,'4dc3b81dbef1963082e838ea0734145e',0,0,23,'','U','','0',NULL,600,'',1,'','items1','',0),(170,'4d5e783c58f7180bd3049edd20635dae',0,0,23,NULL,'100',NULL,'0',NULL,600,NULL,1,NULL,'pct',NULL,0),(171,'2628251299353506063125e775990b29',0,0,24,'','U','','0',NULL,600,'',1,'','items1','',0),(172,'f389a4a508c13b20edc4258391b60a25',0,0,24,NULL,'100',NULL,'0',NULL,600,NULL,1,NULL,'pct',NULL,0),(173,'446d8a1be0d25b5d460fdad864caa2e1',0,0,25,'','U','','0',NULL,600,'',1,'','items1','',0),(174,'3df3d40cde7a636010d867f83e30f257',0,0,25,NULL,'100',NULL,'0',NULL,600,NULL,1,NULL,'pct',NULL,0),(175,'9d568c328a65d419cdcc955d996ad315',0,0,26,'','U','','0',NULL,600,'',1,'','items1','',0),(176,'fb6d3113360c8657e557659f19a8eae9',0,0,26,NULL,'100',NULL,'0',NULL,600,NULL,1,NULL,'pct',NULL,0),(177,'4c1dfcb5793510c4ce7ec6724042523c',0,0,27,'','U','','0',NULL,600,'',1,'','items1','',0),(178,'f35831ed63686bf134f33d7d059003ee',0,0,27,NULL,'100',NULL,'0',NULL,600,NULL,1,NULL,'pct',NULL,0),(179,'841d14e84cf657d7b9ae65ea8a2ace77',0,0,28,'','U','','0',NULL,600,'',1,'','items1','',0),(180,'239f800f1c882adf375be29f5993afe6',0,0,28,NULL,'100',NULL,'0',NULL,600,NULL,1,NULL,'pct',NULL,0),(181,'c062fe465bed779754eb36bb3fb317bc',0,0,29,'','U','','0',NULL,600,'',1,'','items1','',0),(182,'538f4e8e4267189a7f4aab5ac748f17e',0,0,29,NULL,'100',NULL,'0',NULL,600,NULL,1,NULL,'pct',NULL,0),(183,'666bf6c71167808a08674d9ff2906c71',0,0,30,'','U','','0',NULL,600,'',1,'','items1','',0),(184,'dc85c230ec58d2c995be07a2bb755292',0,0,30,NULL,'100',NULL,'0',NULL,600,NULL,1,NULL,'pct',NULL,0),(185,'90bbea43d6fbbd36d9471eb576553008',0,0,31,'','U','','0',NULL,600,'',1,'','items1','',0),(186,'d0c448443b6e75d52cc7bb8470306268',0,0,31,NULL,'100',NULL,'0',NULL,600,NULL,1,NULL,'pct',NULL,0),(187,'34944e25188cdb6ad867fa47b3752aff',0,0,32,'','U','','0',NULL,600,'',1,'','items1','',0),(188,'cf8872e15f6f79179bfbbd57eb8dc3c0',0,0,32,NULL,'100',NULL,'0',NULL,600,NULL,1,NULL,'pct',NULL,0),(189,'63692353516a0e56f494fd01fabebe3c',0,0,33,'','U','','0',NULL,600,'',1,'','items1','',0),(190,'7ac87bcb16d4694063f3a803f08c80d7',0,0,33,NULL,'100',NULL,'0',NULL,600,NULL,1,NULL,'pct',NULL,0),(191,'09772cddbdacdc1b2fe426f95d9984bd',0,0,34,'','U','','0',NULL,600,'',1,'','items1','',0),(192,'a770170d6548124899e7dac33824bd57',0,0,34,NULL,'100',NULL,'0',NULL,600,NULL,1,NULL,'pct',NULL,0),(193,'0928e9ead94dea2ef6165a714ea2bf94',0,0,35,'','U','','0',NULL,600,'',1,'','items1','',0),(194,'40a041480cbe71c4d34efa909fd6be23',0,0,35,NULL,'100',NULL,'0',NULL,600,NULL,1,NULL,'pct',NULL,0),(195,'03e6c0ac051567331f8ad9b21d92bba4',0,0,36,'','U','','0',NULL,600,'',1,'','items1','',0),(196,'64d8818a8ef4f6f9835c4a1551043460',0,0,36,NULL,'100',NULL,'0',NULL,600,NULL,1,NULL,'pct',NULL,0),(197,'8e36235c947d2829fdfacdb8083ee8c7',0,0,37,'','U','','0',NULL,600,'',1,'','items1','',0),(198,'d8beab3050f9af2d29b88f261c9132e1',0,0,37,NULL,'100',NULL,'0',NULL,600,NULL,1,NULL,'pct',NULL,0),(199,'eeba3877cea0c2dc027a27c9425ba568',0,0,38,'','U','','0',NULL,600,'',1,'','items1','',0),(200,'09e9085dbc38309329f9a63fdbcdc9f6',0,0,38,NULL,'100',NULL,'0',NULL,600,NULL,1,NULL,'r_s',NULL,0),(201,'2e7bb316ca3a69932b608b3f306c28e0',0,0,38,NULL,'100',NULL,'0',NULL,600,NULL,1,NULL,'w_s',NULL,0),(202,'c17f65c6237ff28e91055ac682e035f3',0,0,38,NULL,'100',NULL,'0',NULL,600,NULL,1,NULL,'rkb_s',NULL,0),(203,'5cb365db92ce60eb80b4127535513c2b',0,0,38,NULL,'100',NULL,'0',NULL,600,NULL,1,NULL,'wkb_s',NULL,0),(204,'60f4f4aa8f6da42f214af0b30a6b5d14',0,0,38,NULL,'100',NULL,'0',NULL,600,NULL,1,NULL,'svctm',NULL,0),(205,'e2d2722db12ef582533662e517417238',0,0,39,'','U','','0',NULL,600,'',1,'','items1','',0),(206,'d41adf80b3fdef30ad6a133ef65e1736',0,0,39,NULL,'100',NULL,'0',NULL,600,NULL,1,NULL,'load1m',NULL,0),(207,'92d332ee8f44f3fd5cdfb39ef5bee229',0,0,39,NULL,'100',NULL,'0',NULL,600,NULL,1,NULL,'load5m',NULL,0),(208,'b7dc4f14496d41ba332022d678d352ba',0,0,39,NULL,'100',NULL,'0',NULL,600,NULL,1,NULL,'load15m',NULL,0),(209,'9928705a3844ca37245136a84584bd1d',0,0,40,'','U','','0',NULL,600,'',1,'','items1','',0),(210,'c4d084b536009a3764f3925058e75950',0,0,40,NULL,'100',NULL,'0',NULL,600,NULL,1,NULL,'used',NULL,0),(211,'96677eafd14012374e6f8cf61225eb68',0,0,40,NULL,'100',NULL,'0',NULL,600,NULL,1,NULL,'shared',NULL,0),(212,'dfb50e1d5a27d447a263505f720f650d',0,0,40,NULL,'100',NULL,'0',NULL,600,NULL,1,NULL,'buffers',NULL,0),(213,'ca39cdcd9442eb7971b08e8ab74baaa0',0,0,40,NULL,'100',NULL,'0',NULL,600,NULL,1,NULL,'cached',NULL,0),(214,'83b28ba7ecc6fec219208fa3511d9de7',0,0,40,NULL,'100',NULL,'0',NULL,600,NULL,1,NULL,'free',NULL,0),(215,'377fc48327c188bd4f8c8437baa9b277',0,0,41,'','U','','0',NULL,600,'',1,'','items1','',0),(216,'8be652fc64db8b43a0a9e7e58e19778e',0,0,41,NULL,'100',NULL,'0',NULL,600,NULL,1,NULL,'inBytes',NULL,0),(217,'78ba8288126d426b936491bf107a0f7c',0,0,42,'','U','','0',NULL,600,'',1,'','items1','',0),(218,'0f53ab7224816f5cba9415ec353bd2f5',0,0,42,NULL,'100',NULL,'0',NULL,600,NULL,1,NULL,'inBytes',NULL,0),(219,'03d75b9ba54bc959d43fcb3b1f0de49f',0,0,43,'','U','','0',NULL,600,'',1,'','items1','',0),(220,'de89031752f8166550ab865cfb28792f',0,0,43,NULL,'100',NULL,'0',NULL,600,NULL,1,NULL,'inBytes',NULL,0),(221,'ce9a029453ddfe117c46839c0954ba5e',0,0,44,'','U','','0',NULL,600,'',1,'','items1','',0),(222,'10ff0afa78742a753671d7397edb4c18',0,0,44,NULL,'100',NULL,'0',NULL,600,NULL,1,NULL,'inBytes',NULL,0),(223,'b0e8abd70a5a0227b284c66f1547bc1e',0,0,45,'','U','','0',NULL,600,'',1,'','items1','',0),(224,'dba3ca3ff62606e7a9b08270cb586a76',0,0,45,NULL,'100',NULL,'0',NULL,600,NULL,1,NULL,'inBytes',NULL,0),(225,'75ba7bb497cc946fdf6020ad5f12bbc4',0,0,41,NULL,'100',NULL,'0',NULL,600,NULL,1,NULL,'outBytes',NULL,0),(226,'afb098c0c22d57276d50178a5bfc7950',0,0,42,NULL,'100',NULL,'0',NULL,600,NULL,1,NULL,'outBytes',NULL,0),(227,'ae5bf45793d37a126ace9b9dae93cbcd',0,0,43,NULL,'100',NULL,'0',NULL,600,NULL,1,NULL,'outBytes',NULL,0),(228,'b2552d15a8b7a53e122ee0f9c121e80b',0,0,44,NULL,'100',NULL,'0',NULL,600,NULL,1,NULL,'outBytes',NULL,0),(229,'858e30ba1c1992e0c75adab37e88e86f',0,0,45,NULL,'100',NULL,'0',NULL,600,NULL,1,NULL,'outBytes',NULL,0),(230,'9df67227e81533e7c8826ff10bb5839f',0,0,46,'','U','','0',NULL,600,'',1,'','items1','',0),(231,'f8fd2060149aed2dece191b15cbe2836',0,0,46,NULL,'100',NULL,'0',NULL,600,NULL,1,NULL,'inBytes',NULL,0),(232,'7742a2df5237255585be21a6d65b355e',0,0,46,NULL,'100',NULL,'0',NULL,600,NULL,1,NULL,'outBytes',NULL,0),(233,'6066009f6e1269e101e5c0b74730bfe3',0,0,46,NULL,'100',NULL,'0',NULL,600,NULL,1,NULL,'inPackets',NULL,0),(234,'64ca48e6500b7716290659f55c279e63',0,0,46,NULL,'100',NULL,'0',NULL,600,NULL,1,NULL,'outPackets',NULL,0),(235,'20d765e8f5f39db72cdefe1a0862249f',0,0,46,NULL,'100',NULL,'0',NULL,600,NULL,1,NULL,'inErrs',NULL,0),(236,'519d2a8b808da2a35fb7a12451546c2e',0,0,46,NULL,'100',NULL,'0',NULL,600,NULL,1,NULL,'outErrs',NULL,0),(237,'0224f52fef1dc9d716946907f1981531',0,0,46,NULL,'100',NULL,'0',NULL,600,NULL,1,NULL,'inDrop',NULL,0),(238,'49f4b3a828f0bc9d96ab834a89a9d8d7',0,0,46,NULL,'100',NULL,'0',NULL,600,NULL,1,NULL,'inFifo',NULL,0),(239,'05a14e81bd0b1d6d2b75aedb52bef0bd',0,0,46,NULL,'100',NULL,'0',NULL,600,NULL,1,NULL,'inFrame',NULL,0),(240,'5611910541c4a2a5d73a0664973eb240',0,0,46,NULL,'100',NULL,'0',NULL,600,NULL,1,NULL,'outDrop',NULL,0),(241,'afe2f202cc244ee11aded092149aa02e',0,0,46,NULL,'100',NULL,'0',NULL,600,NULL,1,NULL,'outFifo',NULL,0),(242,'2de67bec4079ec130948bb7d7774e7a2',0,0,46,NULL,'100',NULL,'0',NULL,600,NULL,1,NULL,'outColls',NULL,0),(243,'3f0ad25365148bfb6175778e39335007',0,0,46,NULL,'100',NULL,'0',NULL,600,NULL,1,NULL,'outCarrier',NULL,0),(244,'e1ad3ca980c9612841771ffa9186375c',0,0,47,'','U','','0',NULL,600,'',1,'','items1','',0),(245,'7ed7c1339846fdc6bb2becdfc39cab10',0,0,47,NULL,'100',NULL,'0',NULL,600,NULL,1,NULL,'us',NULL,0),(246,'49ae4f485483c1be9a897098ae102e83',0,0,47,NULL,'100',NULL,'0',NULL,600,NULL,1,NULL,'sy',NULL,0),(247,'28373532a90dd1b87d3d1d70f78549f4',0,0,47,NULL,'100',NULL,'0',NULL,600,NULL,1,NULL,'wa',NULL,0),(248,'6331731f9700a6a36796efc1fa37b8b1',0,0,47,NULL,'100',NULL,'0',NULL,600,NULL,1,NULL,'r',NULL,0),(249,'6ef76d0e6943aadc7b52bd0ab892185a',0,0,47,NULL,'100',NULL,'0',NULL,600,NULL,1,NULL,'b',NULL,0),(250,'99af472b5666d3b9e310999fbb8a1280',0,0,47,NULL,'100',NULL,'0',NULL,600,NULL,1,NULL,'free',NULL,0),(251,'41d6cbef84e99e6dc719cc4ddee65072',0,0,47,NULL,'100',NULL,'0',NULL,600,NULL,1,NULL,'si',NULL,0),(252,'a5f0f6152f9c5b35fc3ce4c8d3409831',0,0,47,NULL,'100',NULL,'0',NULL,600,NULL,1,NULL,'so',NULL,0),(253,'7ce914080aa9aafb2b448f6f6da5157f',0,0,48,'','U','','0',NULL,600,'',1,'','items1','',0),(254,'f188cf169b688e58ee5577305c4c97a4',0,0,48,NULL,'100',NULL,'0',NULL,600,NULL,1,NULL,'PercentFree',NULL,0),(255,'3c00da7b6179af7237461d3d9fd91ccd',0,0,49,'','U','','0',NULL,600,'',1,'','items1','',0),(256,'b8bacc42f3a00887ee45ca54219677b1',0,0,49,NULL,'100',NULL,'0',NULL,600,NULL,1,NULL,'PercentFree',NULL,0),(257,'d02f7c4a516e9577370eac3d2826baaf',0,0,50,'','U','','0',NULL,600,'',1,'','items1','',0),(258,'91cb7384f1fbdfd067fbdafa41903ef3',0,0,50,NULL,'100',NULL,'0',NULL,600,NULL,1,NULL,'PercentFree',NULL,0),(259,'59b1c5e0e4eff56c74322c80e9638f02',0,0,51,'','U','','0',NULL,600,'',1,'','items1','',0),(260,'63651e7f08d07cef5246b825633e9a2a',0,0,51,NULL,'100',NULL,'0',NULL,600,NULL,1,NULL,'PercentFree',NULL,0),(261,'8100f9b310640cf74368b10808e034da',0,0,52,'','U','','0',NULL,600,'',1,'','items1','',0),(262,'02ec3171ad188cdcd268b0335dd587af',0,0,52,NULL,'100',NULL,'0',NULL,600,NULL,1,NULL,'PercentFree',NULL,0),(263,'573e5ebd2b7ed3e23b1734d419170648',0,0,53,'','U','','0',NULL,600,'',1,'','items1','',0),(264,'b7be74f49e779351f421c04258bdd422',0,0,53,NULL,'100',NULL,'0',NULL,600,NULL,1,NULL,'PercentFree',NULL,0),(265,'285067fe2851d7d5381c7a1b58903938',0,0,54,'','U','','0',NULL,600,'',1,'','items1','',0),(266,'8639e65356cdb93694f25f2266eb0215',0,0,54,NULL,'100',NULL,'0',NULL,600,NULL,1,NULL,'PercentFree',NULL,0),(267,'6353740e30756485b9cbb716e01b76e6',0,0,55,'','U','','0',NULL,600,'',1,'','items1','',0),(268,'35b3000617804501b4536630826124c8',0,0,55,NULL,'100',NULL,'0',NULL,600,NULL,1,NULL,'PercentFree',NULL,0),(269,'d8139761e53b14573b70e2019fdaa756',0,0,56,'','U','','0',NULL,600,'',1,'','items1','',0),(270,'02c57e62b64bfb03688867b5eaa944a7',0,0,56,NULL,'100',NULL,'0',NULL,600,NULL,1,NULL,'PercentFree',NULL,0),(271,'571bebcc6b97ec3b675efb97c65bc0a6',0,0,57,'','U','','0',NULL,600,'',1,'','items1','',0),(272,'85bddce510a460cb8d90311d85e7f802',0,0,57,NULL,'100',NULL,'0',NULL,600,NULL,1,NULL,'PercentFree',NULL,0),(273,'79a1f9cc1a42a245a02e82fcd169a0bf',0,0,58,'','U','','0',NULL,600,'',1,'','items1','',0),(274,'5857358245742e7798174fd2b5fb72eb',0,0,58,NULL,'100',NULL,'0',NULL,600,NULL,1,NULL,'PercentFree',NULL,0),(275,'63d5d6af58af594f32c83d91f11a22dd',0,0,59,'','U','','0',NULL,600,'',1,'','items1','',0),(276,'a2699fecdb3d5c0ede0e6968d81b4762',0,0,59,NULL,'100',NULL,'0',NULL,600,NULL,1,NULL,'PercentFree',NULL,0),(277,'6ffa65933bd9ea4349c87ae23d690cbd',0,0,60,'','U','','0',NULL,600,'',1,'','items1','',0),(278,'a81eb8cd4d45e84cf3c2e964afe8f90c',0,0,60,NULL,'100',NULL,'0',NULL,600,NULL,1,NULL,'PercentFree',NULL,0),(279,'acf6e6d28dd225fe066d8036cf73242e',0,0,61,'','U','','0',NULL,600,'',1,'','items1','',0),(280,'4a5f4886be301bacc9705770387b186a',0,0,61,NULL,'100',NULL,'0',NULL,600,NULL,1,NULL,'PercentFree',NULL,0),(281,'d2a479b2b2f6a38ac2abfff8b12daaf5',0,0,62,'','U','','0',NULL,600,'',1,'','items1','',0),(282,'5cf721d326de131db0f81590b606c98e',0,0,62,NULL,'100',NULL,'0',NULL,600,NULL,1,NULL,'PercentFree',NULL,0),(283,'888ff09fe962e9975af67f40396ad5cb',0,0,63,'','U','','0',NULL,600,'',1,'','items1','',0),(284,'fa9b62366e366c758365c6bad8fcec5a',0,0,63,NULL,'100',NULL,'0',NULL,600,NULL,1,NULL,'CommittedBytes',NULL,0),(285,'fa5071094a45162e7467bb4296a2e352',0,0,63,NULL,'100',NULL,'0',NULL,600,NULL,1,NULL,'AvailableBytes',NULL,0),(286,'30eaba876cc3ec2bad1dd821c5196d77',0,0,64,'','U','','0',NULL,600,'',1,'','items1','',0),(287,'35b1dce89b99d47e8690fb53ddde846a',0,0,64,NULL,'100',NULL,'0',NULL,600,NULL,1,NULL,'BytesRecivedSec',NULL,0),(288,'2b9c35f1a8eaf65ebb986d2bf4f03800',0,0,65,'','U','','0',NULL,600,'',1,'','items1','',0),(289,'c857d22c663d6b7995207c5381e7465e',0,0,65,NULL,'100',NULL,'0',NULL,600,NULL,1,NULL,'BytesRecivedSec',NULL,0),(290,'dbaac0742f29767afd84de8cabd945c5',0,0,66,'','U','','0',NULL,600,'',1,'','items1','',0),(291,'66d7e49ac75fdd7aba7be3102d02638e',0,0,66,NULL,'100',NULL,'0',NULL,600,NULL,1,NULL,'BytesRecivedSec',NULL,0),(292,'ec193af10124fb8232c520f5a5ac3d29',0,0,67,'','U','','0',NULL,600,'',1,'','items1','',0),(293,'eab2f0640fb2b5acb31a4ac3d03332d0',0,0,67,NULL,'100',NULL,'0',NULL,600,NULL,1,NULL,'BytesRecivedSec',NULL,0),(294,'7fad59d9927434ee6a19baf787092516',0,0,68,'','U','','0',NULL,600,'',1,'','items1','',0),(295,'2e3859bf41b4839d025437182b88eab4',0,0,68,NULL,'100',NULL,'0',NULL,600,NULL,1,NULL,'BytesRecivedSec',NULL,0),(296,'847c705c4e5ebb4b7e4467e14251242e',0,0,64,NULL,'100',NULL,'0',NULL,600,NULL,1,NULL,'BytesSentSec',NULL,0),(297,'f32d49b9cc8b6e6808029219f410b5f1',0,0,65,NULL,'100',NULL,'0',NULL,600,NULL,1,NULL,'BytesSentSec',NULL,0),(298,'0e2f5ffe5671b565b452ee9bc389d40b',0,0,66,NULL,'100',NULL,'0',NULL,600,NULL,1,NULL,'BytesSentSec',NULL,0),(299,'00d9edd68568d29eccb40657dce72f20',0,0,67,NULL,'100',NULL,'0',NULL,600,NULL,1,NULL,'BytesSentSec',NULL,0),(300,'36f9d5fdd37895d70369eebc4f3bbefa',0,0,68,NULL,'100',NULL,'0',NULL,600,NULL,1,NULL,'BytesSentSec',NULL,0),(301,'dd77123ac1b31ca06d7b2af07d7806af',0,0,69,'','U','','0',NULL,600,'',1,'','items1','',0),(302,'0d8d18baf4e1970d2baea3d45ea692ad',0,0,69,NULL,'100',NULL,'0',NULL,600,NULL,1,NULL,'BytesRecivedSec',NULL,0),(303,'8a2d7fe38dce34d84c011664de979817',0,0,69,NULL,'100',NULL,'0',NULL,600,NULL,1,NULL,'BytesSentSec',NULL,0),(304,'d8b15b94a15a8747fe2618d4e3a21d46',0,0,69,NULL,'100',NULL,'0',NULL,600,NULL,1,NULL,'PacketsRecivedSec',NULL,0),(305,'14fabe375aa5c6f052422cb8b57bc8df',0,0,69,NULL,'100',NULL,'0',NULL,600,NULL,1,NULL,'PacketsSentSec',NULL,0),(306,'c19b5db1ec290701d02d63545aeef267',0,0,69,NULL,'100',NULL,'0',NULL,600,NULL,1,NULL,'RecievedDiscarded',NULL,0),(307,'67746346280472fe1eddd742bb3e74e6',0,0,69,NULL,'100',NULL,'0',NULL,600,NULL,1,NULL,'RecievedErrors',NULL,0),(308,'6d762743e53c27388cb18b7fbcf0f360',0,0,69,NULL,'100',NULL,'0',NULL,600,NULL,1,NULL,'OutboundDiscarded',NULL,0),(309,'1a1cee651326493cddb4604e7598701d',0,0,69,NULL,'100',NULL,'0',NULL,600,NULL,1,NULL,'OutboundErrors',NULL,0),(310,'918e696122a7f46ed80cf32b2eac8c76',0,0,70,'','U','','0',NULL,600,'',1,'','items1','',0),(311,'2a082770416a7390c5aa26caf732b6ed',0,0,70,NULL,'100',NULL,'0',NULL,600,NULL,1,NULL,'DiskIdleTime',NULL,0),(312,'7366e03d84d64287cf67a934c07df13f',0,0,71,'','U','','0',NULL,600,'',1,'','items1','',0),(313,'374fee1acd3cfec7759edd89902be911',0,0,71,NULL,'100',NULL,'0',NULL,600,NULL,1,NULL,'DiskIdleTime',NULL,0),(314,'8db564716a13431c4e80a112e657e89a',0,0,72,'','U','','0',NULL,600,'',1,'','items1','',0),(315,'af4d10bc3391227ee41f603323334d8c',0,0,72,NULL,'100',NULL,'0',NULL,600,NULL,1,NULL,'DiskIdleTime',NULL,0),(316,'8553012476b1c6ace85ae12c836d0cea',0,0,73,'','U','','0',NULL,600,'',1,'','items1','',0),(317,'109ce290ad622b0901abf4eff90b7d71',0,0,73,NULL,'100',NULL,'0',NULL,600,NULL,1,NULL,'DiskIdleTime',NULL,0),(318,'6c5bb4d3ad11441248af205df245af57',0,0,74,'','U','','0',NULL,600,'',1,'','items1','',0),(319,'23ca33e73718ffc228d72503ff73b8b4',0,0,74,NULL,'100',NULL,'0',NULL,600,NULL,1,NULL,'DiskIdleTime',NULL,0),(320,'8e4064b70fc8ca7879d5d9ec4070799a',0,0,75,'','U','','0',NULL,600,'',1,'','items1','',0),(321,'9c3ade1b43e1fb150a3743771262ce98',0,0,75,NULL,'100',NULL,'0',NULL,600,NULL,1,NULL,'DiskIdleTime',NULL,0),(322,'1f9762d563ddec4843efb291783963df',0,0,76,'','U','','0',NULL,600,'',1,'','items1','',0),(323,'6f6786e4a14e389d2354a687562ff612',0,0,76,NULL,'100',NULL,'0',NULL,600,NULL,1,NULL,'DiskIdleTime',NULL,0),(324,'f7fbb94f8d51309a60a08458d6f81468',0,0,77,'','U','','0',NULL,600,'',1,'','items1','',0),(325,'5aefd5ea2b3340d6384a20df4c39018a',0,0,77,NULL,'100',NULL,'0',NULL,600,NULL,1,NULL,'DiskIdleTime',NULL,0),(326,'162e1c394b8b471e63c1dd4b1ca82755',0,0,78,'','U','','0',NULL,600,'',1,'','items1','',0),(327,'b7482c88ae0698c6db68d1dfe161f121',0,0,78,NULL,'100',NULL,'0',NULL,600,NULL,1,NULL,'DiskIdleTime',NULL,0),(328,'0f372d83370ca475ef96b0d1a13072c1',0,0,79,'','U','','0',NULL,600,'',1,'','items1','',0),(329,'f9049fad7fce7422c50174f956468d12',0,0,79,NULL,'100',NULL,'0',NULL,600,NULL,1,NULL,'DiskIdleTime',NULL,0),(330,'ed5fd5008448faa36d30b101e3421822',0,0,80,'','U','','0',NULL,600,'',1,'','items1','',0),(331,'6d13a792ec231ff50dece236cb201801',0,0,80,NULL,'100',NULL,'0',NULL,600,NULL,1,NULL,'DiskIdleTime',NULL,0),(332,'61bac3eebace6090ef49902d6504b844',0,0,81,'','U','','0',NULL,600,'',1,'','items1','',0),(333,'01da2ab17cd690d8019097482b03070a',0,0,81,NULL,'100',NULL,'0',NULL,600,NULL,1,NULL,'DiskIdleTime',NULL,0),(334,'9d3d7b319ee2077ac31c079ea58cbe13',0,0,82,'','U','','0',NULL,600,'',1,'','items1','',0),(335,'39003466acb3699171abfe443fd7d5d8',0,0,82,NULL,'100',NULL,'0',NULL,600,NULL,1,NULL,'DiskIdleTime',NULL,0),(336,'db9ef1762ba675bc9aa1a43f6ce4f31e',0,0,83,'','U','','0',NULL,600,'',1,'','items1','',0),(337,'4d4891bc95a097835b1a5187eae2651d',0,0,83,NULL,'100',NULL,'0',NULL,600,NULL,1,NULL,'DiskIdleTime',NULL,0),(338,'070405a3aa61fc18522064111864d17f',0,0,84,'','U','','0',NULL,600,'',1,'','items1','',0),(339,'c6f4916a46302b54919a18994c1e0196',0,0,84,NULL,'100',NULL,'0',NULL,600,NULL,1,NULL,'DiskIdleTime',NULL,0),(340,'01b77c9e0f936108fbe6bb396d79cd43',0,0,85,'','U','','0',NULL,600,'',1,'','items1','',0),(341,'293f6e3e78ae757576edeef26a53e0ba',0,0,85,NULL,'100',NULL,'0',NULL,600,NULL,1,NULL,'DiskReadsSec',NULL,0),(342,'7392dcae9adcd888f42a5a5845fa8c20',0,0,85,NULL,'100',NULL,'0',NULL,600,NULL,1,NULL,'DiskWritesSec',NULL,0),(343,'a819341b7dcd613b29ce4ae9b0bdd026',0,0,85,NULL,'100',NULL,'0',NULL,600,NULL,1,NULL,'DiskReadBytesSec',NULL,0),(344,'5fd9e6d827e99e8b50ba3ee3aa29d9e4',0,0,85,NULL,'100',NULL,'0',NULL,600,NULL,1,NULL,'DiskWriteBytesSec',NULL,0),(345,'144d4d403c1c0dbafb11b2e226497a5c',0,0,85,NULL,'100',NULL,'0',NULL,600,NULL,1,NULL,'DiskReadElapse',NULL,0),(346,'0f7d996e923ada9effed6be893848831',0,0,85,NULL,'100',NULL,'0',NULL,600,NULL,1,NULL,'DiskWriteElapse',NULL,0),(347,'50ae5a237568b935001a29410b3de6ef',0,0,86,'','U','','0',NULL,600,'',1,'','items1','',0),(348,'343608aac590b1fffdf5d9209e6a4f51',0,0,86,NULL,'100',NULL,'0',NULL,600,NULL,1,NULL,'UserTime',NULL,0),(349,'d7b9c84a4fa897e32782c0d48d83ff64',0,0,86,NULL,'100',NULL,'0',NULL,600,NULL,1,NULL,'PrivilegedTime',NULL,0),(350,'8b6d2b0bbf9afbb9a20000da6ec0ffae',0,0,87,'','U','','0',NULL,600,'',1,'','items1','',0),(351,'5264e23a64183c12760b260f5a4fb647',0,0,87,NULL,'100',NULL,'0',NULL,600,NULL,1,NULL,'UserTime',NULL,0),(352,'8a632a05ff16165e84ede836bab6e4a4',0,0,87,NULL,'100',NULL,'0',NULL,600,NULL,1,NULL,'PrivilegedTime',NULL,0),(353,'4a39864179f995eb2e3b156c6e071709',0,0,87,NULL,'100',NULL,'0',NULL,600,NULL,1,NULL,'InterruptTime',NULL,0);
/*!40000 ALTER TABLE `data_template_rrd` ENABLE KEYS */;
UNLOCK TABLES;

--
-- Table structure for table `external_links`
--

DROP TABLE IF EXISTS `external_links`;
/*!40101 SET @saved_cs_client     = @@character_set_client */;
/*!50503 SET character_set_client = utf8mb4 */;
CREATE TABLE `external_links` (
  `id` int unsigned NOT NULL AUTO_INCREMENT,
  `sortorder` int unsigned NOT NULL DEFAULT '0',
  `enabled` char(2) CHARACTER SET utf8mb4 COLLATE utf8mb4_unicode_ci DEFAULT 'on',
  `contentfile` varchar(255) CHARACTER SET utf8mb4 COLLATE utf8mb4_unicode_ci NOT NULL DEFAULT '',
  `title` varchar(20) CHARACTER SET utf8mb4 COLLATE utf8mb4_unicode_ci NOT NULL DEFAULT '',
  `style` varchar(10) CHARACTER SET utf8mb4 COLLATE utf8mb4_unicode_ci NOT NULL DEFAULT '',
  `extendedstyle` varchar(50) CHARACTER SET utf8mb4 COLLATE utf8mb4_unicode_ci NOT NULL DEFAULT '',
  `refresh` int unsigned DEFAULT NULL,
  PRIMARY KEY (`id`)
) ENGINE=InnoDB DEFAULT CHARSET=utf8mb4 COLLATE=utf8mb4_unicode_ci ROW_FORMAT=DYNAMIC COMMENT='Contains external links that are embedded into Cacti';
/*!40101 SET character_set_client = @saved_cs_client */;

--
-- Dumping data for table `external_links`
--

LOCK TABLES `external_links` WRITE;
/*!40000 ALTER TABLE `external_links` DISABLE KEYS */;
/*!40000 ALTER TABLE `external_links` ENABLE KEYS */;
UNLOCK TABLES;

--
-- Table structure for table `graph_local`
--

DROP TABLE IF EXISTS `graph_local`;
/*!40101 SET @saved_cs_client     = @@character_set_client */;
/*!50503 SET character_set_client = utf8mb4 */;
CREATE TABLE `graph_local` (
  `id` int unsigned NOT NULL AUTO_INCREMENT,
  `graph_template_id` mediumint unsigned NOT NULL DEFAULT '0',
  `host_id` mediumint unsigned NOT NULL DEFAULT '0',
  `snmp_query_id` mediumint NOT NULL DEFAULT '0',
  `snmp_query_graph_id` mediumint NOT NULL DEFAULT '0',
  `snmp_index` varchar(255) CHARACTER SET utf8mb4 COLLATE utf8mb4_unicode_ci NOT NULL DEFAULT '',
  PRIMARY KEY (`id`),
  KEY `host_id` (`host_id`),
  KEY `graph_template_id` (`graph_template_id`),
  KEY `snmp_query_id` (`snmp_query_id`),
  KEY `snmp_query_graph_id` (`snmp_query_graph_id`),
  KEY `snmp_index` (`snmp_index`)
) ENGINE=InnoDB AUTO_INCREMENT=22 DEFAULT CHARSET=utf8mb4 COLLATE=utf8mb4_unicode_ci ROW_FORMAT=DYNAMIC COMMENT='Creates a relationship for each item in a custom graph.';
/*!40101 SET character_set_client = @saved_cs_client */;

--
-- Dumping data for table `graph_local`
--

LOCK TABLES `graph_local` WRITE;
/*!40000 ALTER TABLE `graph_local` DISABLE KEYS */;
/*!40000 ALTER TABLE `graph_local` ENABLE KEYS */;
UNLOCK TABLES;

--
-- Table structure for table `graph_template_input`
--

DROP TABLE IF EXISTS `graph_template_input`;
/*!40101 SET @saved_cs_client     = @@character_set_client */;
/*!50503 SET character_set_client = utf8mb4 */;
CREATE TABLE `graph_template_input` (
  `id` mediumint unsigned NOT NULL AUTO_INCREMENT,
  `hash` varchar(32) CHARACTER SET utf8mb4 COLLATE utf8mb4_unicode_ci NOT NULL DEFAULT '',
  `graph_template_id` mediumint unsigned NOT NULL DEFAULT '0',
  `name` varchar(255) CHARACTER SET utf8mb4 COLLATE utf8mb4_unicode_ci NOT NULL DEFAULT '',
  `description` mediumtext CHARACTER SET utf8mb4 COLLATE utf8mb4_unicode_ci,
  `column_name` varchar(50) CHARACTER SET utf8mb4 COLLATE utf8mb4_unicode_ci NOT NULL DEFAULT '',
  PRIMARY KEY (`id`)
) ENGINE=InnoDB AUTO_INCREMENT=647 DEFAULT CHARSET=utf8mb4 COLLATE=utf8mb4_unicode_ci ROW_FORMAT=DYNAMIC COMMENT='Stores the names for graph item input groups.';
/*!40101 SET character_set_client = @saved_cs_client */;

--
-- Dumping data for table `graph_template_input`
--

LOCK TABLES `graph_template_input` WRITE;
/*!40000 ALTER TABLE `graph_template_input` DISABLE KEYS */;
INSERT INTO `graph_template_input` VALUES (1,'121885024293ea46e4fe5cc94597c11e',2,'Data Source [  1 / rbytes ]',NULL,'task_item_id'),(2,'c52dcd98a6e71c8a8a429b8bffff77e8',3,'Data Source [  1 / rbytes ]',NULL,'task_item_id'),(3,'29a6e970439beb0437758423591d5a6c',3,'Data Source [  2 / rbytes ]',NULL,'task_item_id'),(4,'072c4cc26997a0df762cceab465112a9',4,'Data Source [  1 / rbytes ]',NULL,'task_item_id'),(5,'73466002626213eb5074e9b52ec2c2e8',4,'Data Source [  2 / rbytes ]',NULL,'task_item_id'),(6,'d2674f4adc7a99fd343959d3223eba64',4,'Data Source [  3 / rbytes ]',NULL,'task_item_id'),(7,'e09c94b856f05678639dd7fedcd4ad35',5,'Data Source [  1 / rbytes ]',NULL,'task_item_id'),(8,'9571d42cc778b65348be42602ae32515',5,'Data Source [  2 / rbytes ]',NULL,'task_item_id'),(9,'d700f247ee859f705b9b7a0426b288ba',5,'Data Source [  3 / rbytes ]',NULL,'task_item_id'),(10,'f4eddfbdeccfd921e4adef97b47c2a48',5,'Data Source [  4 / rbytes ]',NULL,'task_item_id'),(11,'821e8d2038e39e4662cbb06f2aa8cd84',6,'Data Source [  1 / rbytes ]',NULL,'task_item_id'),(12,'3003356d4ff143ff01726c399af4d57b',6,'Data Source [  2 / rbytes ]',NULL,'task_item_id'),(13,'51967783743648f0740761be5fb0daac',6,'Data Source [  3 / rbytes ]',NULL,'task_item_id'),(14,'8b63660c77df1fb23b5e633717825cb3',6,'Data Source [  4 / rbytes ]',NULL,'task_item_id'),(15,'d9e2ce165be7400cd9164cbe73297f58',6,'Data Source [  5 / rbytes ]',NULL,'task_item_id'),(16,'e9cc23c3cd46739c0445f1e21f9c76af',7,'Data Source [  1 / obytes ]',NULL,'task_item_id'),(17,'1b8b6b18e913e7ad1d2d167d2fae7a5a',8,'Data Source [  1 / obytes ]',NULL,'task_item_id'),(18,'c4bb59cfc64c3cba86942d7322785e50',8,'Data Source [  2 / obytes ]',NULL,'task_item_id'),(19,'44ebfb7c62062e2d3f77d256f8b9f13e',9,'Data Source [  1 / obytes ]',NULL,'task_item_id'),(20,'fb8056be14bba2347fe1fdcc878e434c',9,'Data Source [  2 / obytes ]',NULL,'task_item_id'),(21,'11f58658608df63925c6978c7b9c0947',9,'Data Source [  3 / obytes ]',NULL,'task_item_id'),(22,'7f831b995894effa224c5556e60393ae',10,'Data Source [  1 / obytes ]',NULL,'task_item_id'),(23,'0e617b32420c088857c152283a95aa5f',10,'Data Source [  2 / obytes ]',NULL,'task_item_id'),(24,'991b224c42896604bf7d49847d4c4358',10,'Data Source [  3 / obytes ]',NULL,'task_item_id'),(25,'8a55d7b079959fc6e5ef0baa19045ae7',10,'Data Source [  4 / obytes ]',NULL,'task_item_id'),(26,'f0454f00105fee284e7ec23ace4ec1cc',11,'Data Source [  1 / obytes ]',NULL,'task_item_id'),(27,'167c764af87091d39b67a0c265052f4f',11,'Data Source [  2 / obytes ]',NULL,'task_item_id'),(28,'b759688ad1087728983a90c322bf4c21',11,'Data Source [  3 / obytes ]',NULL,'task_item_id'),(29,'66c2b95897f3f76b989424c60cf95293',11,'Data Source [  4 / obytes ]',NULL,'task_item_id'),(30,'c1c76bcc19124cfb38dcd46229e747fc',11,'Data Source [  5 / obytes ]',NULL,'task_item_id'),(31,'263ab02d99ff3de1e86eb6a0bc8185e7',12,'Data Source [  1 / inBytes ]',NULL,'task_item_id'),(32,'9feff48a61ea3fd56f44458902fc1584',12,'Data Source [  2 / outBytes ]',NULL,'task_item_id'),(33,'4bd409ea1e4c5b1170344d76e0b4051a',13,'Data Source [  1 / inPackets ]',NULL,'task_item_id'),(34,'03c4287e47d3065433a1e0aae081c4f0',13,'Data Source [  2 / outPackets ]',NULL,'task_item_id'),(35,'8096db0714594cf3c92e4eb24e75ff11',14,'Data Source [  1 / ierrors ]',NULL,'task_item_id'),(36,'a52ba782c6862b00f40541279f8e79bf',14,'Data Source [  2 / oerrors ]',NULL,'task_item_id'),(37,'86d5d4fd534c62f88e28cbeab9808b23',14,'Data Source [  3 / collisions ]',NULL,'task_item_id'),(38,'533f9b50868c8784920ce830595f794a',15,'Data Source [  1 / usage ]',NULL,'task_item_id'),(39,'50c204084fc874b5a115971a38ee54ca',16,'Data Source [  1 / usage ]',NULL,'task_item_id'),(40,'1d9ab274f1c56fb9f89fba3480a0dfe9',16,'Data Source [  2 / usage ]',NULL,'task_item_id'),(41,'0a77be46cdb75f62de502062a0f78083',17,'Data Source [  1 / usage ]',NULL,'task_item_id'),(42,'48b495f7c5766b1506a73c7b4c263b01',17,'Data Source [  2 / usage ]',NULL,'task_item_id'),(43,'415d3bdf81bd8589d5b7831aff7f6c81',17,'Data Source [  3 / usage ]',NULL,'task_item_id'),(44,'aae1c26cffd247771b3e1dfee8258d52',18,'Data Source [  1 / usage ]',NULL,'task_item_id'),(45,'2b33639cb4f22b6ac2a53c321bcf40fe',18,'Data Source [  2 / usage ]',NULL,'task_item_id'),(46,'ed7d2c3bbfc99c83fd85f174f32d045d',18,'Data Source [  3 / usage ]',NULL,'task_item_id'),(47,'765dc906a1dcf14cc6d814ecc2eec436',18,'Data Source [  4 / usage ]',NULL,'task_item_id'),(48,'e51a3203ab1afe215a66fd2f683592f4',19,'Data Source [  1 / usage ]',NULL,'task_item_id'),(49,'02f83ab580f96a38daf78f407684b02f',19,'Data Source [  2 / usage ]',NULL,'task_item_id'),(50,'f81ac9cc0c7aad572780dc4330d05003',19,'Data Source [  3 / usage ]',NULL,'task_item_id'),(51,'ad27b36c37fc33038807d0b5772eb34e',19,'Data Source [  4 / usage ]',NULL,'task_item_id'),(52,'00895f002dafa7f4dcb6930d87102dfa',19,'Data Source [  5 / usage ]',NULL,'task_item_id'),(53,'dc6b47713c83fb563b612e3b3886d740',20,'Data Source [  1 / usage ]',NULL,'task_item_id'),(54,'67864613f6aa351d1540ae90192eabaf',20,'Data Source [  2 / usage ]',NULL,'task_item_id'),(55,'9493e483580b99a9265728b3ab2c904e',20,'Data Source [  3 / usage ]',NULL,'task_item_id'),(56,'06f7c793254bb6a6abe7fe8c0ca290fb',20,'Data Source [  4 / usage ]',NULL,'task_item_id'),(57,'831457d57d32d60fa2cf88d8dd2cf14b',20,'Data Source [  5 / usage ]',NULL,'task_item_id'),(58,'52959a9a13300a4e4caf07e00dec9778',20,'Data Source [  6 / usage ]',NULL,'task_item_id'),(59,'e134e181f8a80de7f6f23ca795330fec',21,'Data Source [  1 / usage ]',NULL,'task_item_id'),(60,'3cb0feee5ab9a4adceada1174b1d88ef',21,'Data Source [  2 / usage ]',NULL,'task_item_id'),(61,'780a915cd65c8837ed1745eaaf62ddc0',21,'Data Source [  3 / usage ]',NULL,'task_item_id'),(62,'50637df2f3174bc342ec65e8eea23298',21,'Data Source [  4 / usage ]',NULL,'task_item_id'),(63,'13a6848016003a5cd864183e394a7dcb',21,'Data Source [  5 / usage ]',NULL,'task_item_id'),(64,'517307dec3e5a59fa5d4fe920f7c3f18',21,'Data Source [  6 / usage ]',NULL,'task_item_id'),(65,'2b42d05e47d85fcd4330344463f4a679',21,'Data Source [  7 / usage ]',NULL,'task_item_id'),(66,'e8c6df6b333854ec9b60957825260388',22,'Data Source [  1 / usage ]',NULL,'task_item_id'),(67,'02420ed67965875041ea2433c0907139',22,'Data Source [  2 / usage ]',NULL,'task_item_id'),(68,'67f87118a99a2bc8ea00b5cbf121acdf',22,'Data Source [  3 / usage ]',NULL,'task_item_id'),(69,'2867ffc9421e5a4fa2341429571bfe91',22,'Data Source [  4 / usage ]',NULL,'task_item_id'),(70,'3750f0a5197ac977c8e940ad701d11a3',22,'Data Source [  5 / usage ]',NULL,'task_item_id'),(71,'c40b38e68773a0a49ae17f9fb520f1f8',22,'Data Source [  6 / usage ]',NULL,'task_item_id'),(72,'e9cf939bb4daa73bcf48e6eac296aa37',22,'Data Source [  7 / usage ]',NULL,'task_item_id'),(73,'766f894357fd485eb2915f0769ddc411',22,'Data Source [  8 / usage ]',NULL,'task_item_id'),(74,'6aa318230a6ab13af2298d810268df4b',23,'Data Source [  1 / usage ]',NULL,'task_item_id'),(75,'b345c008e734a993ea024d38b8acec0e',23,'Data Source [  2 / usage ]',NULL,'task_item_id'),(76,'838a155bcac09f90de2df7ead0444ec9',23,'Data Source [  3 / usage ]',NULL,'task_item_id'),(77,'b5abc158af2ff6724597ebbb33643147',23,'Data Source [  4 / usage ]',NULL,'task_item_id'),(78,'84d47480b5305b4f16f9c4c1e169fdc4',23,'Data Source [  5 / usage ]',NULL,'task_item_id'),(79,'9b527573432a9cc9c420c9e082656f75',23,'Data Source [  6 / usage ]',NULL,'task_item_id'),(80,'dca67b930c3ab20902ba0812c6139cc5',23,'Data Source [  7 / usage ]',NULL,'task_item_id'),(81,'8338d24c273796f1382a218a80152e20',23,'Data Source [  8 / usage ]',NULL,'task_item_id'),(82,'015475cb49b9b21304e5bec2d8d8ad6d',23,'Data Source [  9 / usage ]',NULL,'task_item_id'),(83,'377fe026ab14db07926447cbf000273b',24,'Data Source [  1 / usage ]',NULL,'task_item_id'),(84,'8ae3ab0e996e12823fbacf5fbe0d859b',24,'Data Source [  2 / usage ]',NULL,'task_item_id'),(85,'f9d2968435ba47a08bcc223c34ab9e71',24,'Data Source [  3 / usage ]',NULL,'task_item_id'),(86,'3642ad43c4af742a445d970acaecae41',24,'Data Source [  4 / usage ]',NULL,'task_item_id'),(87,'35e9c96eceb089798e3adee91408886a',24,'Data Source [  5 / usage ]',NULL,'task_item_id'),(88,'04572ea7b78c8441cfb42e1668ac72c6',24,'Data Source [  6 / usage ]',NULL,'task_item_id'),(89,'6d1b43a6a8f6065befdfd5cde14518f9',24,'Data Source [  7 / usage ]',NULL,'task_item_id'),(90,'c80a5e315cdd874d6f02b7052c09cdce',24,'Data Source [  8 / usage ]',NULL,'task_item_id'),(91,'2252230b657da73d1a04371f3614a342',24,'Data Source [  9 / usage ]',NULL,'task_item_id'),(92,'8bec08b8d041beaa8ab3ef9b4ea9012e',24,'Data Source [ 10 / usage ]',NULL,'task_item_id'),(93,'4efa34bec6171bc6ae73151f241bea39',25,'Data Source [  1 / usage ]',NULL,'task_item_id'),(94,'59e6a755b9c42801bc7a3db51319d61f',25,'Data Source [  2 / usage ]',NULL,'task_item_id'),(95,'d899f9a00955d503cb739db9e75464c1',25,'Data Source [  3 / usage ]',NULL,'task_item_id'),(96,'9ff1a62da5261326158324cc978bfb0e',25,'Data Source [  4 / usage ]',NULL,'task_item_id'),(97,'5eeec4c192599899d850bd7c2c97cb32',25,'Data Source [  5 / usage ]',NULL,'task_item_id'),(98,'7890b04c44bf19abd9d47c6b18f8b1ec',25,'Data Source [  6 / usage ]',NULL,'task_item_id'),(99,'b78874b1073c79f0fbc464a4b2661d86',25,'Data Source [  7 / usage ]',NULL,'task_item_id'),(100,'9cf50098614ae363482ca7a56814030c',25,'Data Source [  8 / usage ]',NULL,'task_item_id'),(101,'63c3060cc4e8802a21d38a53b73a9c3a',25,'Data Source [  9 / usage ]',NULL,'task_item_id'),(102,'d7698c971d96e23af4ee36e4ee41457f',25,'Data Source [ 10 / usage ]',NULL,'task_item_id'),(103,'58b1a2ea550ec974fd971acbc63f7509',25,'Data Source [ 11 / usage ]',NULL,'task_item_id'),(104,'133112cef6fc3af54a2a1c34b970ac55',26,'Data Source [  1 / usage ]',NULL,'task_item_id'),(105,'c53b09be9e91627b1869b616b742dc0d',26,'Data Source [  2 / usage ]',NULL,'task_item_id'),(106,'43d17438099b1f0c7977daa9c8c426a3',26,'Data Source [  3 / usage ]',NULL,'task_item_id'),(107,'0b5c17929e5d849c660387ba13214d8a',26,'Data Source [  4 / usage ]',NULL,'task_item_id'),(108,'59391f5d73ad000e9dc213c41b46e1d0',26,'Data Source [  5 / usage ]',NULL,'task_item_id'),(109,'a78456d3272f9227e9675d07a989445b',26,'Data Source [  6 / usage ]',NULL,'task_item_id'),(110,'061b47d362c0efa7d18edfadf4a0dd19',26,'Data Source [  7 / usage ]',NULL,'task_item_id'),(111,'b9208915593e28f950d49bc5cc5fb388',26,'Data Source [  8 / usage ]',NULL,'task_item_id'),(112,'ccbc2eab4947776d26acf0e1e21fcc53',26,'Data Source [  9 / usage ]',NULL,'task_item_id'),(113,'e723cccf5e688172a15a408b92e284d2',26,'Data Source [ 10 / usage ]',NULL,'task_item_id'),(114,'34c49314dc7753122f033f2f512329c6',26,'Data Source [ 11 / usage ]',NULL,'task_item_id'),(115,'e531f13492bf0f9f6d6961ca9973b16f',26,'Data Source [ 12 / usage ]',NULL,'task_item_id'),(116,'139e04fd0d200db56e86fd02efa53c10',27,'Data Source [  1 / usage ]',NULL,'task_item_id'),(117,'4dad93d0bdd8264421e35326c61700fa',27,'Data Source [  2 / usage ]',NULL,'task_item_id'),(118,'d819fbb902dbd2e2b95226a7481b474d',27,'Data Source [  3 / usage ]',NULL,'task_item_id'),(119,'7300eed0d43d626015523e29397a44b8',27,'Data Source [  4 / usage ]',NULL,'task_item_id'),(120,'95ca620b10b919880fc1b5b8da2f91ac',27,'Data Source [  5 / usage ]',NULL,'task_item_id'),(121,'38d6588d1e03c4f829ec469c381704f8',27,'Data Source [  6 / usage ]',NULL,'task_item_id'),(122,'c230386a9cffea7a76c8715588e6a7c8',27,'Data Source [  7 / usage ]',NULL,'task_item_id'),(123,'6b446b265c9e8f04939b25c68da417f4',27,'Data Source [  8 / usage ]',NULL,'task_item_id'),(124,'810a80ec7c6fa709f3a88e4913fad7b0',27,'Data Source [  9 / usage ]',NULL,'task_item_id'),(125,'198d378e6d3c25cdcad1a1ac71e78425',27,'Data Source [ 10 / usage ]',NULL,'task_item_id'),(126,'459685f454838ebba9b877636ae5127f',27,'Data Source [ 11 / usage ]',NULL,'task_item_id'),(127,'448b89f473473c51c6724160a6d5ba31',27,'Data Source [ 12 / usage ]',NULL,'task_item_id'),(128,'a90391f92b3b48c15487c2767ccd0ff2',27,'Data Source [ 13 / usage ]',NULL,'task_item_id'),(129,'44a8a30c8c5ebeb3663df5b233621821',28,'Data Source [  1 / usage ]',NULL,'task_item_id'),(130,'46e88b5efb87c59d054f12e8face2b63',28,'Data Source [  2 / usage ]',NULL,'task_item_id'),(131,'e21196438f9f69062c168f5ffac253ff',28,'Data Source [  3 / usage ]',NULL,'task_item_id'),(132,'5574dd2e7efae30a446f155995098ed8',28,'Data Source [  4 / usage ]',NULL,'task_item_id'),(133,'173563ff95f705efb8d7dc83c20d2d73',28,'Data Source [  5 / usage ]',NULL,'task_item_id'),(134,'00dbde323c252c54dfcc52e4a874492d',28,'Data Source [  6 / usage ]',NULL,'task_item_id'),(135,'9de45d001593f423d159aa19df82714e',28,'Data Source [  7 / usage ]',NULL,'task_item_id'),(136,'5f03a453af1c9231c583e7559b24bca3',28,'Data Source [  8 / usage ]',NULL,'task_item_id'),(137,'c52884ac2a1ca2562dd973d76ad8bfa9',28,'Data Source [  9 / usage ]',NULL,'task_item_id'),(138,'b0655fa3f983300582f50596ec662c35',28,'Data Source [ 10 / usage ]',NULL,'task_item_id'),(139,'490369f4a6936d728d12924873beeef7',28,'Data Source [ 11 / usage ]',NULL,'task_item_id'),(140,'b4859e23e6fb493a4ea4859240288a44',28,'Data Source [ 12 / usage ]',NULL,'task_item_id'),(141,'19c79da725d8b7ac09317bbb520b4bd8',28,'Data Source [ 13 / usage ]',NULL,'task_item_id'),(142,'a7c0eba42d966b9f57b800706d418a7e',28,'Data Source [ 14 / usage ]',NULL,'task_item_id'),(143,'cb61e169bacac4ec7bf38a88d703110e',29,'Data Source [  1 / usage ]',NULL,'task_item_id'),(144,'be9b5ae3d406e04bf65c48e0ad572a1a',29,'Data Source [  2 / usage ]',NULL,'task_item_id'),(145,'5f2f9a9e90ed53e0585399c8ada5bd5d',29,'Data Source [  3 / usage ]',NULL,'task_item_id'),(146,'1862a1f25792b69222decf567f158104',29,'Data Source [  4 / usage ]',NULL,'task_item_id'),(147,'4271591210db862a14f7fa7999d6e498',29,'Data Source [  5 / usage ]',NULL,'task_item_id'),(148,'9df3cb767d757b49ac1bfa60432213c3',29,'Data Source [  6 / usage ]',NULL,'task_item_id'),(149,'af6a9d9172b4a0fa34f4595517ab014e',29,'Data Source [  7 / usage ]',NULL,'task_item_id'),(150,'dc977e5c9866bf33e072a8a79368fa18',29,'Data Source [  8 / usage ]',NULL,'task_item_id'),(151,'b525f164927512479378483321e96c25',29,'Data Source [  9 / usage ]',NULL,'task_item_id'),(152,'8bfc8487c656f622e55f01b7f52a0015',29,'Data Source [ 10 / usage ]',NULL,'task_item_id'),(153,'a7a43e1c94f18af52c0ac094e5109e1f',29,'Data Source [ 11 / usage ]',NULL,'task_item_id'),(154,'25802d2e88a6f4a93f63fb06f06bd6a3',29,'Data Source [ 12 / usage ]',NULL,'task_item_id'),(155,'e78a3d1647b46e55f2a46289cb4898b2',29,'Data Source [ 13 / usage ]',NULL,'task_item_id'),(156,'c6d55e4d2613e869417e0b9cc8c4f4e6',29,'Data Source [ 14 / usage ]',NULL,'task_item_id'),(157,'ded901dadbba3251677599f5cba018bc',29,'Data Source [ 15 / usage ]',NULL,'task_item_id'),(158,'c8ff9ea13808dea421497222f634e3d6',30,'Data Source [  1 / pct ]',NULL,'task_item_id'),(159,'8d66dab361221c4bca21425f0df179af',31,'Data Source [  1 / pct ]',NULL,'task_item_id'),(160,'fb4ae1d8c6d28009f28a4f9157b91459',31,'Data Source [  2 / pct ]',NULL,'task_item_id'),(161,'65a5ef2e65a0966702ab87fb9de90ee5',32,'Data Source [  1 / pct ]',NULL,'task_item_id'),(162,'58b258388db273374e883f584fe99e53',32,'Data Source [  2 / pct ]',NULL,'task_item_id'),(163,'8f518507ca6bfaa55d06797e3ef6f8b5',32,'Data Source [  3 / pct ]',NULL,'task_item_id'),(164,'135d3bb00d1b2e610221c1edcf991609',33,'Data Source [  1 / pct ]',NULL,'task_item_id'),(165,'424d10c02144fc703dd4b58e391cfb78',33,'Data Source [  2 / pct ]',NULL,'task_item_id'),(166,'1ada28cd16e14a3b0f17b566e4b7fe17',33,'Data Source [  3 / pct ]',NULL,'task_item_id'),(167,'f10fef2405dcd56f51478dcb5f86fb44',33,'Data Source [  4 / pct ]',NULL,'task_item_id'),(168,'985767baefa45b2300a15d8af625ab45',34,'Data Source [  1 / pct ]',NULL,'task_item_id'),(169,'d7bed08a5d90570139468672600d3f9e',34,'Data Source [  2 / pct ]',NULL,'task_item_id'),(170,'e0ebdf29a9986dd554f425af937053ef',34,'Data Source [  3 / pct ]',NULL,'task_item_id'),(171,'cddf6d9a5b97af2fefb858530021b7e2',34,'Data Source [  4 / pct ]',NULL,'task_item_id'),(172,'35b44fd1e58756a2740d4e57def8b3ad',34,'Data Source [  5 / pct ]',NULL,'task_item_id'),(173,'f061fed69a9ea050c37432d0b75726a7',35,'Data Source [  1 / pct ]',NULL,'task_item_id'),(174,'df1a230e64aaa174dd161573ab99a920',35,'Data Source [  2 / pct ]',NULL,'task_item_id'),(175,'aa7011840cc8470285f53c03049c01f7',35,'Data Source [  3 / pct ]',NULL,'task_item_id'),(176,'7971077b917cbb628fd881344af4e2b1',35,'Data Source [  4 / pct ]',NULL,'task_item_id'),(177,'7307ad25966de4a2936b27086efbbbc2',35,'Data Source [  5 / pct ]',NULL,'task_item_id'),(178,'3eb1dd9f3652d46b1e29b2eb73c10a3f',35,'Data Source [  6 / pct ]',NULL,'task_item_id'),(179,'7fb36c992f545ad70cf38be263df8827',36,'Data Source [  1 / pct ]',NULL,'task_item_id'),(180,'b60b1106b18729633871aec19478079f',36,'Data Source [  2 / pct ]',NULL,'task_item_id'),(181,'72808db690e12fc8cb2b7a43c781a8b7',36,'Data Source [  3 / pct ]',NULL,'task_item_id'),(182,'c4c3dff929b57c2df25d7466597a2af9',36,'Data Source [  4 / pct ]',NULL,'task_item_id'),(183,'cd9a382d09a284c716cf1051e85dec10',36,'Data Source [  5 / pct ]',NULL,'task_item_id'),(184,'22ba0bb9905295ab17c14ec0700a9623',36,'Data Source [  6 / pct ]',NULL,'task_item_id'),(185,'5c68b3234b5349beb836640a6115918b',36,'Data Source [  7 / pct ]',NULL,'task_item_id'),(186,'bc4613d1be799bf26a32133768f59cad',37,'Data Source [  1 / pct ]',NULL,'task_item_id'),(187,'bdcc2e4982280ef05184bf0ad1a92967',37,'Data Source [  2 / pct ]',NULL,'task_item_id'),(188,'6263a7cd044ae0d1d32ec815c677b48a',37,'Data Source [  3 / pct ]',NULL,'task_item_id'),(189,'553785361a0ce11c382fc6ca8210d0e4',37,'Data Source [  4 / pct ]',NULL,'task_item_id'),(190,'ceeed11e5644c37c0a0625a7dcf4342c',37,'Data Source [  5 / pct ]',NULL,'task_item_id'),(191,'371f3ac602eede1a838652a74528cdcb',37,'Data Source [  6 / pct ]',NULL,'task_item_id'),(192,'d9493c5408fb8ab8bfd84e6d5239c85a',37,'Data Source [  7 / pct ]',NULL,'task_item_id'),(193,'c51ef6d96da43b4a9154300573da5e9b',37,'Data Source [  8 / pct ]',NULL,'task_item_id'),(194,'d65d7dbd0f1714f60b8c4070e26c900f',38,'Data Source [  1 / pct ]',NULL,'task_item_id'),(195,'48c8a41262f0452354e9ccafb371cbd7',38,'Data Source [  2 / pct ]',NULL,'task_item_id'),(196,'0c50c05eaaaa17d1ff8542ab963aa362',38,'Data Source [  3 / pct ]',NULL,'task_item_id'),(197,'f631ad48ef7931e14359fd3b7ec01f3e',38,'Data Source [  4 / pct ]',NULL,'task_item_id'),(198,'ca25f84ce4d782347c723ff023ba4ff2',38,'Data Source [  5 / pct ]',NULL,'task_item_id'),(199,'ceb877b6bbb158f12a2657913e9f313a',38,'Data Source [  6 / pct ]',NULL,'task_item_id'),(200,'2cfd931402a783ee0d5e177024773f24',38,'Data Source [  7 / pct ]',NULL,'task_item_id'),(201,'cf880e14aaaf47d9e86c95bcce5e9afe',38,'Data Source [  8 / pct ]',NULL,'task_item_id'),(202,'59af2d639af4e20760347c7c09a3ed7b',38,'Data Source [  9 / pct ]',NULL,'task_item_id'),(203,'7d9d802ab59b535332a811733ee25c81',39,'Data Source [  1 / pct ]',NULL,'task_item_id'),(204,'bb8c6874539885cc0c865677a7fa5103',39,'Data Source [  2 / pct ]',NULL,'task_item_id'),(205,'5513827f2a3cfe4b6677eab5b62be1c9',39,'Data Source [  3 / pct ]',NULL,'task_item_id'),(206,'e0435d247e107f3e17b1915ca2816a41',39,'Data Source [  4 / pct ]',NULL,'task_item_id'),(207,'9fb13e16ee582d41fbc8e46225ecad8f',39,'Data Source [  5 / pct ]',NULL,'task_item_id'),(208,'1d3bb2ad5bd0e19e65585c0a39297e87',39,'Data Source [  6 / pct ]',NULL,'task_item_id'),(209,'dad0265281fa936f88ae4af86e4d13bc',39,'Data Source [  7 / pct ]',NULL,'task_item_id'),(210,'217cb0e86e8565bea031d39184f3ffaa',39,'Data Source [  8 / pct ]',NULL,'task_item_id'),(211,'9514687dc04ff68e0c552e9578218e58',39,'Data Source [  9 / pct ]',NULL,'task_item_id'),(212,'71160ce6e3f2a060647b901be5c744b2',39,'Data Source [ 10 / pct ]',NULL,'task_item_id'),(213,'7ea5ce684c1b2870fec0d7ef6391d870',40,'Data Source [  1 / pct ]',NULL,'task_item_id'),(214,'d74ec116e27b7dbb16c2313f49c425cc',40,'Data Source [  2 / pct ]',NULL,'task_item_id'),(215,'2b8fd00e6da202d533618527485b0116',40,'Data Source [  3 / pct ]',NULL,'task_item_id'),(216,'9a811fa3d74c8c3ec91d3ae5dbc1a9f5',40,'Data Source [  4 / pct ]',NULL,'task_item_id'),(217,'694a2c8933bb6a84e3fce373992274f7',40,'Data Source [  5 / pct ]',NULL,'task_item_id'),(218,'efbd9b8770181733250a972325adf570',40,'Data Source [  6 / pct ]',NULL,'task_item_id'),(219,'f32f67869be2187af9cb45ee5aba5539',40,'Data Source [  7 / pct ]',NULL,'task_item_id'),(220,'ba89e00a86e47ec8c81030835104787a',40,'Data Source [  8 / pct ]',NULL,'task_item_id'),(221,'9ebc845cf27349529a64ff58fa962fb8',40,'Data Source [  9 / pct ]',NULL,'task_item_id'),(222,'abf855a2e8fd3f6ced39c6ce3567e893',40,'Data Source [ 10 / pct ]',NULL,'task_item_id'),(223,'f99ce86b6d683163017c128b47fa315c',40,'Data Source [ 11 / pct ]',NULL,'task_item_id'),(224,'aee037d7a25f9fb513251806bb8b12e2',41,'Data Source [  1 / pct ]',NULL,'task_item_id'),(225,'2952b907fe9febe1247e748faf717a86',41,'Data Source [  2 / pct ]',NULL,'task_item_id'),(226,'23e719f267a8ec10e405a620e9991267',41,'Data Source [  3 / pct ]',NULL,'task_item_id'),(227,'fd70a057aa162831f1fbf1254349c9f3',41,'Data Source [  4 / pct ]',NULL,'task_item_id'),(228,'bc36986872c5b6d0dca24ef7a21b5dc8',41,'Data Source [  5 / pct ]',NULL,'task_item_id'),(229,'5ad6d328fe3a1413b3b393f475080b0f',41,'Data Source [  6 / pct ]',NULL,'task_item_id'),(230,'f9285de32e0d37cf2842960ccc85f253',41,'Data Source [  7 / pct ]',NULL,'task_item_id'),(231,'0add9851adc9b9ea45d234e055675b98',41,'Data Source [  8 / pct ]',NULL,'task_item_id'),(232,'95a92706dd774d6e425cb385b0c9e9ae',41,'Data Source [  9 / pct ]',NULL,'task_item_id'),(233,'b009bfa901e00763e258e18255a6fbd5',41,'Data Source [ 10 / pct ]',NULL,'task_item_id'),(234,'9f4ce326c2cbde824861563067c3ab67',41,'Data Source [ 11 / pct ]',NULL,'task_item_id'),(235,'93304a9114ac2757e011ecb4d5389ea5',41,'Data Source [ 12 / pct ]',NULL,'task_item_id'),(236,'9da791427dc487b09c62d10a86d208a2',42,'Data Source [  1 / pct ]',NULL,'task_item_id'),(237,'0c801e118088d008f32398d51161aaf7',42,'Data Source [  2 / pct ]',NULL,'task_item_id'),(238,'b836ac84c9d9181d3fa179c7028d983d',42,'Data Source [  3 / pct ]',NULL,'task_item_id'),(239,'9c5bd85eab3fddd9352d2caf21e324db',42,'Data Source [  4 / pct ]',NULL,'task_item_id'),(240,'a53ba30edaa4491f2478d60d9dbadf32',42,'Data Source [  5 / pct ]',NULL,'task_item_id'),(241,'29be4dc5ed17831a750a12811fcbcde9',42,'Data Source [  6 / pct ]',NULL,'task_item_id'),(242,'29dfc5ae1d54f6bf6f04cec0d7e3eb42',42,'Data Source [  7 / pct ]',NULL,'task_item_id'),(243,'c3bdb41a2bb216fab73f4457813962ec',42,'Data Source [  8 / pct ]',NULL,'task_item_id'),(244,'82d5d78405d7a75b9733dc6d4addc8a3',42,'Data Source [  9 / pct ]',NULL,'task_item_id'),(245,'28ea88a83d7decead262654a46c24137',42,'Data Source [ 10 / pct ]',NULL,'task_item_id'),(246,'8b05727613c5c473b71074428d787297',42,'Data Source [ 11 / pct ]',NULL,'task_item_id'),(247,'7a3561727abd96d1e9bc76424aecdf46',42,'Data Source [ 12 / pct ]',NULL,'task_item_id'),(248,'933d390b36b66dfdf474a10c1041b45b',42,'Data Source [ 13 / pct ]',NULL,'task_item_id'),(249,'74cdd2678bd1886505cb5f2e15189c9d',43,'Data Source [  1 / pct ]',NULL,'task_item_id'),(250,'30115d1707a7c26615843f3fedf44e1b',43,'Data Source [  2 / pct ]',NULL,'task_item_id'),(251,'828f68e5994dfadd8071b8c130b233e5',43,'Data Source [  3 / pct ]',NULL,'task_item_id'),(252,'ec8f2018af414a22e4643957ba3f02d8',43,'Data Source [  4 / pct ]',NULL,'task_item_id'),(253,'0c5ffdff48673a0ed99668f820030fe9',43,'Data Source [  5 / pct ]',NULL,'task_item_id'),(254,'5ad39e3f03173c569a73f398fec4e6d1',43,'Data Source [  6 / pct ]',NULL,'task_item_id'),(255,'51fc19246bd6cb3a0219cd0e9a8a736f',43,'Data Source [  7 / pct ]',NULL,'task_item_id'),(256,'1286ac1a1f53cad1f816dcac192ab7aa',43,'Data Source [  8 / pct ]',NULL,'task_item_id'),(257,'0471e0ca10c7bbfcf9258f297f26c694',43,'Data Source [  9 / pct ]',NULL,'task_item_id'),(258,'f3a8e79c6eca285c69ea5ab0cda39754',43,'Data Source [ 10 / pct ]',NULL,'task_item_id'),(259,'f3a505f433151806c74afb87b6c42283',43,'Data Source [ 11 / pct ]',NULL,'task_item_id'),(260,'54e6dcbc511352580bd80400d651ca7b',43,'Data Source [ 12 / pct ]',NULL,'task_item_id'),(261,'72cfaf12b82a350539a9f3d88bb68160',43,'Data Source [ 13 / pct ]',NULL,'task_item_id'),(262,'c9a6d7eab709f236fdc582c4f3ec19cc',43,'Data Source [ 14 / pct ]',NULL,'task_item_id'),(263,'9a6adca7982e95099d276dc36fe6f614',44,'Data Source [  1 / pct ]',NULL,'task_item_id'),(264,'599047de20b772d58c69b9820b0f94af',44,'Data Source [  2 / pct ]',NULL,'task_item_id'),(265,'b9771fe928d28ade184a0975dd5af813',44,'Data Source [  3 / pct ]',NULL,'task_item_id'),(266,'ff89050e2cea7668c173da84a8a7a0e3',44,'Data Source [  4 / pct ]',NULL,'task_item_id'),(267,'06c1dc0204a1c67aee8deaf6250dc3ba',44,'Data Source [  5 / pct ]',NULL,'task_item_id'),(268,'11c43ae99fd975b70a7816722f309ac7',44,'Data Source [  6 / pct ]',NULL,'task_item_id'),(269,'8b20f84d1a546b0dc26dc9011244c2f2',44,'Data Source [  7 / pct ]',NULL,'task_item_id'),(270,'21a79c54651d09106b4a4ef47f5b17a0',44,'Data Source [  8 / pct ]',NULL,'task_item_id'),(271,'c16d99d53da42605a89fe644024523b7',44,'Data Source [  9 / pct ]',NULL,'task_item_id'),(272,'7c7e99bd09fe3a9bdfa7b813288d346c',44,'Data Source [ 10 / pct ]',NULL,'task_item_id'),(273,'42957da99152d3a54db802d991b34ddb',44,'Data Source [ 11 / pct ]',NULL,'task_item_id'),(274,'c99cb761e2678db7c1d32d105484082a',44,'Data Source [ 12 / pct ]',NULL,'task_item_id'),(275,'746719cd268bcb6e0d5aacd71fe27d02',44,'Data Source [ 13 / pct ]',NULL,'task_item_id'),(276,'a4922c977dd73947604d9c84260d612a',44,'Data Source [ 14 / pct ]',NULL,'task_item_id'),(277,'778dc0175d1a1c0fae0b49516ca3a8bd',44,'Data Source [ 15 / pct ]',NULL,'task_item_id'),(278,'69a5e630714fd294c816f478c8b9c898',45,'Data Source [  1 / reads/sec ]',NULL,'task_item_id'),(279,'7bc9c2c7193cf5355ac3f84732b05ecc',45,'Data Source [  2 / writes/sec ]',NULL,'task_item_id'),(280,'74ad026b6e74bacad3cab8ae5430e065',46,'Data Source [  1 / read transfers ]',NULL,'task_item_id'),(281,'b37bfe546d44e940336fe1a027cb7768',46,'Data Source [  2 / write transfers ]',NULL,'task_item_id'),(282,'d7d5fc61939dbf1717462c81a12225c7',47,'Data Source [  1 / disk latency ]',NULL,'task_item_id'),(283,'6b5c0b7495fbc36dbc9e02f136cd19c5',48,'Data Source [  1 / 1min ]',NULL,'task_item_id'),(284,'cb01f69ae08cb23261b4fb8de4430264',48,'Data Source [  2 / 5min ]',NULL,'task_item_id'),(285,'9e92766a0ec293e40fe1765b74c5963f',48,'Data Source [  3 / 15min ]',NULL,'task_item_id'),(286,'1fc79896f140269fc1f7ca5dccf63735',49,'Data Source [ comment ]',NULL,'text_format'),(287,'1105b5441538064d758fdd87fc0cb604',49,'Data Source [ threshold ]',NULL,'value'),(288,'4d00e89bd47bb8b7ea04c726c902cc1c',49,'Data Source [  1 / used ]',NULL,'task_item_id'),(289,'c0448e9490c99c659e6d415e8e4c3e94',49,'Data Source [  2 / shared ]',NULL,'task_item_id'),(290,'24a0d0d89a4d3e9933c5e3c0e7044da3',49,'Data Source [  3 / buffers ]',NULL,'task_item_id'),(291,'4ff7f8913ffab470d70889d29c5466bf',49,'Data Source [  4 / cached ]',NULL,'task_item_id'),(292,'34cf463101918a976633d087c0906e5c',49,'Data Source [  5 / free ]',NULL,'task_item_id'),(293,'9f7f257c7987487cb8a47598f253899e',50,'Data Source [  1 / cached / buffers ]',NULL,'task_item_id'),(294,'62632579901caab96997b29b7d66f1f9',50,'Data Source [  2 / free ]',NULL,'task_item_id'),(295,'894f3b37f232aa9b8831c11daedb3735',50,'Data Source [  3 / Total ]',NULL,'task_item_id'),(296,'e92e8762b911535906b002fc876d338c',51,'Data Source [  1 / used ]',NULL,'task_item_id'),(297,'6a609a94217ade10373894e259503431',52,'Data Source [  1 / inBytes ]',NULL,'task_item_id'),(298,'f74dc8ffdb3cd0a88cc9541f75807a95',53,'Data Source [  1 / inBytes ]',NULL,'task_item_id'),(299,'c54ec37e923f42f9cbca6b3b0fbbe90a',53,'Data Source [  2 / inBytes ]',NULL,'task_item_id'),(300,'c4c3653da04abae656c51734afc39f3e',54,'Data Source [  1 / inBytes ]',NULL,'task_item_id'),(301,'1a0d6f3c47aa6505cf851ab81a669da0',54,'Data Source [  2 / inBytes ]',NULL,'task_item_id'),(302,'df03fd33fb42570f8dcf9e4f69c3c729',54,'Data Source [  3 / inBytes ]',NULL,'task_item_id'),(303,'4eb645c479f9045b8c4fd1e47d35d3d7',55,'Data Source [  1 / inBytes ]',NULL,'task_item_id'),(304,'2306f102ccf16f46986d6f51ce93df55',55,'Data Source [  2 / inBytes ]',NULL,'task_item_id'),(305,'c4fc810944e647897981f2600bdacccd',55,'Data Source [  3 / inBytes ]',NULL,'task_item_id'),(306,'0e5e52bb64e604836d9b40f381d984d9',55,'Data Source [  4 / inBytes ]',NULL,'task_item_id'),(307,'1190ab2606b01e9059954bf5b93542e8',56,'Data Source [  1 / inBytes ]',NULL,'task_item_id'),(308,'a9b7c86598cb07e4f76fac0a89085fda',56,'Data Source [  2 / inBytes ]',NULL,'task_item_id'),(309,'19ba71ebadb065951fb39a55a6e0c20c',56,'Data Source [  3 / inBytes ]',NULL,'task_item_id'),(310,'2305ed12cd1d12d6be785872b981be02',56,'Data Source [  4 / inBytes ]',NULL,'task_item_id'),(311,'7689b79d80c93ef5f3f2c6084a876a15',56,'Data Source [  5 / inBytes ]',NULL,'task_item_id'),(312,'e6b0f838039a9414823012d73d8a0694',57,'Data Source [  1 / outBytes ]',NULL,'task_item_id'),(313,'eb56965028aad92cf8bc628e13459249',58,'Data Source [  1 / outBytes ]',NULL,'task_item_id'),(314,'cd3a1a5e00a936644f2a35d3cbb0a0f9',58,'Data Source [  2 / outBytes ]',NULL,'task_item_id'),(315,'318c730a3de5ce8c2011d2a052fc40f4',59,'Data Source [  1 / outBytes ]',NULL,'task_item_id'),(316,'1857ddc28ab94cb5ab88a0a0084b7623',59,'Data Source [  2 / outBytes ]',NULL,'task_item_id'),(317,'378c200e8b43eb8deb21fd5546be1062',59,'Data Source [  3 / outBytes ]',NULL,'task_item_id'),(318,'30b6a260ba77a04ee3e149d5f448cf11',60,'Data Source [  1 / outBytes ]',NULL,'task_item_id'),(319,'9c829d7ef91031e6b29bfc45000a4803',60,'Data Source [  2 / outBytes ]',NULL,'task_item_id'),(320,'1c7acf19f152e2f911c36bc73830dd8e',60,'Data Source [  3 / outBytes ]',NULL,'task_item_id'),(321,'b2be61f87903f7abdb6f2fadb556d6b8',60,'Data Source [  4 / outBytes ]',NULL,'task_item_id'),(322,'740696535eb9cdaca15732415aa5e9e5',61,'Data Source [  1 / outBytes ]',NULL,'task_item_id'),(323,'bd5e6ccd73305e12620b8d94f4c90780',61,'Data Source [  2 / outBytes ]',NULL,'task_item_id'),(324,'fbb05c4951546b8bec1628325e7f8a66',61,'Data Source [  3 / outBytes ]',NULL,'task_item_id'),(325,'77e6a7437b8a9ac4355c83b96328c466',61,'Data Source [  4 / outBytes ]',NULL,'task_item_id'),(326,'8ab97f492c48ea02725aa4f4262376f0',61,'Data Source [  5 / outBytes ]',NULL,'task_item_id'),(327,'28a92ab98709d9840df4a03898f24a0c',62,'Data Source [  1 / inBytes ]',NULL,'task_item_id'),(328,'0a2b11c5161f6be7351b7c5744796ceb',62,'Data Source [  2 / outBytes ]',NULL,'task_item_id'),(329,'e14d2c1e077e82de725d19fc1170e2a6',63,'Data Source [  1 / inPackets ]',NULL,'task_item_id'),(330,'c078dceb37a8bad3dfc1b4562ed5b6ad',63,'Data Source [  2 / outPackets ]',NULL,'task_item_id'),(331,'849dd196ddb7eb6dfa523e5cc7e2830d',64,'Data Source [  1 / inErrs ]',NULL,'task_item_id'),(332,'1dbc5a1d0a4b6cbb9bb982f73df5bec9',64,'Data Source [  2 / outErrs ]',NULL,'task_item_id'),(333,'9c9dcdef58c90479a9afa41afc1c9857',65,'Data Source [  1 / inDrop ]',NULL,'task_item_id'),(334,'3085fec65ef97f60f082f07e598a6ca6',65,'Data Source [  2 / inFifo ]',NULL,'task_item_id'),(335,'e59efb0f3d50f73dcfed704cbb11bbd4',65,'Data Source [  3 / inFrame ]',NULL,'task_item_id'),(336,'4eef78ebb0d061bb609861a6b775c8f8',65,'Data Source [  4 / outDrop ]',NULL,'task_item_id'),(337,'14f0ba361c158e685d81da0a41c84290',65,'Data Source [  5 / outFifo ]',NULL,'task_item_id'),(338,'64a9d52ed04d9a7d6d5572a5a3fa6a36',65,'Data Source [  6 / outColls ]',NULL,'task_item_id'),(339,'4861119e8b1eee4e7c50e6d78cde96af',65,'Data Source [  7 / outCarrier ]',NULL,'task_item_id'),(340,'1ddea979b74b463616f918b20f54a007',66,'Data Source [ comment ]',NULL,'text_format'),(341,'a8735bf531a46fcca4c81d5ec513d05e',66,'Data Source [  1 / user ]',NULL,'task_item_id'),(342,'6923d80ef89a3b4e5c63a7b035e7170a',66,'Data Source [  2 / sys ]',NULL,'task_item_id'),(343,'69e2847f39f2274e2ad33257d24b470d',66,'Data Source [  3 / waitio ]',NULL,'task_item_id'),(344,'f69a515c0a5e9d6760f06302fbdafc8a',66,'Data Source [  4 / Total ]',NULL,'task_item_id'),(345,'a22e95d08ef91345eec727fc7c961354',67,'Data Source [  1 / waiting for run ]',NULL,'task_item_id'),(346,'73b986f9e5c08900e1102f6b9cc1cd99',67,'Data Source [  2 / blocked ]',NULL,'task_item_id'),(347,'b8444f37be7976a895827f70e10a051a',68,'Data Source [  1 / free ]',NULL,'task_item_id'),(348,'e3f341b3dec2c0be5ecb97a69ece8e0c',69,'Data Source [  1 / swap in ]',NULL,'task_item_id'),(349,'68a16bde22b7e330abac857112787d19',69,'Data Source [  2 / swap out ]',NULL,'task_item_id'),(350,'7f6f211103c531cc306030e5249db74d',70,'Data Source [  1 / PercentFree ]',NULL,'task_item_id'),(351,'6a7da06425ae277f943e525fa91318df',71,'Data Source [  1 / PercentFree ]',NULL,'task_item_id'),(352,'180b8294b729745cfe917a8e8b974b21',71,'Data Source [  2 / PercentFree ]',NULL,'task_item_id'),(353,'877a5907eae268d643e7d5cd7cdc5086',72,'Data Source [  1 / PercentFree ]',NULL,'task_item_id'),(354,'df0024d625c2393326de15efb4a4db5f',72,'Data Source [  2 / PercentFree ]',NULL,'task_item_id'),(355,'53784639f4688229b15866f5aa08dfd0',72,'Data Source [  3 / PercentFree ]',NULL,'task_item_id'),(356,'f27e83ae8f6ef42706ac3ab28f0bcf5d',73,'Data Source [  1 / PercentFree ]',NULL,'task_item_id'),(357,'39aba5a1a4773c564fab8755067c8f8b',73,'Data Source [  2 / PercentFree ]',NULL,'task_item_id'),(358,'f295624dbae72ba053c4c5950d06dc41',73,'Data Source [  3 / PercentFree ]',NULL,'task_item_id'),(359,'9d530a6147b95e6c15da7711e4a938a5',73,'Data Source [  4 / PercentFree ]',NULL,'task_item_id'),(360,'3af11dc5a820c2e4397b5d794aec87ed',74,'Data Source [  1 / PercentFree ]',NULL,'task_item_id'),(361,'408fd137d1af5283f32c2e43b7ef2dbb',74,'Data Source [  2 / PercentFree ]',NULL,'task_item_id'),(362,'dc38f62450ca0bbe04d277abe3d4cae1',74,'Data Source [  3 / PercentFree ]',NULL,'task_item_id'),(363,'d14ec91825cd8d3955c37d4114ee57ee',74,'Data Source [  4 / PercentFree ]',NULL,'task_item_id'),(364,'4b794d62b3d6ccf04b4641c055feb7ed',74,'Data Source [  5 / PercentFree ]',NULL,'task_item_id'),(365,'bc237493d87fd05b07f54c284f3045bf',75,'Data Source [  1 / PercentFree ]',NULL,'task_item_id'),(366,'c01002cc6400d0220b85ef1b357e8632',75,'Data Source [  2 / PercentFree ]',NULL,'task_item_id'),(367,'0148468c3c5f37a86a9301eff7d26844',75,'Data Source [  3 / PercentFree ]',NULL,'task_item_id'),(368,'a75c10f1fb4388cea1f1cb1881b98df4',75,'Data Source [  4 / PercentFree ]',NULL,'task_item_id'),(369,'42cba9a0b753f04ce174a9a44d9251ba',75,'Data Source [  5 / PercentFree ]',NULL,'task_item_id'),(370,'a794d0a15ae6aad9bb3ed19644b12979',75,'Data Source [  6 / PercentFree ]',NULL,'task_item_id'),(371,'08f71f25681fc2d70ed1f546daeea485',76,'Data Source [  1 / PercentFree ]',NULL,'task_item_id'),(372,'2bb03b18d8d7a29955c54296ab6b75b9',76,'Data Source [  2 / PercentFree ]',NULL,'task_item_id'),(373,'246f19429ef5e5f42efda05dab1838d2',76,'Data Source [  3 / PercentFree ]',NULL,'task_item_id'),(374,'3744cd5396f70ba4837e00e4e79c0ea5',76,'Data Source [  4 / PercentFree ]',NULL,'task_item_id'),(375,'323140159f5c2a2e94bca8546316dc3e',76,'Data Source [  5 / PercentFree ]',NULL,'task_item_id'),(376,'65164119b0a13093062c485f40137453',76,'Data Source [  6 / PercentFree ]',NULL,'task_item_id'),(377,'7fe0957fb92ba49c65746261643e6048',76,'Data Source [  7 / PercentFree ]',NULL,'task_item_id'),(378,'155234a44c33f67f8fd22e774c8e2892',77,'Data Source [  1 / PercentFree ]',NULL,'task_item_id'),(379,'2838dbb25bd47fe079b086efe86baf0c',77,'Data Source [  2 / PercentFree ]',NULL,'task_item_id'),(380,'5f0682758ba0dceab4860464d7d055d5',77,'Data Source [  3 / PercentFree ]',NULL,'task_item_id'),(381,'94f0cd504c538a8af54b98ff78c7e528',77,'Data Source [  4 / PercentFree ]',NULL,'task_item_id'),(382,'b3f3332bfe2bbc4a6fcdc5c4d89e2357',77,'Data Source [  5 / PercentFree ]',NULL,'task_item_id'),(383,'29ad844ef89d011cb0df2d9952db0291',77,'Data Source [  6 / PercentFree ]',NULL,'task_item_id'),(384,'5e2b9becca669f4b41190be7c7f4c462',77,'Data Source [  7 / PercentFree ]',NULL,'task_item_id'),(385,'ac74bbbf82102632b72cab5ebf261a97',77,'Data Source [  8 / PercentFree ]',NULL,'task_item_id'),(386,'f2312e43d10759858c5daa4bee9fc16e',78,'Data Source [  1 / PercentFree ]',NULL,'task_item_id'),(387,'10f06fe1b4789cde4972fc8746ab481f',78,'Data Source [  2 / PercentFree ]',NULL,'task_item_id'),(388,'8a895f3ea2d61aa5b3232366ddd5d178',78,'Data Source [  3 / PercentFree ]',NULL,'task_item_id'),(389,'a1ce2a0914b96d0c62d6481008c8c975',78,'Data Source [  4 / PercentFree ]',NULL,'task_item_id'),(390,'ab7bbd110afb0ae6c6fdc5dfa7666127',78,'Data Source [  5 / PercentFree ]',NULL,'task_item_id'),(391,'0c6f655a9b00fa5e2b0211580086f2e0',78,'Data Source [  6 / PercentFree ]',NULL,'task_item_id'),(392,'a219d8050fc65bbac9918d9dcfcafad0',78,'Data Source [  7 / PercentFree ]',NULL,'task_item_id'),(393,'fc2290079497bd0a8718beed3c28b23f',78,'Data Source [  8 / PercentFree ]',NULL,'task_item_id'),(394,'1b180c0c552a75c0cfe92d9f6f686ad5',78,'Data Source [  9 / PercentFree ]',NULL,'task_item_id'),(395,'d64b40755614ede7e3bd9c04cd5ef33d',79,'Data Source [  1 / PercentFree ]',NULL,'task_item_id'),(396,'08f3a13254298f63c42c7be02841f905',79,'Data Source [  2 / PercentFree ]',NULL,'task_item_id'),(397,'4ee4081e75bf7ab5169f4f20ee6ec9b7',79,'Data Source [  3 / PercentFree ]',NULL,'task_item_id'),(398,'153abd91d2a505ca215a5dd0182afeb8',79,'Data Source [  4 / PercentFree ]',NULL,'task_item_id'),(399,'d3a036db5ec76caab44690b69781624f',79,'Data Source [  5 / PercentFree ]',NULL,'task_item_id'),(400,'29c8ef64662801a3d3dfe4884b027f57',79,'Data Source [  6 / PercentFree ]',NULL,'task_item_id'),(401,'e4aaa779bff56bc969a4333e9b3e3c9b',79,'Data Source [  7 / PercentFree ]',NULL,'task_item_id'),(402,'c6de7c7aba0b29fc129aea3df64e0abc',79,'Data Source [  8 / PercentFree ]',NULL,'task_item_id'),(403,'5d9d3a2dbcdb0c443e201ab6bb2e9de7',79,'Data Source [  9 / PercentFree ]',NULL,'task_item_id'),(404,'5d15ceb18643615aea064117fe803dfd',79,'Data Source [ 10 / PercentFree ]',NULL,'task_item_id'),(405,'2abfa6c7dc7760da5201958dd0d386ef',80,'Data Source [  1 / PercentFree ]',NULL,'task_item_id'),(406,'9617920dc275e1cfaa8a9bd963b2667f',80,'Data Source [  2 / PercentFree ]',NULL,'task_item_id'),(407,'eb584e6f8676a271da5561707795c24a',80,'Data Source [  3 / PercentFree ]',NULL,'task_item_id'),(408,'3933595a18e4006bfda14a4cfeca7044',80,'Data Source [  4 / PercentFree ]',NULL,'task_item_id'),(409,'a99398c0e43d1343b44e4461fe79b74d',80,'Data Source [  5 / PercentFree ]',NULL,'task_item_id'),(410,'34277366b9640d2bb2af0bfb5a9d2ddb',80,'Data Source [  6 / PercentFree ]',NULL,'task_item_id'),(411,'d6bd16f306d6e7ee59b9f583f68259cb',80,'Data Source [  7 / PercentFree ]',NULL,'task_item_id'),(412,'4a5f5efe156610b25ea2d2e72eda39dd',80,'Data Source [  8 / PercentFree ]',NULL,'task_item_id'),(413,'4f37b625337f715f375d75ec600de26e',80,'Data Source [  9 / PercentFree ]',NULL,'task_item_id'),(414,'31b294c789c9d522162574c755425bc7',80,'Data Source [ 10 / PercentFree ]',NULL,'task_item_id'),(415,'f0ae4dac1ffeb9db98c5b0fd5a679d22',80,'Data Source [ 11 / PercentFree ]',NULL,'task_item_id'),(416,'61f61da9b690bcbf3426ea4673a7b9e0',81,'Data Source [  1 / PercentFree ]',NULL,'task_item_id'),(417,'e442b6f21f8dc337ee7c28955367054c',81,'Data Source [  2 / PercentFree ]',NULL,'task_item_id'),(418,'afb1824e9764db092a0e20da0278e53f',81,'Data Source [  3 / PercentFree ]',NULL,'task_item_id'),(419,'521c4ecd6d0660b67f21b110c86598e2',81,'Data Source [  4 / PercentFree ]',NULL,'task_item_id'),(420,'6644f2c1431e5d823941e7406f6818b9',81,'Data Source [  5 / PercentFree ]',NULL,'task_item_id'),(421,'932419e6d4ae645989d2accfec0f2f62',81,'Data Source [  6 / PercentFree ]',NULL,'task_item_id'),(422,'1b7630776d77b36c16b594d1d50107bb',81,'Data Source [  7 / PercentFree ]',NULL,'task_item_id'),(423,'943dbf8387d65421f296cb5d38ec06a8',81,'Data Source [  8 / PercentFree ]',NULL,'task_item_id'),(424,'2df64b34c6c78cf7e338c2ef8ade7128',81,'Data Source [  9 / PercentFree ]',NULL,'task_item_id'),(425,'2d0ccf65526819a5b7bfea4413e959d8',81,'Data Source [ 10 / PercentFree ]',NULL,'task_item_id'),(426,'31461ff66b74ad1b15a36ff8061c2042',81,'Data Source [ 11 / PercentFree ]',NULL,'task_item_id'),(427,'5f968180e7dab4a396a460945f11eddf',81,'Data Source [ 12 / PercentFree ]',NULL,'task_item_id'),(428,'c0b8642c9da891b0f1658df61dbfcd10',82,'Data Source [  1 / PercentFree ]',NULL,'task_item_id'),(429,'29aba245d1482df054bf7461aeaab075',82,'Data Source [  2 / PercentFree ]',NULL,'task_item_id'),(430,'baf159a4b1affba3bce60c4874155281',82,'Data Source [  3 / PercentFree ]',NULL,'task_item_id'),(431,'63a2177144b203e36b5d373fd2f79c9b',82,'Data Source [  4 / PercentFree ]',NULL,'task_item_id'),(432,'94ff227d3011b123dd5d70761f00c8a7',82,'Data Source [  5 / PercentFree ]',NULL,'task_item_id'),(433,'2b570a2e1ea4e0de83342cc5838ce641',82,'Data Source [  6 / PercentFree ]',NULL,'task_item_id'),(434,'01e3e0caeda1bf00f0959143c7a5947b',82,'Data Source [  7 / PercentFree ]',NULL,'task_item_id'),(435,'492c731d16dc5287b759599b20a94a64',82,'Data Source [  8 / PercentFree ]',NULL,'task_item_id'),(436,'6f5db0549776b1990eee349214ab23ba',82,'Data Source [  9 / PercentFree ]',NULL,'task_item_id'),(437,'b1df0820d32bdc9d230a46ffc8839723',82,'Data Source [ 10 / PercentFree ]',NULL,'task_item_id'),(438,'5751a375063509a641fffde6a6280340',82,'Data Source [ 11 / PercentFree ]',NULL,'task_item_id'),(439,'47f40f6a5b5ddd4135c95fa3e3cacdf2',82,'Data Source [ 12 / PercentFree ]',NULL,'task_item_id'),(440,'fe2f62086160e79078139f26123883c0',82,'Data Source [ 13 / PercentFree ]',NULL,'task_item_id'),(441,'8af831d0a2433dfd5dcd622a52a398dc',83,'Data Source [  1 / PercentFree ]',NULL,'task_item_id'),(442,'454e442557300e6295e631687f959f76',83,'Data Source [  2 / PercentFree ]',NULL,'task_item_id'),(443,'2e56b23ed4647b82d08f595bfc6d8597',83,'Data Source [  3 / PercentFree ]',NULL,'task_item_id'),(444,'165804368e9add7cd7c5f3a0a26d0066',83,'Data Source [  4 / PercentFree ]',NULL,'task_item_id'),(445,'9e9d7dc9407cd9042c538eccbad6fc7e',83,'Data Source [  5 / PercentFree ]',NULL,'task_item_id'),(446,'9fb87928e12aa398c7ec32978c1efbe3',83,'Data Source [  6 / PercentFree ]',NULL,'task_item_id'),(447,'7d23a303e3055d31bb109abfb6ef19fb',83,'Data Source [  7 / PercentFree ]',NULL,'task_item_id'),(448,'7469c01426e08f934dbca7474627f39c',83,'Data Source [  8 / PercentFree ]',NULL,'task_item_id'),(449,'acc340449c3b028f5b8f3914e6e01e29',83,'Data Source [  9 / PercentFree ]',NULL,'task_item_id'),(450,'bb2be85fff818cc337a197830a585aa1',83,'Data Source [ 10 / PercentFree ]',NULL,'task_item_id'),(451,'41c64ab9fa22364033b59efd9ca62a66',83,'Data Source [ 11 / PercentFree ]',NULL,'task_item_id'),(452,'a16d3e8b70e2353071479ad3d17bffe7',83,'Data Source [ 12 / PercentFree ]',NULL,'task_item_id'),(453,'1422411f5b8388377d64070cc5fe9bfd',83,'Data Source [ 13 / PercentFree ]',NULL,'task_item_id'),(454,'57d5767038832f74dc816c3d870f6c1c',83,'Data Source [ 14 / PercentFree ]',NULL,'task_item_id'),(455,'0366d3098ec67877df70e1b74ae93531',84,'Data Source [  1 / PercentFree ]',NULL,'task_item_id'),(456,'7658496957be632fad73631436c27a40',84,'Data Source [  2 / PercentFree ]',NULL,'task_item_id'),(457,'ec4c4fb86f0b9be54db96cc8f2ca9446',84,'Data Source [  3 / PercentFree ]',NULL,'task_item_id'),(458,'e83b4a9054a1cf1078b5343aca8fc8d7',84,'Data Source [  4 / PercentFree ]',NULL,'task_item_id'),(459,'3c799de8ee776bf510d41081506de930',84,'Data Source [  5 / PercentFree ]',NULL,'task_item_id'),(460,'35f65b5425f921f234f91f650690f113',84,'Data Source [  6 / PercentFree ]',NULL,'task_item_id'),(461,'5b803aa3b497cec3f3ce80cd04148477',84,'Data Source [  7 / PercentFree ]',NULL,'task_item_id'),(462,'a564876c8487d958bd9abef06b63c072',84,'Data Source [  8 / PercentFree ]',NULL,'task_item_id'),(463,'c27c01ad990134e8a78b11fc6847b3bd',84,'Data Source [  9 / PercentFree ]',NULL,'task_item_id'),(464,'163fa8e204ce8d33a9a300e2942b9711',84,'Data Source [ 10 / PercentFree ]',NULL,'task_item_id'),(465,'714141c6b1d868963d5cd486f7a04556',84,'Data Source [ 11 / PercentFree ]',NULL,'task_item_id'),(466,'80a33643104b153df48dcd9ac63c1c76',84,'Data Source [ 12 / PercentFree ]',NULL,'task_item_id'),(467,'a20736a722bd72658aa6f2fc59959760',84,'Data Source [ 13 / PercentFree ]',NULL,'task_item_id'),(468,'2bf5f706bf9375d60b4e23d3fb117d5f',84,'Data Source [ 14 / PercentFree ]',NULL,'task_item_id'),(469,'a4b9e94bd88d12e225a2f674a14e601f',84,'Data Source [ 15 / PercentFree ]',NULL,'task_item_id'),(470,'38a8fc46aefa74920ef7040c1f044225',85,'Data Source [ comment ]',NULL,'text_format'),(471,'ac1f4490b08a7d8ae7870c0ffde2876b',85,'Data Source [ threshold ]',NULL,'value'),(472,'182c36443eb0d0085275b3f2e22ad715',85,'Data Source [  1 / Committed ]',NULL,'task_item_id'),(473,'1ae7fe99df000432ecde3c653acfb2e3',85,'Data Source [  2 / Available ]',NULL,'task_item_id'),(474,'010a29b2a4ee8cea02f58887d95a3098',86,'Data Source [  1 / Available ]',NULL,'task_item_id'),(475,'80e970f413220174418011682db33c36',87,'Data Source [  1 / BytesRecivedSec ]',NULL,'task_item_id'),(476,'f0b5b3df135b85f3f40f035479cf8c26',88,'Data Source [  1 / BytesRecivedSec ]',NULL,'task_item_id'),(477,'0a3743373f0ffbafc98d90d53e03a808',88,'Data Source [  2 / BytesRecivedSec ]',NULL,'task_item_id'),(478,'91bb8d3139cc330a6bd2a368ef39487b',89,'Data Source [  1 / BytesRecivedSec ]',NULL,'task_item_id'),(479,'72a3ac67056ec5190e155b05490ebde9',89,'Data Source [  2 / BytesRecivedSec ]',NULL,'task_item_id'),(480,'ce2c68bbc2357d5980c032fbd6decfbf',89,'Data Source [  3 / BytesRecivedSec ]',NULL,'task_item_id'),(481,'63fa3fad0f5c1b1a7b942026fa731b21',90,'Data Source [  1 / BytesRecivedSec ]',NULL,'task_item_id'),(482,'65fa9f1e86608e929797fa8dc280caf5',90,'Data Source [  2 / BytesRecivedSec ]',NULL,'task_item_id'),(483,'36a145a61ab24be2a65dd2ce4a5ff60f',90,'Data Source [  3 / BytesRecivedSec ]',NULL,'task_item_id'),(484,'c08ed21eeceb42be7929334b3f2728f6',90,'Data Source [  4 / BytesRecivedSec ]',NULL,'task_item_id'),(485,'2c57dfa3dee1aaef78a44434cd79d35f',91,'Data Source [  1 / BytesRecivedSec ]',NULL,'task_item_id'),(486,'8318b7b5401686e3633f8bcac2f6a79d',91,'Data Source [  2 / BytesRecivedSec ]',NULL,'task_item_id'),(487,'2516f11973153a9171465218a60a8f45',91,'Data Source [  3 / BytesRecivedSec ]',NULL,'task_item_id'),(488,'881c44a922a73486503a286b82cbc14e',91,'Data Source [  4 / BytesRecivedSec ]',NULL,'task_item_id'),(489,'765262d9f6433193f9cee28a4e974225',91,'Data Source [  5 / BytesRecivedSec ]',NULL,'task_item_id'),(490,'945349f71f6eda65488084e1717a698b',92,'Data Source [  1 / BytesSentSec ]',NULL,'task_item_id'),(491,'42b225f652fa25b81984717134c64187',93,'Data Source [  1 / BytesSentSec ]',NULL,'task_item_id'),(492,'bc11cbab489f9c5a8baaf4f8866b7674',93,'Data Source [  2 / BytesSentSec ]',NULL,'task_item_id'),(493,'4399a1ae9fb94e632bf0de9b3df5fa73',94,'Data Source [  1 / BytesSentSec ]',NULL,'task_item_id'),(494,'28e4ddfb768b92c871ec1a94e7c05fee',94,'Data Source [  2 / BytesSentSec ]',NULL,'task_item_id'),(495,'e92e3d548fbac7ef3483814c9df07105',94,'Data Source [  3 / BytesSentSec ]',NULL,'task_item_id'),(496,'e29d3c5105b292e1015b8df7c412eeb3',95,'Data Source [  1 / BytesSentSec ]',NULL,'task_item_id'),(497,'03ccb9540be181c3e8f2e63ee3f33952',95,'Data Source [  2 / BytesSentSec ]',NULL,'task_item_id'),(498,'4649a8fe7d7fef918c2f8eeaa7113cfc',95,'Data Source [  3 / BytesSentSec ]',NULL,'task_item_id'),(499,'d81f9e3253cff4822a0f36e596e45a75',95,'Data Source [  4 / BytesSentSec ]',NULL,'task_item_id'),(500,'a6307bd5bb88ad1aa7d75c80782e93e8',96,'Data Source [  1 / BytesSentSec ]',NULL,'task_item_id'),(501,'143edebf21284358b2691714bebb5104',96,'Data Source [  2 / BytesSentSec ]',NULL,'task_item_id'),(502,'c3327f3fbbe67da275305f54fec0af1b',96,'Data Source [  3 / BytesSentSec ]',NULL,'task_item_id'),(503,'801121bd096714451be65ea67a17a287',96,'Data Source [  4 / BytesSentSec ]',NULL,'task_item_id'),(504,'4a55a611ae6d4c63acda8cfd4ab6b6e8',96,'Data Source [  5 / BytesSentSec ]',NULL,'task_item_id'),(505,'bbf6f07740b1d16ed34b9ea2bf7ed9a1',97,'Data Source [  1 / Recived transfer ]',NULL,'task_item_id'),(506,'89b16f1b0b5166478900c564e2615cff',97,'Data Source [  2 / Sent transfer ]',NULL,'task_item_id'),(507,'8e5a4e654ff2b3e8eec63114327cfec9',98,'Data Source [  1 / Recived/sec ]',NULL,'task_item_id'),(508,'0bcd816e7e10c44031a98d0a36f0531f',98,'Data Source [  2 / Sent/sec ]',NULL,'task_item_id'),(509,'f47ab2ba4688e9738399c7042c20d8e8',99,'Data Source [  1 / RecievedDiscarded ]',NULL,'task_item_id'),(510,'6b0e4e342d262e589b3584b20d9d360d',99,'Data Source [  2 / RecievedErrors ]',NULL,'task_item_id'),(511,'1e521e25a065e5d8a659c1067113152d',99,'Data Source [  3 / OutboundDiscarded ]',NULL,'task_item_id'),(512,'9a92777c4ee6b28a9f5df0faf8283a7b',99,'Data Source [  4 / OutboundErrors ]',NULL,'task_item_id'),(513,'f11e0ac2ef30739e61a70b6824389fa1',100,'Data Source [  1 / DiskIdleTime ]',NULL,'task_item_id'),(514,'2b2b632f5419c860515cfd2b49a22b51',101,'Data Source [  1 / DiskIdleTime ]',NULL,'task_item_id'),(515,'5ee1600f1a2fe03d06c472bdc91ec58f',101,'Data Source [  2 / DiskIdleTime ]',NULL,'task_item_id'),(516,'e20df4107f431aa7771a645a96af8ef4',102,'Data Source [  1 / DiskIdleTime ]',NULL,'task_item_id'),(517,'c4aa7a160ba9b3bde3220d0f04db7ef0',102,'Data Source [  2 / DiskIdleTime ]',NULL,'task_item_id'),(518,'403b6cc882a0dc52101d60e8295410a3',102,'Data Source [  3 / DiskIdleTime ]',NULL,'task_item_id'),(519,'7f7f91a4a810b75144451b34133cff8c',103,'Data Source [  1 / DiskIdleTime ]',NULL,'task_item_id'),(520,'8282f4032a6c82dcd3bd83bac8af0795',103,'Data Source [  2 / DiskIdleTime ]',NULL,'task_item_id'),(521,'5ae807f856530b59a70a850dc60608b3',103,'Data Source [  3 / DiskIdleTime ]',NULL,'task_item_id'),(522,'11bf4d84843a95f6d23d4aa70a711e61',103,'Data Source [  4 / DiskIdleTime ]',NULL,'task_item_id'),(523,'ec1f9b67ad18068dcab61239b1b9e942',104,'Data Source [  1 / DiskIdleTime ]',NULL,'task_item_id'),(524,'44ce02d17e6eb3c120c16ded9b463fbc',104,'Data Source [  2 / DiskIdleTime ]',NULL,'task_item_id'),(525,'c1cbf6da0ec7ecc0b80539992696818d',104,'Data Source [  3 / DiskIdleTime ]',NULL,'task_item_id'),(526,'0c3ac029c44a2c9ed70adb4814fcb220',104,'Data Source [  4 / DiskIdleTime ]',NULL,'task_item_id'),(527,'4948c445d8d2114d77ef166e8e53e44d',104,'Data Source [  5 / DiskIdleTime ]',NULL,'task_item_id'),(528,'bbf15d4af6800db5af41c114b4b243dd',105,'Data Source [  1 / DiskIdleTime ]',NULL,'task_item_id'),(529,'5328b3eb885e1aa72ee3d95154326e24',105,'Data Source [  2 / DiskIdleTime ]',NULL,'task_item_id'),(530,'87cdef9441e743d46897647ea927b1c4',105,'Data Source [  3 / DiskIdleTime ]',NULL,'task_item_id'),(531,'761278a380cd8d33294c545e0242d707',105,'Data Source [  4 / DiskIdleTime ]',NULL,'task_item_id'),(532,'eb5310e9c88ff4e714a94d1b9cad610a',105,'Data Source [  5 / DiskIdleTime ]',NULL,'task_item_id'),(533,'e64612643ada1d896244ed0eead23e3b',105,'Data Source [  6 / DiskIdleTime ]',NULL,'task_item_id'),(534,'1d2fb91f1b46e39dc8735a0daffc23ae',106,'Data Source [  1 / DiskIdleTime ]',NULL,'task_item_id'),(535,'e96d42cb43ac6fc9a06a170be2598359',106,'Data Source [  2 / DiskIdleTime ]',NULL,'task_item_id'),(536,'a24e294d9581931fd43c9dd9da8c5517',106,'Data Source [  3 / DiskIdleTime ]',NULL,'task_item_id'),(537,'3e0626dc855ebd3d1026cd5121890328',106,'Data Source [  4 / DiskIdleTime ]',NULL,'task_item_id'),(538,'055c8281188abe6415a278256f8f8449',106,'Data Source [  5 / DiskIdleTime ]',NULL,'task_item_id'),(539,'ffd7159070839167373ab04441109a23',106,'Data Source [  6 / DiskIdleTime ]',NULL,'task_item_id'),(540,'34c23a7f22280faf4329bbd7f5f47ee6',106,'Data Source [  7 / DiskIdleTime ]',NULL,'task_item_id'),(541,'e464d0efe4dce56464293e512fe694c2',107,'Data Source [  1 / DiskIdleTime ]',NULL,'task_item_id'),(542,'7bcf295d0f6f925bea0cea97860fc086',107,'Data Source [  2 / DiskIdleTime ]',NULL,'task_item_id'),(543,'b59dbaaa74d27da043b2f9cc727320ee',107,'Data Source [  3 / DiskIdleTime ]',NULL,'task_item_id'),(544,'801967aa206dd646db42561f4f56484c',107,'Data Source [  4 / DiskIdleTime ]',NULL,'task_item_id'),(545,'1626e6e8b298ecf947f3990dfbcfea6c',107,'Data Source [  5 / DiskIdleTime ]',NULL,'task_item_id'),(546,'abf057b8cdbd1f00495f36f0f9a8518a',107,'Data Source [  6 / DiskIdleTime ]',NULL,'task_item_id'),(547,'a27193e29064916603d85fe0a05455d4',107,'Data Source [  7 / DiskIdleTime ]',NULL,'task_item_id'),(548,'c2ae99bee1e5d8f9a613d1505c8f2dcf',107,'Data Source [  8 / DiskIdleTime ]',NULL,'task_item_id'),(549,'6089cbed0ec75ec59e95c41ecfa5b77c',108,'Data Source [  1 / DiskIdleTime ]',NULL,'task_item_id'),(550,'887423257cc0f506f00963844e93e864',108,'Data Source [  2 / DiskIdleTime ]',NULL,'task_item_id'),(551,'7f68d23aa47b79035e221416751ae8d4',108,'Data Source [  3 / DiskIdleTime ]',NULL,'task_item_id'),(552,'2087e05f77dca5856a0989c5a46ea0b3',108,'Data Source [  4 / DiskIdleTime ]',NULL,'task_item_id'),(553,'1adcb03d727616746f4e16508025bf69',108,'Data Source [  5 / DiskIdleTime ]',NULL,'task_item_id'),(554,'117a426b2dc032abc01a2d3fadcbd20d',108,'Data Source [  6 / DiskIdleTime ]',NULL,'task_item_id'),(555,'28d2f51f6790d31f395f0cee99fe4ca5',108,'Data Source [  7 / DiskIdleTime ]',NULL,'task_item_id'),(556,'2736b4b781f0e7fd26d91a6b7c4fb2a0',108,'Data Source [  8 / DiskIdleTime ]',NULL,'task_item_id'),(557,'173e77f764a58ddfad851c6750f2b2ff',108,'Data Source [  9 / DiskIdleTime ]',NULL,'task_item_id'),(558,'65b8654dce8b30713d815565a2f7f646',109,'Data Source [  1 / DiskIdleTime ]',NULL,'task_item_id'),(559,'efd71b7b068dd7089c164f37a50fd44a',109,'Data Source [  2 / DiskIdleTime ]',NULL,'task_item_id'),(560,'76ed6c5a698422d9c7d531db1acb835d',109,'Data Source [  3 / DiskIdleTime ]',NULL,'task_item_id'),(561,'f6074c26cc7e1ac558d6d4eafa317378',109,'Data Source [  4 / DiskIdleTime ]',NULL,'task_item_id'),(562,'f183810e000e0285f8175c33cc5054df',109,'Data Source [  5 / DiskIdleTime ]',NULL,'task_item_id'),(563,'b1f7b31b1938c0410a317b4171f53770',109,'Data Source [  6 / DiskIdleTime ]',NULL,'task_item_id'),(564,'9e9023452338cee9f9721bf8560d9ab4',109,'Data Source [  7 / DiskIdleTime ]',NULL,'task_item_id'),(565,'6532bfbec522ea1afdc90ea26b3950fe',109,'Data Source [  8 / DiskIdleTime ]',NULL,'task_item_id'),(566,'7141d98f51cf891a6c367d7d93c5292d',109,'Data Source [  9 / DiskIdleTime ]',NULL,'task_item_id'),(567,'3e5bb1b18beb1063eac06916aa390cda',109,'Data Source [ 10 / DiskIdleTime ]',NULL,'task_item_id'),(568,'3ab5cbf05bb9aedc736594ef244e4a3f',110,'Data Source [  1 / DiskIdleTime ]',NULL,'task_item_id'),(569,'e5ef99f9c4afde8da9399f559e6a1bce',110,'Data Source [  2 / DiskIdleTime ]',NULL,'task_item_id'),(570,'9dccd2e6fc539ca3aee5e8f4f9853cc0',110,'Data Source [  3 / DiskIdleTime ]',NULL,'task_item_id'),(571,'1afef21e67841d114f25480543512b42',110,'Data Source [  4 / DiskIdleTime ]',NULL,'task_item_id'),(572,'ab8c87d5b0fba5977f6603b967bbdfed',110,'Data Source [  5 / DiskIdleTime ]',NULL,'task_item_id'),(573,'3901faccf13be9398e31e909b365ad2e',110,'Data Source [  6 / DiskIdleTime ]',NULL,'task_item_id'),(574,'756d749f240c74e9998c1dd599019a61',110,'Data Source [  7 / DiskIdleTime ]',NULL,'task_item_id'),(575,'84d83e5cd4df4a0065d5147cedf3bbc7',110,'Data Source [  8 / DiskIdleTime ]',NULL,'task_item_id'),(576,'5443dea35350595a8f03c9f23502e9e0',110,'Data Source [  9 / DiskIdleTime ]',NULL,'task_item_id'),(577,'0e6b6335848a4af6f061dbb7f2995489',110,'Data Source [ 10 / DiskIdleTime ]',NULL,'task_item_id'),(578,'dc722d296abe969384b8ea99871f823c',110,'Data Source [ 11 / DiskIdleTime ]',NULL,'task_item_id'),(579,'14c34c04ba70e64a34a48d0bc1f1dc91',111,'Data Source [  1 / DiskIdleTime ]',NULL,'task_item_id'),(580,'58dc93798cdc0b58011f1d457df5ffd1',111,'Data Source [  2 / DiskIdleTime ]',NULL,'task_item_id'),(581,'7f727b7096f707bf4e5df0f5ff7423cf',111,'Data Source [  3 / DiskIdleTime ]',NULL,'task_item_id'),(582,'802d8b0ddad5d922caf36614421a1a32',111,'Data Source [  4 / DiskIdleTime ]',NULL,'task_item_id'),(583,'0ce758e6b07b58e9d670282e71e78b1d',111,'Data Source [  5 / DiskIdleTime ]',NULL,'task_item_id'),(584,'82c14de1d923033a66f283fdbe375f14',111,'Data Source [  6 / DiskIdleTime ]',NULL,'task_item_id'),(585,'f366fadd7bbd40ad10cf70e33441c9f7',111,'Data Source [  7 / DiskIdleTime ]',NULL,'task_item_id'),(586,'1d054f60c41e00fdd68391ced576f4f2',111,'Data Source [  8 / DiskIdleTime ]',NULL,'task_item_id'),(587,'3c7eb0484079e44b24cc8dc39091c4aa',111,'Data Source [  9 / DiskIdleTime ]',NULL,'task_item_id'),(588,'9adc6c42018911aeda48d097ff586938',111,'Data Source [ 10 / DiskIdleTime ]',NULL,'task_item_id'),(589,'e9fdba115a55c31a434453f7fea89811',111,'Data Source [ 11 / DiskIdleTime ]',NULL,'task_item_id'),(590,'170de661970e53327b055148eaa35c1e',111,'Data Source [ 12 / DiskIdleTime ]',NULL,'task_item_id'),(591,'62d836367e1144fb1300da115c07f0bc',112,'Data Source [  1 / DiskIdleTime ]',NULL,'task_item_id'),(592,'afcbd2c746eb30489b5993da39c644d6',112,'Data Source [  2 / DiskIdleTime ]',NULL,'task_item_id'),(593,'6ac1f1b9873a1617221ef995a8f07f18',112,'Data Source [  3 / DiskIdleTime ]',NULL,'task_item_id'),(594,'629873559512a0a6803db60dee0af551',112,'Data Source [  4 / DiskIdleTime ]',NULL,'task_item_id'),(595,'cdade2c8bc365855147df5a90ede5265',112,'Data Source [  5 / DiskIdleTime ]',NULL,'task_item_id'),(596,'4abb5156c74eec61d79a492d51c4a894',112,'Data Source [  6 / DiskIdleTime ]',NULL,'task_item_id'),(597,'0cf58cf7be218ac1b04fe3fe842dfb08',112,'Data Source [  7 / DiskIdleTime ]',NULL,'task_item_id'),(598,'6395dddf40eb7ef105ea776fed857260',112,'Data Source [  8 / DiskIdleTime ]',NULL,'task_item_id'),(599,'4aecbdd361531e360d5812401df9158b',112,'Data Source [  9 / DiskIdleTime ]',NULL,'task_item_id'),(600,'73b0e156261d1c281836a6d22a196cf0',112,'Data Source [ 10 / DiskIdleTime ]',NULL,'task_item_id'),(601,'635b55315b5526cdbbe0e56fcf681453',112,'Data Source [ 11 / DiskIdleTime ]',NULL,'task_item_id'),(602,'37ff25b66accf29eb4bd8346d08b5a77',112,'Data Source [ 12 / DiskIdleTime ]',NULL,'task_item_id'),(603,'b245a37f0a4ad7e5dc80fdfd91265b98',112,'Data Source [ 13 / DiskIdleTime ]',NULL,'task_item_id'),(604,'462535e949bf6fa532fae5d3dc7a74b2',113,'Data Source [  1 / DiskIdleTime ]',NULL,'task_item_id'),(605,'e4dc010c5609d4c74c1938b9a24d6b41',113,'Data Source [  2 / DiskIdleTime ]',NULL,'task_item_id'),(606,'aed5f31698a431c64eeda5cb01d1b2de',113,'Data Source [  3 / DiskIdleTime ]',NULL,'task_item_id'),(607,'f9fe33b5b8d3a84db0a859ec47358115',113,'Data Source [  4 / DiskIdleTime ]',NULL,'task_item_id'),(608,'b764b0cad1b10b58c7a9e04241853fb3',113,'Data Source [  5 / DiskIdleTime ]',NULL,'task_item_id'),(609,'770c4a7577e6d973cc947b04bf0ff3eb',113,'Data Source [  6 / DiskIdleTime ]',NULL,'task_item_id'),(610,'4ebda0a93b64638ca0ffb095f0c234b8',113,'Data Source [  7 / DiskIdleTime ]',NULL,'task_item_id'),(611,'f383ca52249f5c76204f7d9e7c0881aa',113,'Data Source [  8 / DiskIdleTime ]',NULL,'task_item_id'),(612,'7cd2a1b5fa5c302c4c6701508b188c09',113,'Data Source [  9 / DiskIdleTime ]',NULL,'task_item_id'),(613,'b3fa07f980648dfff01c36e727cb27fe',113,'Data Source [ 10 / DiskIdleTime ]',NULL,'task_item_id'),(614,'c4b3286fa850c86cda7ae16348fa57ac',113,'Data Source [ 11 / DiskIdleTime ]',NULL,'task_item_id'),(615,'edb6934e60747ded1beb01f61db04895',113,'Data Source [ 12 / DiskIdleTime ]',NULL,'task_item_id'),(616,'ecf73d647d458af76ffcd2c168057261',113,'Data Source [ 13 / DiskIdleTime ]',NULL,'task_item_id'),(617,'cd5126e09e2acac9c3c316601f25d79e',113,'Data Source [ 14 / DiskIdleTime ]',NULL,'task_item_id'),(618,'e8c13c4918d4a4d8749a5d2af1ad19bd',114,'Data Source [  1 / DiskIdleTime ]',NULL,'task_item_id'),(619,'0590e09f51fbcc47fe0f2166a8c434c8',114,'Data Source [  2 / DiskIdleTime ]',NULL,'task_item_id'),(620,'0fc32a6cb3822917b15614e61b530e5f',114,'Data Source [  3 / DiskIdleTime ]',NULL,'task_item_id'),(621,'72aafac5ea4063e35f24c774a7692a83',114,'Data Source [  4 / DiskIdleTime ]',NULL,'task_item_id'),(622,'2f50fcb1fb8a7b9cd08f3415f048e641',114,'Data Source [  5 / DiskIdleTime ]',NULL,'task_item_id'),(623,'6968655064e0422a442fa84c0fa93584',114,'Data Source [  6 / DiskIdleTime ]',NULL,'task_item_id'),(624,'167367a54cbfb6ad0888a1cfb0ac28c3',114,'Data Source [  7 / DiskIdleTime ]',NULL,'task_item_id'),(625,'d97ce4ff94279675681896457aaab58b',114,'Data Source [  8 / DiskIdleTime ]',NULL,'task_item_id'),(626,'5178f703f9d9f1cf26377f0f07178801',114,'Data Source [  9 / DiskIdleTime ]',NULL,'task_item_id'),(627,'9900bfe0d5573cce45d53dcfc368d086',114,'Data Source [ 10 / DiskIdleTime ]',NULL,'task_item_id'),(628,'6d99f1f7b7c114f9be4ef2be52664610',114,'Data Source [ 11 / DiskIdleTime ]',NULL,'task_item_id'),(629,'14bee7e9a9b88cb5119f9f79119c7d3a',114,'Data Source [ 12 / DiskIdleTime ]',NULL,'task_item_id'),(630,'a7fccdad71dd3f34e9e1fff4631a289a',114,'Data Source [ 13 / DiskIdleTime ]',NULL,'task_item_id'),(631,'b8088ae279f6d919f9b177cdb90a5970',114,'Data Source [ 14 / DiskIdleTime ]',NULL,'task_item_id'),(632,'db61cb31161ef5036d72b21158002dee',114,'Data Source [ 15 / DiskIdleTime ]',NULL,'task_item_id'),(633,'e70cdf646807790b2e5319d0352484c7',115,'Data Source [  1 / reads/sec ]',NULL,'task_item_id'),(634,'03fd231acf4fd769e6ac0a0dfe98e0b5',115,'Data Source [  2 / writes/sec ]',NULL,'task_item_id'),(635,'2b26e405e827fe879a2b0686a5760020',116,'Data Source [  1 / read transfer ]',NULL,'task_item_id'),(636,'48e0806d6924d8bf18caaf236c1d8415',116,'Data Source [  2 / write transfer ]',NULL,'task_item_id'),(637,'c77f41df47aaf0499e628d16640deefc',117,'Data Source [  1 / read latency ]',NULL,'task_item_id'),(638,'8b3914f288e9187ff7117874f0004288',117,'Data Source [  2 / write latency ]',NULL,'task_item_id'),(642,'e02ab18481bcaacd826907ff5f6b4a3b',119,'Data Source [ comment ]',NULL,'text_format'),(643,'4d403adce80b05974eaf7ecf9df7022c',119,'Data Source [  1 / user ]',NULL,'task_item_id'),(644,'49bd31ebb61c8b9052637cfc7599865f',119,'Data Source [  2 / privileged ]',NULL,'task_item_id'),(645,'999918d355a137002f518f1d0e025f45',119,'Data Source [  3 / interrupt ]',NULL,'task_item_id'),(646,'b0747bfe1dac088d968985bb5a91ee48',119,'Data Source [  4 / Total ]',NULL,'task_item_id');
/*!40000 ALTER TABLE `graph_template_input` ENABLE KEYS */;
UNLOCK TABLES;

--
-- Table structure for table `graph_template_input_defs`
--

DROP TABLE IF EXISTS `graph_template_input_defs`;
/*!40101 SET @saved_cs_client     = @@character_set_client */;
/*!50503 SET character_set_client = utf8mb4 */;
CREATE TABLE `graph_template_input_defs` (
  `graph_template_input_id` int unsigned NOT NULL DEFAULT '0',
  `graph_template_item_id` int unsigned NOT NULL DEFAULT '0',
  PRIMARY KEY (`graph_template_input_id`,`graph_template_item_id`)
) ENGINE=InnoDB DEFAULT CHARSET=utf8mb4 COLLATE=utf8mb4_unicode_ci ROW_FORMAT=DYNAMIC COMMENT='Stores the relationship for what graph items are associated';
/*!40101 SET character_set_client = @saved_cs_client */;

--
-- Dumping data for table `graph_template_input_defs`
--

LOCK TABLES `graph_template_input_defs` WRITE;
/*!40000 ALTER TABLE `graph_template_input_defs` DISABLE KEYS */;
INSERT INTO `graph_template_input_defs` VALUES (1,1),(1,2),(1,4),(2,6),(2,8),(3,10),(5,17),(7,25),(7,26),(7,27),(7,28),(8,29),(8,30),(8,31),(8,32),(9,33),(9,34),(9,35),(9,36),(10,37),(10,38),(10,39),(10,40),(11,41),(11,42),(11,43),(11,44),(12,45),(12,46),(12,47),(12,48),(13,49),(13,50),(13,51),(13,52),(14,53),(14,54),(14,55),(14,56),(15,57),(15,58),(15,59),(15,60),(16,61),(16,62),(16,63),(16,64),(17,65),(17,66),(17,67),(17,68),(18,69),(18,70),(18,71),(18,72),(19,73),(19,74),(19,75),(19,76),(20,77),(20,78),(20,79),(20,80),(21,81),(21,82),(21,83),(21,84),(22,85),(22,86),(22,87),(22,88),(23,89),(23,90),(23,91),(23,92),(24,93),(24,94),(24,95),(24,96),(25,97),(25,98),(25,99),(25,100),(26,101),(26,102),(26,103),(26,104),(27,105),(27,106),(27,107),(27,108),(28,109),(28,110),(28,111),(28,112),(29,113),(29,114),(29,115),(29,116),(30,117),(30,118),(30,119),(30,120),(31,121),(31,122),(31,123),(31,124),(32,125),(32,126),(32,127),(32,128),(33,129),(33,130),(33,131),(33,132),(34,133),(34,134),(34,135),(34,136),(35,137),(35,138),(35,139),(36,141),(36,143),(37,145),(37,147),(38,369),(38,370),(38,371),(38,372),(39,373),(39,374),(39,375),(39,376),(40,377),(40,378),(40,379),(40,380),(41,381),(41,382),(41,383),(41,384),(42,385),(42,386),(42,387),(42,388),(43,389),(43,390),(43,391),(43,392),(44,393),(44,394),(44,395),(44,396),(45,397),(45,398),(45,399),(45,400),(46,401),(46,402),(46,403),(46,404),(47,405),(47,406),(47,407),(47,408),(48,409),(48,410),(48,411),(48,412),(49,413),(49,414),(49,415),(49,416),(50,417),(50,418),(50,419),(50,420),(51,421),(51,422),(51,423),(51,424),(52,425),(52,426),(52,427),(52,428),(53,429),(53,430),(53,431),(53,432),(54,433),(54,434),(54,435),(54,436),(55,437),(55,438),(55,439),(55,440),(56,441),(56,442),(56,443),(56,444),(57,445),(57,446),(57,447),(57,448),(58,449),(58,450),(58,451),(58,452),(59,453),(59,454),(59,455),(59,456),(60,457),(60,458),(60,459),(60,460),(61,461),(61,462),(61,463),(61,464),(62,465),(62,466),(62,467),(62,468),(63,469),(63,470),(63,471),(63,472),(64,473),(64,474),(64,475),(64,476),(65,477),(65,478),(65,479),(65,480),(66,481),(66,482),(66,483),(66,484),(67,485),(67,486),(67,487),(67,488),(68,489),(68,490),(68,491),(68,492),(69,493),(69,494),(69,495),(69,496),(70,497),(70,498),(70,499),(70,500),(71,501),(71,502),(71,503),(71,504),(72,505),(72,506),(72,507),(72,508),(73,509),(73,510),(73,511),(73,512),(74,513),(74,514),(74,515),(74,516),(75,517),(75,518),(75,519),(75,520),(76,521),(76,522),(76,523),(76,524),(77,525),(77,526),(77,527),(77,528),(78,529),(78,530),(78,531),(78,532),(79,533),(79,534),(79,535),(79,536),(80,537),(80,538),(80,539),(80,540),(81,541),(81,542),(81,543),(81,544),(82,545),(82,546),(82,547),(82,548),(83,549),(83,550),(83,551),(83,552),(84,553),(84,554),(84,555),(84,556),(85,557),(85,558),(85,559),(85,560),(86,561),(86,562),(86,563),(86,564),(87,565),(87,566),(87,567),(87,568),(88,569),(88,570),(88,571),(88,572),(89,573),(89,574),(89,575),(89,576),(90,577),(90,578),(90,579),(90,580),(91,581),(91,582),(91,583),(91,584),(92,585),(92,586),(92,587),(92,588),(93,589),(93,590),(93,591),(93,592),(94,593),(94,594),(94,595),(94,596),(95,597),(95,598),(95,599),(95,600),(96,601),(96,602),(96,603),(96,604),(97,605),(97,606),(97,607),(97,608),(98,609),(98,610),(98,611),(98,612),(99,613),(99,614),(99,615),(99,616),(100,617),(100,618),(100,619),(100,620),(101,621),(101,622),(101,623),(101,624),(102,625),(102,626),(102,627),(102,628),(103,629),(103,630),(103,631),(103,632),(104,633),(104,634),(104,635),(104,636),(105,637),(105,638),(105,639),(105,640),(106,641),(106,642),(106,643),(106,644),(107,645),(107,646),(107,647),(107,648),(108,649),(108,650),(108,651),(108,652),(109,653),(109,654),(109,655),(109,656),(110,657),(110,658),(110,659),(110,660),(111,661),(111,662),(111,663),(111,664),(112,665),(112,666),(112,667),(112,668),(113,669),(113,670),(113,671),(113,672),(114,673),(114,674),(114,675),(114,676),(115,677),(115,678),(115,679),(115,680),(116,681),(116,682),(116,683),(116,684),(117,685),(117,686),(117,687),(117,688),(118,689),(118,690),(118,691),(118,692),(119,693),(119,694),(119,695),(119,696),(120,697),(120,698),(120,699),(120,700),(121,701),(121,702),(121,703),(121,704),(122,705),(122,706),(122,707),(122,708),(123,709),(123,710),(123,711),(123,712),(124,713),(124,714),(124,715),(124,716),(125,717),(125,718),(125,719),(125,720),(126,721),(126,722),(126,723),(126,724),(127,725),(127,726),(127,727),(127,728),(128,729),(128,730),(128,731),(128,732),(129,733),(129,734),(129,735),(129,736),(130,737),(130,738),(130,739),(130,740),(131,741),(131,742),(131,743),(131,744),(132,745),(132,746),(132,747),(132,748),(133,749),(133,750),(133,751),(133,752),(134,753),(134,754),(134,755),(134,756),(135,757),(135,758),(135,759),(135,760),(136,761),(136,762),(136,763),(136,764),(137,765),(137,766),(137,767),(137,768),(138,769),(138,770),(138,771),(138,772),(139,773),(139,774),(139,775),(139,776),(140,777),(140,778),(140,779),(140,780),(141,781),(141,782),(141,783),(141,784),(142,785),(142,786),(142,787),(142,788),(143,789),(143,790),(143,791),(143,792),(144,793),(144,794),(144,795),(144,796),(145,797),(145,798),(145,799),(145,800),(146,801),(146,802),(146,803),(146,804),(147,805),(147,806),(147,807),(147,808),(148,809),(148,810),(148,811),(148,812),(149,813),(149,814),(149,815),(149,816),(150,817),(150,818),(150,819),(150,820),(151,821),(151,822),(151,823),(151,824),(152,825),(152,826),(152,827),(152,828),(153,829),(153,830),(153,831),(153,832),(154,833),(154,834),(154,835),(154,836),(155,837),(155,838),(155,839),(155,840),(156,841),(156,842),(156,843),(156,844),(157,845),(157,846),(157,847),(157,848),(158,849),(158,850),(158,851),(158,852),(159,853),(159,854),(159,855),(159,856),(160,857),(160,858),(160,859),(160,860),(161,861),(161,862),(161,863),(161,864),(162,865),(162,866),(162,867),(162,868),(163,869),(163,870),(163,871),(163,872),(164,873),(164,874),(164,875),(164,876),(165,877),(165,878),(165,879),(165,880),(166,881),(166,882),(166,883),(166,884),(167,885),(167,886),(167,887),(167,888),(168,889),(168,890),(168,891),(168,892),(169,893),(169,894),(169,895),(169,896),(170,897),(170,898),(170,899),(170,900),(171,901),(171,902),(171,903),(171,904),(172,905),(172,906),(172,907),(172,908),(173,909),(173,910),(173,911),(173,912),(174,913),(174,914),(174,915),(174,916),(175,917),(175,918),(175,919),(175,920),(176,921),(176,922),(176,923),(176,924),(177,925),(177,926),(177,927),(177,928),(178,929),(178,930),(178,931),(178,932),(179,933),(179,934),(179,935),(179,936),(180,937),(180,938),(180,939),(180,940),(181,941),(181,942),(181,943),(181,944),(182,945),(182,946),(182,947),(182,948),(183,949),(183,950),(183,951),(183,952),(184,953),(184,954),(184,955),(184,956),(185,957),(185,958),(185,959),(185,960),(186,961),(186,962),(186,963),(186,964),(187,965),(187,966),(187,967),(187,968),(188,969),(188,970),(188,971),(188,972),(189,973),(189,974),(189,975),(189,976),(190,977),(190,978),(190,979),(190,980),(191,981),(191,982),(191,983),(191,984),(192,985),(192,986),(192,987),(192,988),(193,989),(193,990),(193,991),(193,992),(194,993),(194,994),(194,995),(194,996),(195,997),(195,998),(195,999),(195,1000),(196,1001),(196,1002),(196,1003),(196,1004),(197,1005),(197,1006),(197,1007),(197,1008),(198,1009),(198,1010),(198,1011),(198,1012),(199,1013),(199,1014),(199,1015),(199,1016),(200,1017),(200,1018),(200,1019),(200,1020),(201,1021),(201,1022),(201,1023),(201,1024),(202,1025),(202,1026),(202,1027),(202,1028),(203,1029),(203,1030),(203,1031),(203,1032),(204,1033),(204,1034),(204,1035),(204,1036),(205,1037),(205,1038),(205,1039),(205,1040),(206,1041),(206,1042),(206,1043),(206,1044),(207,1045),(207,1046),(207,1047),(207,1048),(208,1049),(208,1050),(208,1051),(208,1052),(209,1053),(209,1054),(209,1055),(209,1056),(210,1057),(210,1058),(210,1059),(210,1060),(211,1061),(211,1062),(211,1063),(211,1064),(212,1065),(212,1066),(212,1067),(212,1068),(213,1069),(213,1070),(213,1071),(213,1072),(214,1073),(214,1074),(214,1075),(214,1076),(215,1077),(215,1078),(215,1079),(215,1080),(216,1081),(216,1082),(216,1083),(216,1084),(217,1085),(217,1086),(217,1087),(217,1088),(218,1089),(218,1090),(218,1091),(218,1092),(219,1093),(219,1094),(219,1095),(219,1096),(220,1097),(220,1098),(220,1099),(220,1100),(221,1101),(221,1102),(221,1103),(221,1104),(222,1105),(222,1106),(222,1107),(222,1108),(223,1109),(223,1110),(223,1111),(223,1112),(224,1113),(224,1114),(224,1115),(224,1116),(225,1117),(225,1118),(225,1119),(225,1120),(226,1121),(226,1122),(226,1123),(226,1124),(227,1125),(227,1126),(227,1127),(227,1128),(228,1129),(228,1130),(228,1131),(228,1132),(229,1133),(229,1134),(229,1135),(229,1136),(230,1137),(230,1138),(230,1139),(230,1140),(231,1141),(231,1142),(231,1143),(231,1144),(232,1145),(232,1146),(232,1147),(232,1148),(233,1149),(233,1150),(233,1151),(233,1152),(234,1153),(234,1154),(234,1155),(234,1156),(235,1157),(235,1158),(235,1159),(235,1160),(236,1161),(236,1162),(236,1163),(236,1164),(237,1165),(237,1166),(237,1167),(237,1168),(238,1169),(238,1170),(238,1171),(238,1172),(239,1173),(239,1174),(239,1175),(239,1176),(240,1177),(240,1178),(240,1179),(240,1180),(241,1181),(241,1182),(241,1183),(241,1184),(242,1185),(242,1186),(242,1187),(242,1188),(243,1189),(243,1190),(243,1191),(243,1192),(244,1193),(244,1194),(244,1195),(244,1196),(245,1197),(245,1198),(245,1199),(245,1200),(246,1201),(246,1202),(246,1203),(246,1204),(247,1205),(247,1206),(247,1207),(247,1208),(248,1209),(248,1210),(248,1211),(248,1212),(249,1213),(249,1214),(249,1215),(249,1216),(250,1217),(250,1218),(250,1219),(250,1220),(251,1221),(251,1222),(251,1223),(251,1224),(252,1225),(252,1226),(252,1227),(252,1228),(253,1229),(253,1230),(253,1231),(253,1232),(254,1233),(254,1234),(254,1235),(254,1236),(255,1237),(255,1238),(255,1239),(255,1240),(256,1241),(256,1242),(256,1243),(256,1244),(257,1245),(257,1246),(257,1247),(257,1248),(258,1249),(258,1250),(258,1251),(258,1252),(259,1253),(259,1254),(259,1255),(259,1256),(260,1257),(260,1258),(260,1259),(260,1260),(261,1261),(261,1262),(261,1263),(261,1264),(262,1265),(262,1266),(262,1267),(262,1268),(263,1269),(263,1270),(263,1271),(263,1272),(264,1273),(264,1274),(264,1275),(264,1276),(265,1277),(265,1278),(265,1279),(265,1280),(266,1281),(266,1282),(266,1283),(266,1284),(267,1285),(267,1286),(267,1287),(267,1288),(268,1289),(268,1290),(268,1291),(268,1292),(269,1293),(269,1294),(269,1295),(269,1296),(270,1297),(270,1298),(270,1299),(270,1300),(271,1301),(271,1302),(271,1303),(271,1304),(272,1305),(272,1306),(272,1307),(272,1308),(273,1309),(273,1310),(273,1311),(273,1312),(274,1313),(274,1314),(274,1315),(274,1316),(275,1317),(275,1318),(275,1319),(275,1320),(276,1321),(276,1322),(276,1323),(276,1324),(277,1325),(277,1326),(277,1327),(277,1328),(278,1329),(278,1330),(278,1331),(278,1332),(279,1333),(279,1334),(279,1335),(279,1336),(280,1337),(280,1338),(280,1339),(280,1340),(281,1341),(281,1342),(281,1343),(281,1344),(282,1345),(282,1346),(282,1347),(282,1348),(283,1349),(283,1350),(283,1351),(283,1352),(284,1353),(284,1354),(284,1355),(284,1356),(285,1357),(285,1358),(285,1359),(285,1360),(286,1361),(287,1362),(288,1363),(288,1364),(288,1365),(288,1366),(289,1367),(289,1368),(289,1369),(289,1370),(290,1371),(290,1372),(290,1373),(290,1374),(291,1375),(291,1376),(291,1377),(291,1378),(292,1379),(292,1380),(292,1381),(292,1382),(293,1383),(293,1384),(293,1385),(293,1386),(294,1387),(294,1388),(294,1389),(294,1390),(295,1391),(295,1392),(295,1393),(295,1394),(296,1395),(296,1396),(296,1397),(296,1398),(297,1399),(297,1400),(297,1401),(297,1402),(298,1403),(298,1404),(298,1405),(298,1406),(299,1407),(299,1408),(299,1409),(299,1410),(300,1411),(300,1412),(300,1413),(300,1414),(301,1415),(301,1416),(301,1417),(301,1418),(302,1419),(302,1420),(302,1421),(302,1422),(303,1423),(303,1424),(303,1425),(303,1426),(304,1427),(304,1428),(304,1429),(304,1430),(305,1431),(305,1432),(305,1433),(305,1434),(306,1435),(306,1436),(306,1437),(306,1438),(307,1439),(307,1440),(307,1441),(307,1442),(308,1443),(308,1444),(308,1445),(308,1446),(309,1447),(309,1448),(309,1449),(309,1450),(310,1451),(310,1452),(310,1453),(310,1454),(311,1455),(311,1456),(311,1457),(311,1458),(312,1459),(312,1460),(312,1461),(312,1462),(313,1463),(313,1464),(313,1465),(313,1466),(314,1467),(314,1468),(314,1469),(314,1470),(315,1471),(315,1472),(315,1473),(315,1474),(316,1475),(316,1476),(316,1477),(316,1478),(317,1479),(317,1480),(317,1481),(317,1482),(318,1483),(318,1484),(318,1485),(318,1486),(319,1487),(319,1488),(319,1489),(319,1490),(320,1491),(320,1492),(320,1493),(320,1494),(321,1495),(321,1496),(321,1497),(321,1498),(322,1499),(322,1500),(322,1501),(322,1502),(323,1503),(323,1504),(323,1505),(323,1506),(324,1507),(324,1508),(324,1509),(324,1510),(325,1511),(325,1512),(325,1513),(325,1514),(326,1515),(326,1516),(326,1517),(326,1518),(327,1519),(327,1520),(327,1521),(327,1522),(328,1523),(328,1524),(328,1525),(328,1526),(329,1527),(329,1528),(329,1529),(329,1530),(330,1531),(330,1532),(330,1533),(330,1534),(331,1535),(331,1536),(331,1537),(331,1538),(332,1539),(332,1540),(332,1541),(332,1542),(333,1543),(333,1544),(333,1545),(333,1546),(334,1547),(334,1548),(334,1549),(334,1550),(335,1551),(335,1552),(335,1553),(335,1554),(336,1555),(336,1556),(336,1557),(336,1558),(337,1559),(337,1560),(337,1561),(337,1562),(338,1563),(338,1564),(338,1565),(338,1566),(339,1567),(339,1568),(339,1569),(339,1570),(340,1571),(341,1572),(341,1573),(341,1574),(341,1575),(342,1576),(342,1577),(342,1578),(342,1579),(343,1580),(343,1581),(343,1582),(343,1583),(344,1584),(344,1585),(344,1586),(344,1587),(345,1588),(345,1589),(345,1590),(345,1591),(346,1592),(346,1593),(346,1594),(346,1595),(347,1596),(347,1597),(347,1598),(347,1599),(348,1600),(348,1601),(348,1602),(348,1603),(349,1604),(349,1605),(349,1606),(349,1607),(350,1608),(350,1609),(350,1610),(350,1611),(351,1612),(351,1613),(351,1614),(351,1615),(352,1616),(352,1617),(352,1618),(352,1619),(353,1620),(353,1621),(353,1622),(353,1623),(354,1624),(354,1625),(354,1626),(354,1627),(355,1628),(355,1629),(355,1630),(355,1631),(356,1632),(356,1633),(356,1634),(356,1635),(357,1636),(357,1637),(357,1638),(357,1639),(358,1640),(358,1641),(358,1642),(358,1643),(359,1644),(359,1645),(359,1646),(359,1647),(360,1648),(360,1649),(360,1650),(360,1651),(361,1652),(361,1653),(361,1654),(361,1655),(362,1656),(362,1657),(362,1658),(362,1659),(363,1660),(363,1661),(363,1662),(363,1663),(364,1664),(364,1665),(364,1666),(364,1667),(365,1668),(365,1669),(365,1670),(365,1671),(366,1672),(366,1673),(366,1674),(366,1675),(367,1676),(367,1677),(367,1678),(367,1679),(368,1680),(368,1681),(368,1682),(368,1683),(369,1684),(369,1685),(369,1686),(369,1687),(370,1688),(370,1689),(370,1690),(370,1691),(371,1692),(371,1693),(371,1694),(371,1695),(372,1696),(372,1697),(372,1698),(372,1699),(373,1700),(373,1701),(373,1702),(373,1703),(374,1704),(374,1705),(374,1706),(374,1707),(375,1708),(375,1709),(375,1710),(375,1711),(376,1712),(376,1713),(376,1714),(376,1715),(377,1716),(377,1717),(377,1718),(377,1719),(378,1720),(378,1721),(378,1722),(378,1723),(379,1724),(379,1725),(379,1726),(379,1727),(380,1728),(380,1729),(380,1730),(380,1731),(381,1732),(381,1733),(381,1734),(381,1735),(382,1736),(382,1737),(382,1738),(382,1739),(383,1740),(383,1741),(383,1742),(383,1743),(384,1744),(384,1745),(384,1746),(384,1747),(385,1748),(385,1749),(385,1750),(385,1751),(386,1752),(386,1753),(386,1754),(386,1755),(387,1756),(387,1757),(387,1758),(387,1759),(388,1760),(388,1761),(388,1762),(388,1763),(389,1764),(389,1765),(389,1766),(389,1767),(390,1768),(390,1769),(390,1770),(390,1771),(391,1772),(391,1773),(391,1774),(391,1775),(392,1776),(392,1777),(392,1778),(392,1779),(393,1780),(393,1781),(393,1782),(393,1783),(394,1784),(394,1785),(394,1786),(394,1787),(395,1788),(395,1789),(395,1790),(395,1791),(396,1792),(396,1793),(396,1794),(396,1795),(397,1796),(397,1797),(397,1798),(397,1799),(398,1800),(398,1801),(398,1802),(398,1803),(399,1804),(399,1805),(399,1806),(399,1807),(400,1808),(400,1809),(400,1810),(400,1811),(401,1812),(401,1813),(401,1814),(401,1815),(402,1816),(402,1817),(402,1818),(402,1819),(403,1820),(403,1821),(403,1822),(403,1823),(404,1824),(404,1825),(404,1826),(404,1827),(405,1828),(405,1829),(405,1830),(405,1831),(406,1832),(406,1833),(406,1834),(406,1835),(407,1836),(407,1837),(407,1838),(407,1839),(408,1840),(408,1841),(408,1842),(408,1843),(409,1844),(409,1845),(409,1846),(409,1847),(410,1848),(410,1849),(410,1850),(410,1851),(411,1852),(411,1853),(411,1854),(411,1855),(412,1856),(412,1857),(412,1858),(412,1859),(413,1860),(413,1861),(413,1862),(413,1863),(414,1864),(414,1865),(414,1866),(414,1867),(415,1868),(415,1869),(415,1870),(415,1871),(416,1872),(416,1873),(416,1874),(416,1875),(417,1876),(417,1877),(417,1878),(417,1879),(418,1880),(418,1881),(418,1882),(418,1883),(419,1884),(419,1885),(419,1886),(419,1887),(420,1888),(420,1889),(420,1890),(420,1891),(421,1892),(421,1893),(421,1894),(421,1895),(422,1896),(422,1897),(422,1898),(422,1899),(423,1900),(423,1901),(423,1902),(423,1903),(424,1904),(424,1905),(424,1906),(424,1907),(425,1908),(425,1909),(425,1910),(425,1911),(426,1912),(426,1913),(426,1914),(426,1915),(427,1916),(427,1917),(427,1918),(427,1919),(428,1920),(428,1921),(428,1922),(428,1923),(429,1924),(429,1925),(429,1926),(429,1927),(430,1928),(430,1929),(430,1930),(430,1931),(431,1932),(431,1933),(431,1934),(431,1935),(432,1936),(432,1937),(432,1938),(432,1939),(433,1940),(433,1941),(433,1942),(433,1943),(434,1944),(434,1945),(434,1946),(434,1947),(435,1948),(435,1949),(435,1950),(435,1951),(436,1952),(436,1953),(436,1954),(436,1955),(437,1956),(437,1957),(437,1958),(437,1959),(438,1960),(438,1961),(438,1962),(438,1963),(439,1964),(439,1965),(439,1966),(439,1967),(440,1968),(440,1969),(440,1970),(440,1971),(441,1972),(441,1973),(441,1974),(441,1975),(442,1976),(442,1977),(442,1978),(442,1979),(443,1980),(443,1981),(443,1982),(443,1983),(444,1984),(444,1985),(444,1986),(444,1987),(445,1988),(445,1989),(445,1990),(445,1991),(446,1992),(446,1993),(446,1994),(446,1995),(447,1996),(447,1997),(447,1998),(447,1999),(448,2000),(448,2001),(448,2002),(448,2003),(449,2004),(449,2005),(449,2006),(449,2007),(450,2008),(450,2009),(450,2010),(450,2011),(451,2012),(451,2013),(451,2014),(451,2015),(452,2016),(452,2017),(452,2018),(452,2019),(453,2020),(453,2021),(453,2022),(453,2023),(454,2024),(454,2025),(454,2026),(454,2027),(455,2028),(455,2029),(455,2030),(455,2031),(456,2032),(456,2033),(456,2034),(456,2035),(457,2036),(457,2037),(457,2038),(457,2039),(458,2040),(458,2041),(458,2042),(458,2043),(459,2044),(459,2045),(459,2046),(459,2047),(460,2048),(460,2049),(460,2050),(460,2051),(461,2052),(461,2053),(461,2054),(461,2055),(462,2056),(462,2057),(462,2058),(462,2059),(463,2060),(463,2061),(463,2062),(463,2063),(464,2064),(464,2065),(464,2066),(464,2067),(465,2068),(465,2069),(465,2070),(465,2071),(466,2072),(466,2073),(466,2074),(466,2075),(467,2076),(467,2077),(467,2078),(467,2079),(468,2080),(468,2081),(468,2082),(468,2083),(469,2084),(469,2085),(469,2086),(469,2087),(470,2088),(471,2089),(472,2090),(472,2091),(472,2092),(472,2093),(473,2094),(473,2095),(473,2096),(473,2097),(474,2098),(474,2099),(474,2100),(474,2101),(475,2102),(475,2103),(475,2104),(475,2105),(476,2106),(476,2107),(476,2108),(476,2109),(477,2110),(477,2111),(477,2112),(477,2113),(478,2114),(478,2115),(478,2116),(478,2117),(479,2118),(479,2119),(479,2120),(479,2121),(480,2122),(480,2123),(480,2124),(480,2125),(481,2126),(481,2127),(481,2128),(481,2129),(482,2130),(482,2131),(482,2132),(482,2133),(483,2134),(483,2135),(483,2136),(483,2137),(484,2138),(484,2139),(484,2140),(484,2141),(485,2142),(485,2143),(485,2144),(485,2145),(486,2146),(486,2147),(486,2148),(486,2149),(487,2150),(487,2151),(487,2152),(487,2153),(488,2154),(488,2155),(488,2156),(488,2157),(489,2158),(489,2159),(489,2160),(489,2161),(490,2162),(490,2163),(490,2164),(490,2165),(491,2166),(491,2167),(491,2168),(491,2169),(492,2170),(492,2171),(492,2172),(492,2173),(493,2174),(493,2175),(493,2176),(493,2177),(494,2178),(494,2179),(494,2180),(494,2181),(495,2182),(495,2183),(495,2184),(495,2185),(496,2186),(496,2187),(496,2188),(496,2189),(497,2190),(497,2191),(497,2192),(497,2193),(498,2194),(498,2195),(498,2196),(498,2197),(499,2198),(499,2199),(499,2200),(499,2201),(500,2202),(500,2203),(500,2204),(500,2205),(501,2206),(501,2207),(501,2208),(501,2209),(502,2210),(502,2211),(502,2212),(502,2213),(503,2214),(503,2215),(503,2216),(503,2217),(504,2218),(504,2219),(504,2220),(504,2221),(505,2222),(505,2223),(505,2224),(505,2225),(506,2226),(506,2227),(506,2228),(506,2229),(507,2230),(507,2231),(507,2232),(507,2233),(508,2234),(508,2235),(508,2236),(508,2237),(509,2238),(509,2239),(509,2240),(509,2241),(510,2242),(510,2243),(510,2244),(510,2245),(511,2246),(511,2247),(511,2248),(511,2249),(512,2250),(512,2251),(512,2252),(512,2253),(513,2254),(513,2255),(513,2256),(513,2257),(514,2258),(514,2259),(514,2260),(514,2261),(515,2262),(515,2263),(515,2264),(515,2265),(516,2266),(516,2267),(516,2268),(516,2269),(517,2270),(517,2271),(517,2272),(517,2273),(518,2274),(518,2275),(518,2276),(518,2277),(519,2278),(519,2279),(519,2280),(519,2281),(520,2282),(520,2283),(520,2284),(520,2285),(521,2286),(521,2287),(521,2288),(521,2289),(522,2290),(522,2291),(522,2292),(522,2293),(523,2294),(523,2295),(523,2296),(523,2297),(524,2298),(524,2299),(524,2300),(524,2301),(525,2302),(525,2303),(525,2304),(525,2305),(526,2306),(526,2307),(526,2308),(526,2309),(527,2310),(527,2311),(527,2312),(527,2313),(528,2314),(528,2315),(528,2316),(528,2317),(529,2318),(529,2319),(529,2320),(529,2321),(530,2322),(530,2323),(530,2324),(530,2325),(531,2326),(531,2327),(531,2328),(531,2329),(532,2330),(532,2331),(532,2332),(532,2333),(533,2334),(533,2335),(533,2336),(533,2337),(534,2338),(534,2339),(534,2340),(534,2341),(535,2342),(535,2343),(535,2344),(535,2345),(536,2346),(536,2347),(536,2348),(536,2349),(537,2350),(537,2351),(537,2352),(537,2353),(538,2354),(538,2355),(538,2356),(538,2357),(539,2358),(539,2359),(539,2360),(539,2361),(540,2362),(540,2363),(540,2364),(540,2365),(541,2366),(541,2367),(541,2368),(541,2369),(542,2370),(542,2371),(542,2372),(542,2373),(543,2374),(543,2375),(543,2376),(543,2377),(544,2378),(544,2379),(544,2380),(544,2381),(545,2382),(545,2383),(545,2384),(545,2385),(546,2386),(546,2387),(546,2388),(546,2389),(547,2390),(547,2391),(547,2392),(547,2393),(548,2394),(548,2395),(548,2396),(548,2397),(549,2398),(549,2399),(549,2400),(549,2401),(550,2402),(550,2403),(550,2404),(550,2405),(551,2406),(551,2407),(551,2408),(551,2409),(552,2410),(552,2411),(552,2412),(552,2413),(553,2414),(553,2415),(553,2416),(553,2417),(554,2418),(554,2419),(554,2420),(554,2421),(555,2422),(555,2423),(555,2424),(555,2425),(556,2426),(556,2427),(556,2428),(556,2429),(557,2430),(557,2431),(557,2432),(557,2433),(558,2434),(558,2435),(558,2436),(558,2437),(559,2438),(559,2439),(559,2440),(559,2441),(560,2442),(560,2443),(560,2444),(560,2445),(561,2446),(561,2447),(561,2448),(561,2449),(562,2450),(562,2451),(562,2452),(562,2453),(563,2454),(563,2455),(563,2456),(563,2457),(564,2458),(564,2459),(564,2460),(564,2461),(565,2462),(565,2463),(565,2464),(565,2465),(566,2466),(566,2467),(566,2468),(566,2469),(567,2470),(567,2471),(567,2472),(567,2473),(568,2474),(568,2475),(568,2476),(568,2477),(569,2478),(569,2479),(569,2480),(569,2481),(570,2482),(570,2483),(570,2484),(570,2485),(571,2486),(571,2487),(571,2488),(571,2489),(572,2490),(572,2491),(572,2492),(572,2493),(573,2494),(573,2495),(573,2496),(573,2497),(574,2498),(574,2499),(574,2500),(574,2501),(575,2502),(575,2503),(575,2504),(575,2505),(576,2506),(576,2507),(576,2508),(576,2509),(577,2510),(577,2511),(577,2512),(577,2513),(578,2514),(578,2515),(578,2516),(578,2517),(579,2518),(579,2519),(579,2520),(579,2521),(580,2522),(580,2523),(580,2524),(580,2525),(581,2526),(581,2527),(581,2528),(581,2529),(582,2530),(582,2531),(582,2532),(582,2533),(583,2534),(583,2535),(583,2536),(583,2537),(584,2538),(584,2539),(584,2540),(584,2541),(585,2542),(585,2543),(585,2544),(585,2545),(586,2546),(586,2547),(586,2548),(586,2549),(587,2550),(587,2551),(587,2552),(587,2553),(588,2554),(588,2555),(588,2556),(588,2557),(589,2558),(589,2559),(589,2560),(589,2561),(590,2562),(590,2563),(590,2564),(590,2565),(591,2566),(591,2567),(591,2568),(591,2569),(592,2570),(592,2571),(592,2572),(592,2573),(593,2574),(593,2575),(593,2576),(593,2577),(594,2578),(594,2579),(594,2580),(594,2581),(595,2582),(595,2583),(595,2584),(595,2585),(596,2586),(596,2587),(596,2588),(596,2589),(597,2590),(597,2591),(597,2592),(597,2593),(598,2594),(598,2595),(598,2596),(598,2597),(599,2598),(599,2599),(599,2600),(599,2601),(600,2602),(600,2603),(600,2604),(600,2605),(601,2606),(601,2607),(601,2608),(601,2609),(602,2610),(602,2611),(602,2612),(602,2613),(603,2614),(603,2615),(603,2616),(603,2617),(604,2618),(604,2619),(604,2620),(604,2621),(605,2622),(605,2623),(605,2624),(605,2625),(606,2626),(606,2627),(606,2628),(606,2629),(607,2630),(607,2631),(607,2632),(607,2633),(608,2634),(608,2635),(608,2636),(608,2637),(609,2638),(609,2639),(609,2640),(609,2641),(610,2642),(610,2643),(610,2644),(610,2645),(611,2646),(611,2647),(611,2648),(611,2649),(612,2650),(612,2651),(612,2652),(612,2653),(613,2654),(613,2655),(613,2656),(613,2657),(614,2658),(614,2659),(614,2660),(614,2661),(615,2662),(615,2663),(615,2664),(615,2665),(616,2666),(616,2667),(616,2668),(616,2669),(617,2670),(617,2671),(617,2672),(617,2673),(618,2674),(618,2675),(618,2676),(618,2677),(619,2678),(619,2679),(619,2680),(619,2681),(620,2682),(620,2683),(620,2684),(620,2685),(621,2686),(621,2687),(621,2688),(621,2689),(622,2690),(622,2691),(622,2692),(622,2693),(623,2694),(623,2695),(623,2696),(623,2697),(624,2698),(624,2699),(624,2700),(624,2701),(625,2702),(625,2703),(625,2704),(625,2705),(626,2706),(626,2707),(626,2708),(626,2709),(627,2710),(627,2711),(627,2712),(627,2713),(628,2714),(628,2715),(628,2716),(628,2717),(629,2718),(629,2719),(629,2720),(629,2721),(630,2722),(630,2723),(630,2724),(630,2725),(631,2726),(631,2727),(631,2728),(631,2729),(632,2730),(632,2731),(632,2732),(632,2733),(633,2734),(633,2735),(633,2736),(633,2737),(634,2738),(634,2739),(634,2740),(634,2741),(635,2742),(635,2743),(635,2744),(635,2745),(636,2746),(636,2747),(636,2748),(636,2749),(637,2750),(637,2751),(637,2752),(637,2753),(638,2754),(638,2755),(638,2756),(638,2757),(642,2767),(643,2768),(643,2769),(643,2770),(643,2771),(644,2772),(644,2773),(644,2774),(644,2775),(645,2776),(645,2777),(645,2778),(645,2779),(646,2780),(646,2781),(646,2782),(646,2783);
/*!40000 ALTER TABLE `graph_template_input_defs` ENABLE KEYS */;
UNLOCK TABLES;

--
-- Table structure for table `graph_templates`
--

DROP TABLE IF EXISTS `graph_templates`;
/*!40101 SET @saved_cs_client     = @@character_set_client */;
/*!50503 SET character_set_client = utf8mb4 */;
CREATE TABLE `graph_templates` (
  `id` mediumint unsigned NOT NULL AUTO_INCREMENT,
  `hash` char(32) CHARACTER SET utf8mb4 COLLATE utf8mb4_unicode_ci NOT NULL DEFAULT '',
  `name` char(255) CHARACTER SET utf8mb4 COLLATE utf8mb4_unicode_ci NOT NULL DEFAULT '',
  `multiple` char(2) CHARACTER SET utf8mb4 COLLATE utf8mb4_unicode_ci NOT NULL DEFAULT '',
  `test_source` char(2) CHARACTER SET utf8mb4 COLLATE utf8mb4_unicode_ci NOT NULL DEFAULT '',
  PRIMARY KEY (`id`),
  KEY `multiple_name` (`multiple`,`name`),
  KEY `name` (`name`)
) ENGINE=InnoDB AUTO_INCREMENT=120 DEFAULT CHARSET=utf8mb4 COLLATE=utf8mb4_unicode_ci ROW_FORMAT=DYNAMIC COMMENT='Contains each graph template name.';
/*!40101 SET character_set_client = @saved_cs_client */;

--
-- Dumping data for table `graph_templates`
--

LOCK TABLES `graph_templates` WRITE;
/*!40000 ALTER TABLE `graph_templates` DISABLE KEYS */;
INSERT INTO `graph_templates` VALUES (1,'52dbe4ce341451d586a298bbe9a8a759','__root__','',''),(2,'366736940de92d7a9e24a56070adc676','Solaris - Network Recieve Traffic - net_dev - 1 cols','',''),(3,'b0c647149484576a90ef4b32163be531','Solaris - Network Recieve Traffic - net_dev - 2 cols','',''),(4,'72bdcc59b3fd02694fe0a1bd7ad1e71e','Solaris - Network Recieve Traffic - net_dev - 3 cols','',''),(5,'29f768b0ace534e518ed38adcc1d0065','Solaris - Network Recieve Traffic - net_dev - 4 cols','',''),(6,'68840b04c07a4ab37d0da4ae4843126c','Solaris - Network Recieve Traffic - net_dev - 5 cols','',''),(7,'845c592715375da6fd21319b4c165c0d','Solaris - Network Transfer Traffic - net_dev - 1 cols','',''),(8,'fb43f830e7f36cbb80bb334d9f351fb6','Solaris - Network Transfer Traffic - net_dev - 2 cols','',''),(9,'96ea655b1b92aeb5af1b492844606ce3','Solaris - Network Transfer Traffic - net_dev - 3 cols','',''),(10,'80b44faf22bbab2ec3761b01030d340b','Solaris - Network Transfer Traffic - net_dev - 4 cols','',''),(11,'490121eac43afbf3d959d04fc2767ee4','Solaris - Network Transfer Traffic - net_dev - 5 cols','',''),(12,'b914cb449cdc740c8376d34b87f3c169','Solaris - Network Traffic - net_dev','',''),(13,'8f882ca7483c3a54774994ca7ec36a9f','Solaris - Network Packet - net_dev','',''),(14,'d2cb0d9bb2030fcd7ce1ceac5d61bc14','Solaris - Network Error - net_dev','',''),(15,'c3ac9d301e722e75f69f79220cb6f249','Linux - Disk Util% - 1 cols','',''),(16,'4e6ed85f3e1f3ec4df9292997c0913cf','Linux - Disk Util% - 2 cols','',''),(17,'82d5af32f042db742a909464bb38b2dd','Linux - Disk Util% - 3 cols','',''),(18,'5b35e3b5f3d3b56925ed09fbd8ff1944','Linux - Disk Util% - 4 cols','',''),(19,'fa027959e132a90dcee5a207212b07fa','Linux - Disk Util% - 5 cols','',''),(20,'be7ca8522af95c0f07e98bdd8db5ffef','Linux - Disk Util% - 6 cols','',''),(21,'1afecca0c71838471a953ec57508325a','Linux - Disk Util% - 7 cols','',''),(22,'7e14072d31f9501ceb33b0f054d21f87','Linux - Disk Util% - 8 cols','',''),(23,'0427ba5bd2c764ac2bc10bbf490b9732','Linux - Disk Util% - 9 cols','',''),(24,'970e27197785391b45436c06ece40332','Linux - Disk Util% - 10 cols','',''),(25,'e27be2fc46786246eacef833fd2bad43','Linux - Disk Util% - 11 cols','',''),(26,'263c202be09fb4063ca3cd9057c1f230','Linux - Disk Util% - 12 cols','',''),(27,'15f14566a6a90c3d3da7b7db3ccc8d4a','Linux - Disk Util% - 13 cols','',''),(28,'42307ebab142b38ee360d61cc0d67451','Linux - Disk Util% - 14 cols','',''),(29,'d40442ec06a13eade132df141e122460','Linux - Disk Util% - 15 cols','',''),(30,'de23db3bbb827c351949717a88527f59','Linux - Disk Busy% - 1 cols','',''),(31,'05f3f2ac887289e94e188768b6fcf49d','Linux - Disk Busy% - 2 cols','',''),(32,'f6a7b9105fc9e622863e375c31eb89d5','Linux - Disk Busy% - 3 cols','',''),(33,'890c3e42a8de70eb0ca8700a5cd7e29f','Linux - Disk Busy% - 4 cols','',''),(34,'1952fbaa25fc301f8da8b22edf6ba56e','Linux - Disk Busy% - 5 cols','',''),(35,'17f8151eea9365dfad1ec29f8c5423d7','Linux - Disk Busy% - 6 cols','',''),(36,'5c364f23e4c6c4b00466f5a0891d8e22','Linux - Disk Busy% - 7 cols','',''),(37,'e81ef0270db42ca20d9c34c0156516c5','Linux - Disk Busy% - 8 cols','',''),(38,'0395528127e1dd02acb5d1accf800e2b','Linux - Disk Busy% - 9 cols','',''),(39,'b8dd6e3d50d42dad0b0959a514b44e35','Linux - Disk Busy% - 10 cols','',''),(40,'ee96dd8f21c907d2f54e1c53749d8d9e','Linux - Disk Busy% - 11 cols','',''),(41,'4dcd9d227a7b3a37bbe2dba0aafcce13','Linux - Disk Busy% - 12 cols','',''),(42,'565534bc8b21d946ee54c9efc75ff486','Linux - Disk Busy% - 13 cols','',''),(43,'da7de83ee4b95294923385c27711db66','Linux - Disk Busy% - 14 cols','',''),(44,'038f99688144ca50573dc1f920525fd8','Linux - Disk Busy% - 15 cols','',''),(45,'84d201469a27404e05e2f406f1f631c6','Linux - Disk IO/sec','',''),(46,'fee509543b9a3ff5c4edd90ae5431950','Linux - Disk MBs','',''),(47,'705151e947bf4014ed96c9d6c3b378d3','Linux - Disk Response','',''),(48,'1209ad4a9dac05f063694b684afc7563','Linux - CPU Load Average','',''),(49,'2f32a361dea1cbb765f755c7461eb3b8','Linux - Memory Usage - Linux','',''),(50,'1b9f953684d841ea80d663341ed2442a','Linux - Memory Available - Linux','',''),(51,'c80ccd80131382a292aa66582ab889df','Linux - Memory Detail - Linux','',''),(52,'3cd4c5cffd6144e620af0f1fbf0f8f01','Linux - Network Recieve Traffic - net_dev - 1 cols','',''),(53,'19b283abd022855a0cd4a0c50ecfdf69','Linux - Network Recieve Traffic - net_dev - 2 cols','',''),(54,'ad9f75d7244d9fd460374454e3660278','Linux - Network Recieve Traffic - net_dev - 3 cols','',''),(55,'4c26820f4bd84d7e39353b68f2893fff','Linux - Network Recieve Traffic - net_dev - 4 cols','',''),(56,'759335fdcbe9b7590f31c54620d0a00a','Linux - Network Recieve Traffic - net_dev - 5 cols','',''),(57,'b5d18f1c2df62fa63ee526aa08f73696','Linux - Network Transfer Traffic - net_dev - 1 cols','',''),(58,'da6814c87c941de6ff3964a8b230d041','Linux - Network Transfer Traffic - net_dev - 2 cols','',''),(59,'2346060681f34107f03eb58e950bf178','Linux - Network Transfer Traffic - net_dev - 3 cols','',''),(60,'ce2da24ff8b2fe1523efc3b68692db68','Linux - Network Transfer Traffic - net_dev - 4 cols','',''),(61,'52b66eaba2ff07941951c40f24dbdb4e','Linux - Network Transfer Traffic - net_dev - 5 cols','',''),(62,'866989054971889442a32b0e10284ff0','Linux - Network Traffic - net_dev','',''),(63,'e6cd71521ac55f7354b3f0b0ef41f0f9','Linux - Network Packet - net_dev','',''),(64,'90ea049df0ceb4333e7abfad595bbce5','Linux - Network Error - net_dev','',''),(65,'4c14d57a0f2f146daad521ead3f22fdd','Linux - Network Drop - net_dev','',''),(66,'17ea9dd5c93b94c3c4aac0b36a0ea1f9','Linux - CPU Util% - vm','',''),(67,'864fba5a4b2f1f8093ee34d8c9877255','Linux - CPU RunQue - vm','',''),(68,'2bd97b75a35cdc5c136c8a43f57a2c4d','Linux - Memory - free','',''),(69,'184b7a63b2b874f76bfa3d7bbaf9c868','Linux - Memory - swap rate','',''),(70,'178f8a75c0fec3b7207e35084ec7ee8e','WIN - Disk Util% - 1 cols','',''),(71,'092b453eec5c0ec7a840c3d7fd9fc874','WIN - Disk Util% - 2 cols','',''),(72,'a7ff548d1e96c82fb02b1ba97c79eb1a','WIN - Disk Util% - 3 cols','',''),(73,'742cd53c754ec0b44089f33ea77821d8','WIN - Disk Util% - 4 cols','',''),(74,'e5ac58609810761ca90ee5ca34f9345b','WIN - Disk Util% - 5 cols','',''),(75,'fb2083ec5b2f2e3978132493faec0134','WIN - Disk Util% - 6 cols','',''),(76,'e9bd80faccb73500166856c3dd68ce0c','WIN - Disk Util% - 7 cols','',''),(77,'568e0bee3e965dcc3cf50c6f507ab6c6','WIN - Disk Util% - 8 cols','',''),(78,'ed2e008f7a2d1cbd403dd15aa611e5c2','WIN - Disk Util% - 9 cols','',''),(79,'f4f0fe0a4a29efb0aa0ef66349b045b2','WIN - Disk Util% - 10 cols','',''),(80,'fdc9d5c2a6103e67aafbd692955be74a','WIN - Disk Util% - 11 cols','',''),(81,'13c2fe391442f7182cbf2b5e1076fd39','WIN - Disk Util% - 12 cols','',''),(82,'20ddaad9dca386d0090ca42dab534dc9','WIN - Disk Util% - 13 cols','',''),(83,'5397476dca012c840b73bed8178c8292','WIN - Disk Util% - 14 cols','',''),(84,'463408b463dea0ad8c9031dd9abcbcd9','WIN - Disk Util% - 15 cols','',''),(85,'e9b95f855d7e6db9e97313429d1b532c','WIN - Memory Usage - bordered','',''),(86,'c9ae345dce5b822525acfb941f7ded7d','WIN - Memory Available','',''),(87,'8b7fcc959363b1d5484284966a9a16d9','WIN - Network Recieve Traffic - 1 cols','',''),(88,'4a30554a314bc1c95b920fcfbe47ce58','WIN - Network Recieve Traffic - 2 cols','',''),(89,'027eca943d5ef037fc7f0171076f773d','WIN - Network Recieve Traffic - 3 cols','',''),(90,'e429e0971084db072bbbbc0a8056af41','WIN - Network Recieve Traffic - 4 cols','',''),(91,'779c1f604be2a09bb19671bfb422b5c5','WIN - Network Recieve Traffic - 5 cols','',''),(92,'2ecc80b15d6fa6dbbb94eb73a1510d31','WIN - Network Transfer Traffic - 1 cols','',''),(93,'bd8b9367c81ba93e9c8a434b8d2f19d8','WIN - Network Transfer Traffic - 2 cols','',''),(94,'713e9fb8653265afbc6a38d0707299ac','WIN - Network Transfer Traffic - 3 cols','',''),(95,'3e5080f578e770e05ba610828cb4960d','WIN - Network Transfer Traffic - 4 cols','',''),(96,'2f58aeba35da420512f8288d34b11cbc','WIN - Network Transfer Traffic - 5 cols','',''),(97,'638a001955bd35d4cfb3cbb6d4b9c14e','WIN - Network Bytes','',''),(98,'e3d638ca852b2a102fc2cabf732cf595','WIN - Network Packets','',''),(99,'c8acf8ce267941de3f6ae9fb900ac188','WIN - Network Errors','',''),(100,'4c4ebb6a0efac476439ef77851732e33','WIN - Disk - busy% - 1 cols','',''),(101,'75480a8fccf2e4504a2a262209b1a369','WIN - Disk - busy% - 2 cols','',''),(102,'db6246203b312425950af342374e33f7','WIN - Disk - busy% - 3 cols','',''),(103,'3bdb7f0ff2614ee30d0b93431434b449','WIN - Disk - busy% - 4 cols','',''),(104,'f08477f57f04faca4e3629cc89f0261b','WIN - Disk - busy% - 5 cols','',''),(105,'69f786fd05a5f1237c5626831682476c','WIN - Disk - busy% - 6 cols','',''),(106,'efd4bc25ecae80b14a758487b6620b49','WIN - Disk - busy% - 7 cols','',''),(107,'ab3ddd60a9f9c4f6c9b82ceccfa3814c','WIN - Disk - busy% - 8 cols','',''),(108,'cc90659bd7c5e35097ee9087156b54f4','WIN - Disk - busy% - 9 cols','',''),(109,'f76166d2240c42b4921e38ea7bba225c','WIN - Disk - busy% - 10 cols','',''),(110,'acb4d3bb15b893210b45d6b551153e64','WIN - Disk - busy% - 11 cols','',''),(111,'463f8ef9dc6cc523aa66f9fa72a5ebc7','WIN - Disk - busy% - 12 cols','',''),(112,'683fb9a4e9ba2602a230ca3908f4660b','WIN - Disk - busy% - 13 cols','',''),(113,'243ad73ac24dc5c5359cec66e3773ee8','WIN - Disk - busy% - 14 cols','',''),(114,'e1746541e2c9393ac7cabe15de4f3a59','WIN - Disk - busy% - 15 cols','',''),(115,'7f47b925d1616065e3d60b318df3ecd6','WIN - Disk - cmd/s','',''),(116,'b7e796b09a30f35e3ec29070a39e6e5a','WIN - Disk - byte/s','',''),(117,'32dd52b56c26924930a63bf9f4ee9442','WIN - Disk - Response','',''),(119,'4b38e36262dbd314d4b5192639630ae7','WIN - CPU% (Total)','','');
/*!40000 ALTER TABLE `graph_templates` ENABLE KEYS */;
UNLOCK TABLES;

--
-- Table structure for table `graph_templates_gprint`
--

DROP TABLE IF EXISTS `graph_templates_gprint`;
/*!40101 SET @saved_cs_client     = @@character_set_client */;
/*!50503 SET character_set_client = utf8mb4 */;
CREATE TABLE `graph_templates_gprint` (
  `id` mediumint unsigned NOT NULL AUTO_INCREMENT,
  `hash` varchar(32) CHARACTER SET utf8mb4 COLLATE utf8mb4_unicode_ci NOT NULL DEFAULT '',
  `name` varchar(100) CHARACTER SET utf8mb4 COLLATE utf8mb4_unicode_ci NOT NULL DEFAULT '',
  `gprint_text` varchar(255) CHARACTER SET utf8mb4 COLLATE utf8mb4_unicode_ci DEFAULT NULL,
  PRIMARY KEY (`id`),
  KEY `name` (`name`)
) ENGINE=InnoDB AUTO_INCREMENT=5 DEFAULT CHARSET=utf8mb4 COLLATE=utf8mb4_unicode_ci ROW_FORMAT=DYNAMIC;
/*!40101 SET character_set_client = @saved_cs_client */;

--
-- Dumping data for table `graph_templates_gprint`
--

LOCK TABLES `graph_templates_gprint` WRITE;
/*!40000 ALTER TABLE `graph_templates_gprint` DISABLE KEYS */;
INSERT INTO `graph_templates_gprint` VALUES (2,'e9c43831e54eca8069317a2ce8c6f751','Normal','%8.2lf %s'),(3,'19414480d6897c8731c7dc6c5310653e','Exact Numbers','%8.0lf'),(4,'304a778405392f878a6db435afffc1e9','Load Average','%8.2lf');
/*!40000 ALTER TABLE `graph_templates_gprint` ENABLE KEYS */;
UNLOCK TABLES;

--
-- Table structure for table `graph_templates_graph`
--

DROP TABLE IF EXISTS `graph_templates_graph`;
/*!40101 SET @saved_cs_client     = @@character_set_client */;
/*!50503 SET character_set_client = utf8mb4 */;
CREATE TABLE `graph_templates_graph` (
  `id` int unsigned NOT NULL AUTO_INCREMENT,
  `local_graph_template_graph_id` int unsigned NOT NULL DEFAULT '0',
  `local_graph_id` int unsigned NOT NULL DEFAULT '0',
  `graph_template_id` mediumint unsigned NOT NULL DEFAULT '0',
  `t_image_format_id` char(2) CHARACTER SET utf8mb4 COLLATE utf8mb4_unicode_ci DEFAULT '',
  `image_format_id` tinyint unsigned NOT NULL DEFAULT '0',
  `t_title` char(2) CHARACTER SET utf8mb4 COLLATE utf8mb4_unicode_ci DEFAULT '',
  `title` varchar(255) CHARACTER SET utf8mb4 COLLATE utf8mb4_unicode_ci NOT NULL DEFAULT '',
  `title_cache` varchar(255) CHARACTER SET utf8mb4 COLLATE utf8mb4_unicode_ci NOT NULL DEFAULT '',
  `t_height` char(2) CHARACTER SET utf8mb4 COLLATE utf8mb4_unicode_ci DEFAULT '',
  `height` mediumint NOT NULL DEFAULT '0',
  `t_width` char(2) CHARACTER SET utf8mb4 COLLATE utf8mb4_unicode_ci DEFAULT '',
  `width` mediumint NOT NULL DEFAULT '0',
  `t_upper_limit` char(2) CHARACTER SET utf8mb4 COLLATE utf8mb4_unicode_ci DEFAULT '',
  `upper_limit` varchar(20) CHARACTER SET utf8mb4 COLLATE utf8mb4_unicode_ci NOT NULL DEFAULT '0',
  `t_lower_limit` char(2) CHARACTER SET utf8mb4 COLLATE utf8mb4_unicode_ci DEFAULT '',
  `lower_limit` varchar(20) CHARACTER SET utf8mb4 COLLATE utf8mb4_unicode_ci NOT NULL DEFAULT '0',
  `t_vertical_label` char(2) CHARACTER SET utf8mb4 COLLATE utf8mb4_unicode_ci DEFAULT '',
  `vertical_label` varchar(200) CHARACTER SET utf8mb4 COLLATE utf8mb4_unicode_ci DEFAULT NULL,
  `t_slope_mode` char(2) CHARACTER SET utf8mb4 COLLATE utf8mb4_unicode_ci DEFAULT '',
  `slope_mode` char(2) CHARACTER SET utf8mb4 COLLATE utf8mb4_unicode_ci DEFAULT 'on',
  `t_auto_scale` char(2) CHARACTER SET utf8mb4 COLLATE utf8mb4_unicode_ci DEFAULT '',
  `auto_scale` char(2) CHARACTER SET utf8mb4 COLLATE utf8mb4_unicode_ci DEFAULT NULL,
  `t_auto_scale_opts` char(2) CHARACTER SET utf8mb4 COLLATE utf8mb4_unicode_ci DEFAULT '',
  `auto_scale_opts` tinyint unsigned NOT NULL DEFAULT '0',
  `t_auto_scale_log` char(2) CHARACTER SET utf8mb4 COLLATE utf8mb4_unicode_ci DEFAULT '',
  `auto_scale_log` char(2) CHARACTER SET utf8mb4 COLLATE utf8mb4_unicode_ci DEFAULT NULL,
  `t_scale_log_units` char(2) CHARACTER SET utf8mb4 COLLATE utf8mb4_unicode_ci DEFAULT '',
  `scale_log_units` char(2) CHARACTER SET utf8mb4 COLLATE utf8mb4_unicode_ci DEFAULT NULL,
  `t_auto_scale_rigid` char(2) CHARACTER SET utf8mb4 COLLATE utf8mb4_unicode_ci DEFAULT '',
  `auto_scale_rigid` char(2) CHARACTER SET utf8mb4 COLLATE utf8mb4_unicode_ci DEFAULT NULL,
  `t_auto_padding` char(2) CHARACTER SET utf8mb4 COLLATE utf8mb4_unicode_ci DEFAULT '',
  `auto_padding` char(2) CHARACTER SET utf8mb4 COLLATE utf8mb4_unicode_ci DEFAULT NULL,
  `t_base_value` char(2) CHARACTER SET utf8mb4 COLLATE utf8mb4_unicode_ci DEFAULT '',
  `base_value` mediumint NOT NULL DEFAULT '0',
  `t_grouping` char(2) CHARACTER SET utf8mb4 COLLATE utf8mb4_unicode_ci DEFAULT '',
  `grouping` char(2) CHARACTER SET utf8mb4 COLLATE utf8mb4_unicode_ci NOT NULL DEFAULT '',
  `t_unit_value` char(2) CHARACTER SET utf8mb4 COLLATE utf8mb4_unicode_ci DEFAULT '',
  `unit_value` varchar(20) CHARACTER SET utf8mb4 COLLATE utf8mb4_unicode_ci DEFAULT NULL,
  `t_unit_exponent_value` char(2) CHARACTER SET utf8mb4 COLLATE utf8mb4_unicode_ci DEFAULT '',
  `unit_exponent_value` varchar(5) CHARACTER SET utf8mb4 COLLATE utf8mb4_unicode_ci NOT NULL DEFAULT '',
  `t_alt_y_grid` char(2) CHARACTER SET utf8mb4 COLLATE utf8mb4_unicode_ci DEFAULT '',
  `alt_y_grid` char(2) CHARACTER SET utf8mb4 COLLATE utf8mb4_unicode_ci DEFAULT NULL,
  `t_right_axis` char(2) CHARACTER SET utf8mb4 COLLATE utf8mb4_unicode_ci DEFAULT '',
  `right_axis` varchar(20) CHARACTER SET utf8mb4 COLLATE utf8mb4_unicode_ci DEFAULT NULL,
  `t_right_axis_label` char(2) CHARACTER SET utf8mb4 COLLATE utf8mb4_unicode_ci DEFAULT '',
  `right_axis_label` varchar(200) CHARACTER SET utf8mb4 COLLATE utf8mb4_unicode_ci DEFAULT NULL,
  `t_right_axis_format` char(2) CHARACTER SET utf8mb4 COLLATE utf8mb4_unicode_ci DEFAULT '',
  `right_axis_format` mediumint DEFAULT NULL,
  `t_right_axis_formatter` char(2) CHARACTER SET utf8mb4 COLLATE utf8mb4_unicode_ci DEFAULT '',
  `right_axis_formatter` varchar(10) CHARACTER SET utf8mb4 COLLATE utf8mb4_unicode_ci DEFAULT NULL,
  `t_left_axis_formatter` char(2) CHARACTER SET utf8mb4 COLLATE utf8mb4_unicode_ci DEFAULT '',
  `left_axis_formatter` varchar(10) CHARACTER SET utf8mb4 COLLATE utf8mb4_unicode_ci DEFAULT NULL,
  `t_no_gridfit` char(2) CHARACTER SET utf8mb4 COLLATE utf8mb4_unicode_ci DEFAULT '',
  `no_gridfit` char(2) CHARACTER SET utf8mb4 COLLATE utf8mb4_unicode_ci DEFAULT NULL,
  `t_unit_length` char(2) CHARACTER SET utf8mb4 COLLATE utf8mb4_unicode_ci DEFAULT '',
  `unit_length` varchar(10) CHARACTER SET utf8mb4 COLLATE utf8mb4_unicode_ci DEFAULT NULL,
  `t_tab_width` char(2) CHARACTER SET utf8mb4 COLLATE utf8mb4_unicode_ci DEFAULT '',
  `tab_width` varchar(20) CHARACTER SET utf8mb4 COLLATE utf8mb4_unicode_ci DEFAULT '30',
  `t_dynamic_labels` char(2) CHARACTER SET utf8mb4 COLLATE utf8mb4_unicode_ci DEFAULT '',
  `dynamic_labels` char(2) CHARACTER SET utf8mb4 COLLATE utf8mb4_unicode_ci DEFAULT NULL,
  `t_force_rules_legend` char(2) CHARACTER SET utf8mb4 COLLATE utf8mb4_unicode_ci DEFAULT '',
  `force_rules_legend` char(2) CHARACTER SET utf8mb4 COLLATE utf8mb4_unicode_ci DEFAULT NULL,
  `t_legend_position` char(2) CHARACTER SET utf8mb4 COLLATE utf8mb4_unicode_ci DEFAULT '',
  `legend_position` varchar(10) CHARACTER SET utf8mb4 COLLATE utf8mb4_unicode_ci DEFAULT NULL,
  `t_legend_direction` char(2) CHARACTER SET utf8mb4 COLLATE utf8mb4_unicode_ci DEFAULT '',
  `legend_direction` varchar(10) CHARACTER SET utf8mb4 COLLATE utf8mb4_unicode_ci DEFAULT NULL,
  PRIMARY KEY (`id`),
  KEY `local_graph_id` (`local_graph_id`),
  KEY `graph_template_id` (`graph_template_id`),
  KEY `title_cache` (`title_cache`)
) ENGINE=InnoDB AUTO_INCREMENT=141 DEFAULT CHARSET=utf8mb4 COLLATE=utf8mb4_unicode_ci ROW_FORMAT=DYNAMIC COMMENT='Stores the actual graph data.';
/*!40101 SET character_set_client = @saved_cs_client */;

--
-- Dumping data for table `graph_templates_graph`
--

LOCK TABLES `graph_templates_graph` WRITE;
/*!40000 ALTER TABLE `graph_templates_graph` DISABLE KEYS */;
INSERT INTO `graph_templates_graph` VALUES (1,0,0,1,'',1,'on','__root__','','',120,'',700,'','100','','0','','','','on','','on','',2,'','','','','','','','on','',1000,'','','','','','','','','','','','','',0,'','0','','0','','','','','','','','','','','','0','','0'),(2,0,0,2,'',1,'on','__root__','','',120,'',700,'','100','','0','','Byte/sec','','on','','on','',2,'','','','','','','','on','',1000,'','','','','','','','','','','','','',0,'','0','','0','','','','','','','','','','','','0','','0'),(3,0,0,3,'',1,'on','__root__','','',120,'',700,'','100','','0','','Byte/sec','','on','','on','',2,'','','','','','','','on','',1000,'','','','','','','','','','','','','',0,'','0','','0','','','','','','','','','','','','0','','0'),(4,0,0,4,'',1,'on','__root__','','',120,'',700,'','100','','0','','Byte/sec','','on','','on','',2,'','','','','','','','on','',1000,'','','','','','','','','','','','','',0,'','0','','0','','','','','','','','','','','','0','','0'),(5,0,0,5,'',1,'on','__root__','','',120,'',700,'','100','','0','','Byte/sec','','on','','on','',2,'','','','','','','','on','',1000,'','','','','','','','','','','','','',0,'','0','','0','','','','','','','','','','','','0','','0'),(6,0,0,6,'',1,'on','__root__','','',120,'',700,'','100','','0','','Byte/sec','','on','','on','',2,'','','','','','','','on','',1000,'','','','','','','','','','','','','',0,'','0','','0','','','','','','','','','','','','0','','0'),(7,0,0,7,'',1,'on','__root__','','',120,'',700,'','100','','0','','Byte/sec','','on','','on','',2,'','','','','','','','on','',1000,'','','','','','','','','','','','','',0,'','0','','0','','','','','','','','','','','','0','','0'),(8,0,0,8,'',1,'on','__root__','','',120,'',700,'','100','','0','','Byte/sec','','on','','on','',2,'','','','','','','','on','',1000,'','','','','','','','','','','','','',0,'','0','','0','','','','','','','','','','','','0','','0'),(9,0,0,9,'',1,'on','__root__','','',120,'',700,'','100','','0','','Byte/sec','','on','','on','',2,'','','','','','','','on','',1000,'','','','','','','','','','','','','',0,'','0','','0','','','','','','','','','','','','0','','0'),(10,0,0,10,'',1,'on','__root__','','',120,'',700,'','100','','0','','Byte/sec','','on','','on','',2,'','','','','','','','on','',1000,'','','','','','','','','','','','','',0,'','0','','0','','','','','','','','','','','','0','','0'),(11,0,0,11,'',1,'on','__root__','','',120,'',700,'','100','','0','','Byte/sec','','on','','on','',2,'','','','','','','','on','',1000,'','','','','','','','','','','','','',0,'','0','','0','','','','','','','','','','','','0','','0'),(12,0,0,12,'',1,'on','__root__','','',120,'',700,'','100','','0','','Byte/sec','','on','','on','',2,'','','','','','','','on','',1000,'','','','','','','','','','','','','',0,'','0','','0','','','','','','','','','','','','0','','0'),(13,0,0,13,'',1,'on','__root__','','',120,'',700,'','100','','0','','Packet/sec','','on','','on','',2,'','','','','','','','on','',1000,'','','','','','1','','','','','','','',0,'','0','','0','','','','','','','','','','','','0','','0'),(14,0,0,14,'',1,'on','__root__','','',120,'',700,'','100','','0','','Errors/sec','','on','','on','',2,'','','','','','','','on','',1000,'','','','','','1','','','','','','','',0,'','0','','0','','','','','','','','','','','','0','','0'),(36,0,0,15,'',1,'on','__root__','','',120,'',700,'','100','','0','','Disk util %','','on','','on','',2,'','','','','','','','on','',1000,'','','','','','1','','','','','','','',0,'','0','','0','','','','','','','','','','','','0','','0'),(37,0,0,16,'',1,'on','__root__','','',120,'',700,'','100','','0','','Disk util %','','on','','on','',2,'','','','','','','','on','',1000,'','','','','','1','','','','','','','',0,'','0','','0','','','','','','','','','','','','0','','0'),(38,0,0,17,'',1,'on','__root__','','',120,'',700,'','100','','0','','Disk util %','','on','','on','',2,'','','','','','','','on','',1000,'','','','','','1','','','','','','','',0,'','0','','0','','','','','','','','','','','','0','','0'),(39,0,0,18,'',1,'on','__root__','','',120,'',700,'','100','','0','','Disk util %','','on','','on','',2,'','','','','','','','on','',1000,'','','','','','1','','','','','','','',0,'','0','','0','','','','','','','','','','','','0','','0'),(40,0,0,19,'',1,'on','__root__','','',120,'',700,'','100','','0','','Disk util %','','on','','on','',2,'','','','','','','','on','',1000,'','','','','','1','','','','','','','',0,'','0','','0','','','','','','','','','','','','0','','0'),(41,0,0,20,'',1,'on','__root__','','',120,'',700,'','100','','0','','Disk util %','','on','','on','',2,'','','','','','','','on','',1000,'','','','','','1','','','','','','','',0,'','0','','0','','','','','','','','','','','','0','','0'),(42,0,0,21,'',1,'on','__root__','','',120,'',700,'','100','','0','','Disk util %','','on','','on','',2,'','','','','','','','on','',1000,'','','','','','1','','','','','','','',0,'','0','','0','','','','','','','','','','','','0','','0'),(43,0,0,22,'',1,'on','__root__','','',120,'',700,'','100','','0','','Disk util %','','on','','on','',2,'','','','','','','','on','',1000,'','','','','','1','','','','','','','',0,'','0','','0','','','','','','','','','','','','0','','0'),(44,0,0,23,'',1,'on','__root__','','',120,'',700,'','100','','0','','Disk util %','','on','','on','',2,'','','','','','','','on','',1000,'','','','','','1','','','','','','','',0,'','0','','0','','','','','','','','','','','','0','','0'),(45,0,0,24,'',1,'on','__root__','','',120,'',700,'','100','','0','','Disk util %','','on','','on','',2,'','','','','','','','on','',1000,'','','','','','1','','','','','','','',0,'','0','','0','','','','','','','','','','','','0','','0'),(46,0,0,25,'',1,'on','__root__','','',120,'',700,'','100','','0','','Disk util %','','on','','on','',2,'','','','','','','','on','',1000,'','','','','','1','','','','','','','',0,'','0','','0','','','','','','','','','','','','0','','0'),(47,0,0,26,'',1,'on','__root__','','',120,'',700,'','100','','0','','Disk util %','','on','','on','',2,'','','','','','','','on','',1000,'','','','','','1','','','','','','','',0,'','0','','0','','','','','','','','','','','','0','','0'),(48,0,0,27,'',1,'on','__root__','','',120,'',700,'','100','','0','','Disk util %','','on','','on','',2,'','','','','','','','on','',1000,'','','','','','1','','','','','','','',0,'','0','','0','','','','','','','','','','','','0','','0'),(49,0,0,28,'',1,'on','__root__','','',120,'',700,'','100','','0','','Disk util %','','on','','on','',2,'','','','','','','','on','',1000,'','','','','','1','','','','','','','',0,'','0','','0','','','','','','','','','','','','0','','0'),(50,0,0,29,'',1,'on','__root__','','',120,'',700,'','100','','0','','Disk util %','','on','','on','',2,'','','','','','','','on','',1000,'','','','','','1','','','','','','','',0,'','0','','0','','','','','','','','','','','','0','','0'),(51,0,0,30,'',1,'on','__root__','','',120,'',700,'','100','','0','','Disk busy %','','on','','on','',2,'','','','','','','','on','',1000,'','','','','','1','','','','','','','',0,'','0','','0','','','','','','','','','','','','0','','0'),(52,0,0,31,'',1,'on','__root__','','',120,'',700,'','100','','0','','Disk busy %','','on','','on','',2,'','','','','','','','on','',1000,'','','','','','1','','','','','','','',0,'','0','','0','','','','','','','','','','','','0','','0'),(53,0,0,32,'',1,'on','__root__','','',120,'',700,'','100','','0','','Disk busy %','','on','','on','',2,'','','','','','','','on','',1000,'','','','','','1','','','','','','','',0,'','0','','0','','','','','','','','','','','','0','','0'),(54,0,0,33,'',1,'on','__root__','','',120,'',700,'','100','','0','','Disk busy %','','on','','on','',2,'','','','','','','','on','',1000,'','','','','','1','','','','','','','',0,'','0','','0','','','','','','','','','','','','0','','0'),(55,0,0,34,'',1,'on','__root__','','',120,'',700,'','100','','0','','Disk busy %','','on','','on','',2,'','','','','','','','on','',1000,'','','','','','1','','','','','','','',0,'','0','','0','','','','','','','','','','','','0','','0'),(56,0,0,35,'',1,'on','__root__','','',120,'',700,'','100','','0','','Disk busy %','','on','','on','',2,'','','','','','','','on','',1000,'','','','','','1','','','','','','','',0,'','0','','0','','','','','','','','','','','','0','','0'),(57,0,0,36,'',1,'on','__root__','','',120,'',700,'','100','','0','','Disk busy %','','on','','on','',2,'','','','','','','','on','',1000,'','','','','','1','','','','','','','',0,'','0','','0','','','','','','','','','','','','0','','0'),(58,0,0,37,'',1,'on','__root__','','',120,'',700,'','100','','0','','Disk busy %','','on','','on','',2,'','','','','','','','on','',1000,'','','','','','1','','','','','','','',0,'','0','','0','','','','','','','','','','','','0','','0'),(59,0,0,38,'',1,'on','__root__','','',120,'',700,'','100','','0','','Disk busy %','','on','','on','',2,'','','','','','','','on','',1000,'','','','','','1','','','','','','','',0,'','0','','0','','','','','','','','','','','','0','','0'),(60,0,0,39,'',1,'on','__root__','','',120,'',700,'','100','','0','','Disk busy %','','on','','on','',2,'','','','','','','','on','',1000,'','','','','','1','','','','','','','',0,'','0','','0','','','','','','','','','','','','0','','0'),(61,0,0,40,'',1,'on','__root__','','',120,'',700,'','100','','0','','Disk busy %','','on','','on','',2,'','','','','','','','on','',1000,'','','','','','1','','','','','','','',0,'','0','','0','','','','','','','','','','','','0','','0'),(62,0,0,41,'',1,'on','__root__','','',120,'',700,'','100','','0','','Disk busy %','','on','','on','',2,'','','','','','','','on','',1000,'','','','','','1','','','','','','','',0,'','0','','0','','','','','','','','','','','','0','','0'),(63,0,0,42,'',1,'on','__root__','','',120,'',700,'','100','','0','','Disk busy %','','on','','on','',2,'','','','','','','','on','',1000,'','','','','','1','','','','','','','',0,'','0','','0','','','','','','','','','','','','0','','0'),(64,0,0,43,'',1,'on','__root__','','',120,'',700,'','100','','0','','Disk busy %','','on','','on','',2,'','','','','','','','on','',1000,'','','','','','1','','','','','','','',0,'','0','','0','','','','','','','','','','','','0','','0'),(65,0,0,44,'',1,'on','__root__','','',120,'',700,'','100','','0','','Disk busy %','','on','','on','',2,'','','','','','','','on','',1000,'','','','','','1','','','','','','','',0,'','0','','0','','','','','','','','','','','','0','','0'),(66,0,0,45,'',1,'on','__root__','','',120,'',700,'','1000','','0','','IO/sec','','on','','on','',2,'','','','','','','','on','',1000,'','','','','','1','','','','','','','',0,'','0','','0','','','','','','','','','','','','0','','0'),(67,0,0,46,'',1,'on','__root__','','',120,'',700,'','100','','0','','Byte/sec','','on','','on','',2,'','','','','','','','on','',1000,'','','','','','','','','','','','','',0,'','0','','0','','','','','','','','','','','','0','','0'),(68,0,0,47,'',1,'on','__root__','','',120,'',700,'','20','','0','','msec','','on','','on','',2,'','','','','','','','on','',1000,'','','','','','','','','','','','','',0,'','0','','0','','','','','','','','','','','','0','','0'),(69,0,0,48,'',1,'on','__root__','','',120,'',700,'','10','','0','','Count','','on','','on','',2,'','','','','','','','on','',1000,'','','','','','1','','','','','','','',0,'','0','','0','','','','','','','','','','','','0','','0'),(70,0,0,49,'',1,'on','__root__','','',120,'',700,'','100','','0','','Byte','','on','','on','',2,'','','','','','','','on','',1024,'','','','','','','','','','','','','',0,'','0','','0','','','','','','','','','','','','0','','0'),(71,0,0,50,'',1,'on','__root__','','',120,'',700,'','100','','0','','Byte','','on','','on','',2,'','','','','','','','on','',1024,'','','','','','','','','','','','','',0,'','0','','0','','','','','','','','','','','','0','','0'),(72,0,0,51,'',1,'on','__root__','','',120,'',700,'','100','','0','','Byte','','on','','on','',2,'','','','','','','','on','',1024,'','','','','','','','','','','','','',0,'','0','','0','','','','','','','','','','','','0','','0'),(73,0,0,52,'',1,'on','__root__','','',120,'',700,'','100','','0','','Byte/sec','','on','','on','',2,'','','','','','','','on','',1000,'','','','','','','','','','','','','',0,'','0','','0','','','','','','','','','','','','0','','0'),(74,0,0,53,'',1,'on','__root__','','',120,'',700,'','100','','0','','Byte/sec','','on','','on','',2,'','','','','','','','on','',1000,'','','','','','','','','','','','','',0,'','0','','0','','','','','','','','','','','','0','','0'),(75,0,0,54,'',1,'on','__root__','','',120,'',700,'','100','','0','','Byte/sec','','on','','on','',2,'','','','','','','','on','',1000,'','','','','','','','','','','','','',0,'','0','','0','','','','','','','','','','','','0','','0'),(76,0,0,55,'',1,'on','__root__','','',120,'',700,'','100','','0','','Byte/sec','','on','','on','',2,'','','','','','','','on','',1000,'','','','','','','','','','','','','',0,'','0','','0','','','','','','','','','','','','0','','0'),(77,0,0,56,'',1,'on','__root__','','',120,'',700,'','100','','0','','Byte/sec','','on','','on','',2,'','','','','','','','on','',1000,'','','','','','','','','','','','','',0,'','0','','0','','','','','','','','','','','','0','','0'),(78,0,0,57,'',1,'on','__root__','','',120,'',700,'','100','','0','','Byte/sec','','on','','on','',2,'','','','','','','','on','',1000,'','','','','','','','','','','','','',0,'','0','','0','','','','','','','','','','','','0','','0'),(79,0,0,58,'',1,'on','__root__','','',120,'',700,'','100','','0','','Byte/sec','','on','','on','',2,'','','','','','','','on','',1000,'','','','','','','','','','','','','',0,'','0','','0','','','','','','','','','','','','0','','0'),(80,0,0,59,'',1,'on','__root__','','',120,'',700,'','100','','0','','Byte/sec','','on','','on','',2,'','','','','','','','on','',1000,'','','','','','','','','','','','','',0,'','0','','0','','','','','','','','','','','','0','','0'),(81,0,0,60,'',1,'on','__root__','','',120,'',700,'','100','','0','','Byte/sec','','on','','on','',2,'','','','','','','','on','',1000,'','','','','','','','','','','','','',0,'','0','','0','','','','','','','','','','','','0','','0'),(82,0,0,61,'',1,'on','__root__','','',120,'',700,'','100','','0','','Byte/sec','','on','','on','',2,'','','','','','','','on','',1000,'','','','','','','','','','','','','',0,'','0','','0','','','','','','','','','','','','0','','0'),(83,0,0,62,'',1,'on','__root__','','',120,'',700,'','100','','0','','Byte/sec','','on','','on','',2,'','','','','','','','on','',1000,'','','','','','','','','','','','','',0,'','0','','0','','','','','','','','','','','','0','','0'),(84,0,0,63,'',1,'on','__root__','','',120,'',700,'','100','','0','','Packet/sec','','on','','on','',2,'','','','','','','','on','',1000,'','','','','','1','','','','','','','',0,'','0','','0','','','','','','','','','','','','0','','0'),(85,0,0,64,'',1,'on','__root__','','',120,'',700,'','100','','0','','Errors/sec','','on','','on','',2,'','','','','','','','on','',1000,'','','','','','1','','','','','','','',0,'','0','','0','','','','','','','','','','','','0','','0'),(86,0,0,65,'',1,'on','__root__','','',120,'',700,'','100','','0','','Errors/sec','','on','','on','',2,'','','','','','','','on','',1000,'','','','','','1','','','','','','','',0,'','0','','0','','','','','','','','','','','','0','','0'),(87,0,0,66,'',1,'on','__root__','','',120,'',700,'','100','','0','','CPU %','','on','','on','',2,'','','','','','','','on','',1000,'','','','','','1','','','','','','','',0,'','0','','0','','','','','','','','','','','','0','','0'),(88,0,0,67,'',1,'on','__root__','','',120,'',700,'','100','','0','','Processes','','on','','on','',2,'','','','','','','','on','',1000,'','','','','','1','','','','','','','',0,'','0','','0','','','','','','','','','','','','0','','0'),(89,0,0,68,'',1,'on','__root__','','',120,'',700,'','100','','0','','Byte','','on','','on','',2,'','','','','','','','on','',1000,'','','','','','','','','','','','','',0,'','0','','0','','','','','','','','','','','','0','','0'),(90,0,0,69,'',1,'on','__root__','','',120,'',700,'','100','','0','','Page/sec','','on','','on','',2,'','','','','','','','on','',1000,'','','','','','1','','','','','','','',0,'','0','','0','','','','','','','','','','','','0','','0'),(91,0,0,70,'',1,'on','__root__','','',120,'',700,'','100','','0','','Disk util %','','on','','on','',2,'','','','','','','','on','',1000,'','','','','','1','','','','','','','',0,'','0','','0','','','','','','','','','','','','0','','0'),(92,0,0,71,'',1,'on','__root__','','',120,'',700,'','100','','0','','Disk util %','','on','','on','',2,'','','','','','','','on','',1000,'','','','','','1','','','','','','','',0,'','0','','0','','','','','','','','','','','','0','','0'),(93,0,0,72,'',1,'on','__root__','','',120,'',700,'','100','','0','','Disk util %','','on','','on','',2,'','','','','','','','on','',1000,'','','','','','1','','','','','','','',0,'','0','','0','','','','','','','','','','','','0','','0'),(94,0,0,73,'',1,'on','__root__','','',120,'',700,'','100','','0','','Disk util %','','on','','on','',2,'','','','','','','','on','',1000,'','','','','','1','','','','','','','',0,'','0','','0','','','','','','','','','','','','0','','0'),(95,0,0,74,'',1,'on','__root__','','',120,'',700,'','100','','0','','Disk util %','','on','','on','',2,'','','','','','','','on','',1000,'','','','','','1','','','','','','','',0,'','0','','0','','','','','','','','','','','','0','','0'),(96,0,0,75,'',1,'on','__root__','','',120,'',700,'','100','','0','','Disk util %','','on','','on','',2,'','','','','','','','on','',1000,'','','','','','1','','','','','','','',0,'','0','','0','','','','','','','','','','','','0','','0'),(97,0,0,76,'',1,'on','__root__','','',120,'',700,'','100','','0','','Disk util %','','on','','on','',2,'','','','','','','','on','',1000,'','','','','','1','','','','','','','',0,'','0','','0','','','','','','','','','','','','0','','0'),(98,0,0,77,'',1,'on','__root__','','',120,'',700,'','100','','0','','Disk util %','','on','','on','',2,'','','','','','','','on','',1000,'','','','','','1','','','','','','','',0,'','0','','0','','','','','','','','','','','','0','','0'),(99,0,0,78,'',1,'on','__root__','','',120,'',700,'','100','','0','','Disk util %','','on','','on','',2,'','','','','','','','on','',1000,'','','','','','1','','','','','','','',0,'','0','','0','','','','','','','','','','','','0','','0'),(100,0,0,79,'',1,'on','__root__','','',120,'',700,'','100','','0','','Disk util %','','on','','on','',2,'','','','','','','','on','',1000,'','','','','','1','','','','','','','',0,'','0','','0','','','','','','','','','','','','0','','0'),(101,0,0,80,'',1,'on','__root__','','',120,'',700,'','100','','0','','Disk util %','','on','','on','',2,'','','','','','','','on','',1000,'','','','','','1','','','','','','','',0,'','0','','0','','','','','','','','','','','','0','','0'),(102,0,0,81,'',1,'on','__root__','','',120,'',700,'','100','','0','','Disk util %','','on','','on','',2,'','','','','','','','on','',1000,'','','','','','1','','','','','','','',0,'','0','','0','','','','','','','','','','','','0','','0'),(103,0,0,82,'',1,'on','__root__','','',120,'',700,'','100','','0','','Disk util %','','on','','on','',2,'','','','','','','','on','',1000,'','','','','','1','','','','','','','',0,'','0','','0','','','','','','','','','','','','0','','0'),(104,0,0,83,'',1,'on','__root__','','',120,'',700,'','100','','0','','Disk util %','','on','','on','',2,'','','','','','','','on','',1000,'','','','','','1','','','','','','','',0,'','0','','0','','','','','','','','','','','','0','','0'),(105,0,0,84,'',1,'on','__root__','','',120,'',700,'','100','','0','','Disk util %','','on','','on','',2,'','','','','','','','on','',1000,'','','','','','1','','','','','','','',0,'','0','','0','','','','','','','','','','','','0','','0'),(106,0,0,85,'',1,'on','__root__','','',120,'',700,'','100','','0','','Byte','','on','','on','',2,'','','','','','','','on','',1024,'','','','','','','','','','','','','',0,'','0','','0','','','','','','','','','','','','0','','0'),(107,0,0,86,'',1,'on','__root__','','',120,'',700,'','100','','0','','Byte','','on','','on','',2,'','','','','','','','on','',1024,'','','','','','','','','','','','','',0,'','0','','0','','','','','','','','','','','','0','','0'),(108,0,0,87,'',1,'on','__root__','','',120,'',700,'','100','','0','','Byte/sec','','on','','on','',2,'','','','','','','','on','',1000,'','','','','','','','','','','','','',0,'','0','','0','','','','','','','','','','','','0','','0'),(109,0,0,88,'',1,'on','__root__','','',120,'',700,'','100','','0','','Byte/sec','','on','','on','',2,'','','','','','','','on','',1000,'','','','','','','','','','','','','',0,'','0','','0','','','','','','','','','','','','0','','0'),(110,0,0,89,'',1,'on','__root__','','',120,'',700,'','100','','0','','Byte/sec','','on','','on','',2,'','','','','','','','on','',1000,'','','','','','','','','','','','','',0,'','0','','0','','','','','','','','','','','','0','','0'),(111,0,0,90,'',1,'on','__root__','','',120,'',700,'','100','','0','','Byte/sec','','on','','on','',2,'','','','','','','','on','',1000,'','','','','','','','','','','','','',0,'','0','','0','','','','','','','','','','','','0','','0'),(112,0,0,91,'',1,'on','__root__','','',120,'',700,'','100','','0','','Byte/sec','','on','','on','',2,'','','','','','','','on','',1000,'','','','','','','','','','','','','',0,'','0','','0','','','','','','','','','','','','0','','0'),(113,0,0,92,'',1,'on','__root__','','',120,'',700,'','100','','0','','Byte/sec','','on','','on','',2,'','','','','','','','on','',1000,'','','','','','','','','','','','','',0,'','0','','0','','','','','','','','','','','','0','','0'),(114,0,0,93,'',1,'on','__root__','','',120,'',700,'','100','','0','','Byte/sec','','on','','on','',2,'','','','','','','','on','',1000,'','','','','','','','','','','','','',0,'','0','','0','','','','','','','','','','','','0','','0'),(115,0,0,94,'',1,'on','__root__','','',120,'',700,'','100','','0','','Byte/sec','','on','','on','',2,'','','','','','','','on','',1000,'','','','','','','','','','','','','',0,'','0','','0','','','','','','','','','','','','0','','0'),(116,0,0,95,'',1,'on','__root__','','',120,'',700,'','100','','0','','Byte/sec','','on','','on','',2,'','','','','','','','on','',1000,'','','','','','','','','','','','','',0,'','0','','0','','','','','','','','','','','','0','','0'),(117,0,0,96,'',1,'on','__root__','','',120,'',700,'','100','','0','','Byte/sec','','on','','on','',2,'','','','','','','','on','',1000,'','','','','','','','','','','','','',0,'','0','','0','','','','','','','','','','','','0','','0'),(118,0,0,97,'',1,'on','__root__','','',120,'',700,'','100','','0','','Byte/sec','','on','','on','',2,'','','','','','','','on','',1000,'','','','','','','','','','','','','',0,'','0','','0','','','','','','','','','','','','0','','0'),(119,0,0,98,'',1,'on','__root__','','',120,'',700,'','100','','0','','Packets/sec','','on','','on','',2,'','','','','','','','on','',1000,'','','','','','','','','','','','','',0,'','0','','0','','','','','','','','','','','','0','','0'),(120,0,0,99,'',1,'on','__root__','','',120,'',700,'','100','','0','','Errors/sec','','on','','on','',2,'','','','','','','','on','',1000,'','','','','','','','','','','','','',0,'','0','','0','','','','','','','','','','','','0','','0'),(121,0,0,100,'',1,'on','__root__','','',120,'',700,'','100','','0','','Disk idle %','','on','','on','',2,'','','','','','','','on','',1000,'','','','','','1','','','','','','','',0,'','0','','0','','','','','','','','','','','','0','','0'),(122,0,0,101,'',1,'on','__root__','','',120,'',700,'','100','','0','','Disk idle %','','on','','on','',2,'','','','','','','','on','',1000,'','','','','','1','','','','','','','',0,'','0','','0','','','','','','','','','','','','0','','0'),(123,0,0,102,'',1,'on','__root__','','',120,'',700,'','100','','0','','Disk idle %','','on','','on','',2,'','','','','','','','on','',1000,'','','','','','1','','','','','','','',0,'','0','','0','','','','','','','','','','','','0','','0'),(124,0,0,103,'',1,'on','__root__','','',120,'',700,'','100','','0','','Disk idle %','','on','','on','',2,'','','','','','','','on','',1000,'','','','','','1','','','','','','','',0,'','0','','0','','','','','','','','','','','','0','','0'),(125,0,0,104,'',1,'on','__root__','','',120,'',700,'','100','','0','','Disk idle %','','on','','on','',2,'','','','','','','','on','',1000,'','','','','','1','','','','','','','',0,'','0','','0','','','','','','','','','','','','0','','0'),(126,0,0,105,'',1,'on','__root__','','',120,'',700,'','100','','0','','Disk idle %','','on','','on','',2,'','','','','','','','on','',1000,'','','','','','1','','','','','','','',0,'','0','','0','','','','','','','','','','','','0','','0'),(127,0,0,106,'',1,'on','__root__','','',120,'',700,'','100','','0','','Disk idle %','','on','','on','',2,'','','','','','','','on','',1000,'','','','','','1','','','','','','','',0,'','0','','0','','','','','','','','','','','','0','','0'),(128,0,0,107,'',1,'on','__root__','','',120,'',700,'','100','','0','','Disk idle %','','on','','on','',2,'','','','','','','','on','',1000,'','','','','','1','','','','','','','',0,'','0','','0','','','','','','','','','','','','0','','0'),(129,0,0,108,'',1,'on','__root__','','',120,'',700,'','100','','0','','Disk idle %','','on','','on','',2,'','','','','','','','on','',1000,'','','','','','1','','','','','','','',0,'','0','','0','','','','','','','','','','','','0','','0'),(130,0,0,109,'',1,'on','__root__','','',120,'',700,'','100','','0','','Disk idle %','','on','','on','',2,'','','','','','','','on','',1000,'','','','','','1','','','','','','','',0,'','0','','0','','','','','','','','','','','','0','','0'),(131,0,0,110,'',1,'on','__root__','','',120,'',700,'','100','','0','','Disk idle %','','on','','on','',2,'','','','','','','','on','',1000,'','','','','','1','','','','','','','',0,'','0','','0','','','','','','','','','','','','0','','0'),(132,0,0,111,'',1,'on','__root__','','',120,'',700,'','100','','0','','Disk idle %','','on','','on','',2,'','','','','','','','on','',1000,'','','','','','1','','','','','','','',0,'','0','','0','','','','','','','','','','','','0','','0'),(133,0,0,112,'',1,'on','__root__','','',120,'',700,'','100','','0','','Disk idle %','','on','','on','',2,'','','','','','','','on','',1000,'','','','','','1','','','','','','','',0,'','0','','0','','','','','','','','','','','','0','','0'),(134,0,0,113,'',1,'on','__root__','','',120,'',700,'','100','','0','','Disk idle %','','on','','on','',2,'','','','','','','','on','',1000,'','','','','','1','','','','','','','',0,'','0','','0','','','','','','','','','','','','0','','0'),(135,0,0,114,'',1,'on','__root__','','',120,'',700,'','100','','0','','Disk idle %','','on','','on','',2,'','','','','','','','on','',1000,'','','','','','1','','','','','','','',0,'','0','','0','','','','','','','','','','','','0','','0'),(136,0,0,115,'',1,'on','__root__','','',120,'',700,'','1000','','0','','IO/sec','','on','','on','',2,'','','','','','','','on','',1000,'','','','','','1','','','','','','','',0,'','0','','0','','','','','','','','','','','','0','','0'),(137,0,0,116,'',1,'on','__root__','','',120,'',700,'','100','','0','','Byte/sec','','on','','on','',2,'','','','','','','','on','',1000,'','','','','','','','','','','','','',0,'','0','','0','','','','','','','','','','','','0','','0'),(138,0,0,117,'',1,'on','__root__','','',120,'',700,'','20','','0','','msec','','on','','on','',2,'','','','','','','','on','',1000,'','','','','','','','','','','','','',0,'','0','','0','','','','','','','','','','','','0','','0'),(140,0,0,119,'',1,'on','__root__','','',120,'',700,'','100','','0','','CPU %','','on','','on','',2,'','','','','','','','on','',1000,'','','','','','1','','','','','','','',0,'','0','','0','','','','','','','','','','','','0','','0');
/*!40000 ALTER TABLE `graph_templates_graph` ENABLE KEYS */;
UNLOCK TABLES;

--
-- Table structure for table `graph_templates_item`
--

DROP TABLE IF EXISTS `graph_templates_item`;
/*!40101 SET @saved_cs_client     = @@character_set_client */;
/*!50503 SET character_set_client = utf8mb4 */;
CREATE TABLE `graph_templates_item` (
  `id` int unsigned NOT NULL AUTO_INCREMENT,
  `hash` varchar(32) CHARACTER SET utf8mb4 COLLATE utf8mb4_unicode_ci NOT NULL DEFAULT '',
  `local_graph_template_item_id` int unsigned NOT NULL DEFAULT '0',
  `local_graph_id` int unsigned NOT NULL DEFAULT '0',
  `graph_template_id` mediumint unsigned NOT NULL DEFAULT '0',
  `task_item_id` int unsigned NOT NULL DEFAULT '0',
  `color_id` mediumint unsigned NOT NULL DEFAULT '0',
  `alpha` char(2) CHARACTER SET utf8mb4 COLLATE utf8mb4_unicode_ci DEFAULT 'FF',
  `graph_type_id` tinyint unsigned NOT NULL DEFAULT '0',
  `line_width` decimal(4,2) DEFAULT '0.00',
  `dashes` varchar(20) CHARACTER SET utf8mb4 COLLATE utf8mb4_unicode_ci DEFAULT NULL,
  `dash_offset` mediumint DEFAULT NULL,
  `cdef_id` mediumint unsigned NOT NULL DEFAULT '0',
  `vdef_id` mediumint unsigned NOT NULL DEFAULT '0',
  `shift` char(2) CHARACTER SET utf8mb4 COLLATE utf8mb4_unicode_ci DEFAULT NULL,
  `consolidation_function_id` tinyint unsigned NOT NULL DEFAULT '0',
  `textalign` varchar(10) CHARACTER SET utf8mb4 COLLATE utf8mb4_unicode_ci DEFAULT NULL,
  `text_format` varchar(255) CHARACTER SET utf8mb4 COLLATE utf8mb4_unicode_ci DEFAULT NULL,
  `value` varchar(255) CHARACTER SET utf8mb4 COLLATE utf8mb4_unicode_ci DEFAULT NULL,
  `hard_return` char(2) CHARACTER SET utf8mb4 COLLATE utf8mb4_unicode_ci DEFAULT NULL,
  `gprint_id` mediumint unsigned NOT NULL DEFAULT '0',
  `sequence` mediumint unsigned NOT NULL DEFAULT '0',
  PRIMARY KEY (`id`),
  KEY `graph_template_id` (`graph_template_id`),
  KEY `local_graph_id_sequence` (`local_graph_id`,`sequence`),
  KEY `local_graph_template_item_id` (`local_graph_template_item_id`),
  KEY `task_item_id` (`task_item_id`),
  KEY `cdef_id` (`cdef_id`),
  KEY `vdef_id` (`vdef_id`),
  KEY `color_id` (`color_id`),
  KEY `gprint_id` (`gprint_id`),
  KEY `lgi_gti` (`local_graph_id`,`graph_template_id`)
) ENGINE=InnoDB AUTO_INCREMENT=2784 DEFAULT CHARSET=utf8mb4 COLLATE=utf8mb4_unicode_ci ROW_FORMAT=DYNAMIC COMMENT='Stores the actual graph item data.';
/*!40101 SET character_set_client = @saved_cs_client */;

--
-- Dumping data for table `graph_templates_item`
--

LOCK TABLES `graph_templates_item` WRITE;
/*!40000 ALTER TABLE `graph_templates_item` DISABLE KEYS */;
INSERT INTO `graph_templates_item` VALUES (1,'',3,0,2,3,10,'FF',7,0.00,NULL,NULL,0,0,NULL,1,NULL,'rbytes',NULL,'',2,1),(2,'',3,0,2,3,0,'FF',9,0.00,NULL,NULL,0,0,NULL,4,NULL,'Current:',NULL,'',2,2),(3,'',3,0,2,3,0,'FF',9,0.00,NULL,NULL,0,0,NULL,1,NULL,'Average:',NULL,'',2,3),(4,'',3,0,2,3,0,'FF',9,0.00,NULL,NULL,0,0,NULL,3,NULL,'Maximum:',NULL,'on',2,4),(5,'',3,0,3,3,10,'FF',7,0.00,NULL,NULL,0,0,NULL,1,NULL,'rbytes',NULL,'',2,1),(6,'',3,0,3,3,0,'FF',9,0.00,NULL,NULL,0,0,NULL,4,NULL,'Current:',NULL,'',2,2),(7,'',3,0,3,3,0,'FF',9,0.00,NULL,NULL,0,0,NULL,1,NULL,'Average:',NULL,'',2,3),(8,'',3,0,3,3,0,'FF',9,0.00,NULL,NULL,0,0,NULL,3,NULL,'Maximum:',NULL,'on',2,4),(9,'',5,0,3,5,48,'FF',8,0.00,NULL,NULL,0,0,NULL,1,NULL,'rbytes',NULL,'',2,5),(10,'',5,0,3,5,0,'FF',9,0.00,NULL,NULL,0,0,NULL,4,NULL,'Current:',NULL,'',2,6),(11,'',5,0,3,5,0,'FF',9,0.00,NULL,NULL,0,0,NULL,1,NULL,'Average:',NULL,'',2,7),(12,'',5,0,3,5,0,'FF',9,0.00,NULL,NULL,0,0,NULL,3,NULL,'Maximum:',NULL,'on',2,8),(13,'',3,0,4,3,10,'FF',7,0.00,NULL,NULL,0,0,NULL,1,NULL,'rbytes',NULL,'',2,1),(14,'',3,0,4,3,0,'FF',9,0.00,NULL,NULL,0,0,NULL,4,NULL,'Current:',NULL,'',2,2),(15,'',3,0,4,3,0,'FF',9,0.00,NULL,NULL,0,0,NULL,1,NULL,'Average:',NULL,'',2,3),(16,'',3,0,4,3,0,'FF',9,0.00,NULL,NULL,0,0,NULL,3,NULL,'Maximum:',NULL,'on',2,4),(17,'',5,0,4,5,48,'FF',8,0.00,NULL,NULL,0,0,NULL,1,NULL,'rbytes',NULL,'',2,5),(18,'',5,0,4,5,0,'FF',9,0.00,NULL,NULL,0,0,NULL,4,NULL,'Current:',NULL,'',2,6),(19,'',5,0,4,5,0,'FF',9,0.00,NULL,NULL,0,0,NULL,1,NULL,'Average:',NULL,'',2,7),(20,'',5,0,4,5,0,'FF',9,0.00,NULL,NULL,0,0,NULL,3,NULL,'Maximum:',NULL,'on',2,8),(21,'',7,0,4,7,93,'FF',8,0.00,NULL,NULL,0,0,NULL,1,NULL,'rbytes',NULL,'',2,9),(22,'',7,0,4,7,0,'FF',9,0.00,NULL,NULL,0,0,NULL,4,NULL,'Current:',NULL,'',2,10),(23,'',7,0,4,7,0,'FF',9,0.00,NULL,NULL,0,0,NULL,1,NULL,'Average:',NULL,'',2,11),(24,'',7,0,4,7,0,'FF',9,0.00,NULL,NULL,0,0,NULL,3,NULL,'Maximum:',NULL,'on',2,12),(25,'',3,0,5,3,10,'FF',7,0.00,NULL,NULL,0,0,NULL,1,NULL,'rbytes',NULL,'',2,1),(26,'',3,0,5,3,0,'FF',9,0.00,NULL,NULL,0,0,NULL,4,NULL,'Current:',NULL,'',2,2),(27,'',3,0,5,3,0,'FF',9,0.00,NULL,NULL,0,0,NULL,1,NULL,'Average:',NULL,'',2,3),(28,'',3,0,5,3,0,'FF',9,0.00,NULL,NULL,0,0,NULL,3,NULL,'Maximum:',NULL,'on',2,4),(29,'',5,0,5,5,48,'FF',8,0.00,NULL,NULL,0,0,NULL,1,NULL,'rbytes',NULL,'',2,5),(30,'',5,0,5,5,0,'FF',9,0.00,NULL,NULL,0,0,NULL,4,NULL,'Current:',NULL,'',2,6),(31,'',5,0,5,5,0,'FF',9,0.00,NULL,NULL,0,0,NULL,1,NULL,'Average:',NULL,'',2,7),(32,'',5,0,5,5,0,'FF',9,0.00,NULL,NULL,0,0,NULL,3,NULL,'Maximum:',NULL,'on',2,8),(33,'',7,0,5,7,93,'FF',8,0.00,NULL,NULL,0,0,NULL,1,NULL,'rbytes',NULL,'',2,9),(34,'',7,0,5,7,0,'FF',9,0.00,NULL,NULL,0,0,NULL,4,NULL,'Current:',NULL,'',2,10),(35,'',7,0,5,7,0,'FF',9,0.00,NULL,NULL,0,0,NULL,1,NULL,'Average:',NULL,'',2,11),(36,'',7,0,5,7,0,'FF',9,0.00,NULL,NULL,0,0,NULL,3,NULL,'Maximum:',NULL,'on',2,12),(37,'',9,0,5,9,35,'FF',8,0.00,NULL,NULL,0,0,NULL,1,NULL,'rbytes',NULL,'',2,13),(38,'',9,0,5,9,0,'FF',9,0.00,NULL,NULL,0,0,NULL,4,NULL,'Current:',NULL,'',2,14),(39,'',9,0,5,9,0,'FF',9,0.00,NULL,NULL,0,0,NULL,1,NULL,'Average:',NULL,'',2,15),(40,'',9,0,5,9,0,'FF',9,0.00,NULL,NULL,0,0,NULL,3,NULL,'Maximum:',NULL,'on',2,16),(41,'',3,0,6,3,10,'FF',7,0.00,NULL,NULL,0,0,NULL,1,NULL,'rbytes',NULL,'',2,1),(42,'',3,0,6,3,0,'FF',9,0.00,NULL,NULL,0,0,NULL,4,NULL,'Current:',NULL,'',2,2),(43,'',3,0,6,3,0,'FF',9,0.00,NULL,NULL,0,0,NULL,1,NULL,'Average:',NULL,'',2,3),(44,'',3,0,6,3,0,'FF',9,0.00,NULL,NULL,0,0,NULL,3,NULL,'Maximum:',NULL,'on',2,4),(45,'',5,0,6,5,48,'FF',8,0.00,NULL,NULL,0,0,NULL,1,NULL,'rbytes',NULL,'',2,5),(46,'',5,0,6,5,0,'FF',9,0.00,NULL,NULL,0,0,NULL,4,NULL,'Current:',NULL,'',2,6),(47,'',5,0,6,5,0,'FF',9,0.00,NULL,NULL,0,0,NULL,1,NULL,'Average:',NULL,'',2,7),(48,'',5,0,6,5,0,'FF',9,0.00,NULL,NULL,0,0,NULL,3,NULL,'Maximum:',NULL,'on',2,8),(49,'',7,0,6,7,93,'FF',8,0.00,NULL,NULL,0,0,NULL,1,NULL,'rbytes',NULL,'',2,9),(50,'',7,0,6,7,0,'FF',9,0.00,NULL,NULL,0,0,NULL,4,NULL,'Current:',NULL,'',2,10),(51,'',7,0,6,7,0,'FF',9,0.00,NULL,NULL,0,0,NULL,1,NULL,'Average:',NULL,'',2,11),(52,'',7,0,6,7,0,'FF',9,0.00,NULL,NULL,0,0,NULL,3,NULL,'Maximum:',NULL,'on',2,12),(53,'',9,0,6,9,35,'FF',8,0.00,NULL,NULL,0,0,NULL,1,NULL,'rbytes',NULL,'',2,13),(54,'',9,0,6,9,0,'FF',9,0.00,NULL,NULL,0,0,NULL,4,NULL,'Current:',NULL,'',2,14),(55,'',9,0,6,9,0,'FF',9,0.00,NULL,NULL,0,0,NULL,1,NULL,'Average:',NULL,'',2,15),(56,'',9,0,6,9,0,'FF',9,0.00,NULL,NULL,0,0,NULL,3,NULL,'Maximum:',NULL,'on',2,16),(57,'',11,0,6,11,25,'FF',8,0.00,NULL,NULL,0,0,NULL,1,NULL,'rbytes',NULL,'',2,17),(58,'',11,0,6,11,0,'FF',9,0.00,NULL,NULL,0,0,NULL,4,NULL,'Current:',NULL,'',2,18),(59,'',11,0,6,11,0,'FF',9,0.00,NULL,NULL,0,0,NULL,1,NULL,'Average:',NULL,'',2,19),(60,'',11,0,6,11,0,'FF',9,0.00,NULL,NULL,0,0,NULL,3,NULL,'Maximum:',NULL,'on',2,20),(61,'',12,0,7,12,10,'FF',7,0.00,NULL,NULL,0,0,NULL,1,NULL,'obytes',NULL,'',2,1),(62,'',12,0,7,12,0,'FF',9,0.00,NULL,NULL,0,0,NULL,4,NULL,'Current:',NULL,'',2,2),(63,'',12,0,7,12,0,'FF',9,0.00,NULL,NULL,0,0,NULL,1,NULL,'Average:',NULL,'',2,3),(64,'',12,0,7,12,0,'FF',9,0.00,NULL,NULL,0,0,NULL,3,NULL,'Maximum:',NULL,'on',2,4),(65,'',12,0,8,12,10,'FF',7,0.00,NULL,NULL,0,0,NULL,1,NULL,'obytes',NULL,'',2,1),(66,'',12,0,8,12,0,'FF',9,0.00,NULL,NULL,0,0,NULL,4,NULL,'Current:',NULL,'',2,2),(67,'',12,0,8,12,0,'FF',9,0.00,NULL,NULL,0,0,NULL,1,NULL,'Average:',NULL,'',2,3),(68,'',12,0,8,12,0,'FF',9,0.00,NULL,NULL,0,0,NULL,3,NULL,'Maximum:',NULL,'on',2,4),(69,'',13,0,8,13,48,'FF',8,0.00,NULL,NULL,0,0,NULL,1,NULL,'obytes',NULL,'',2,5),(70,'',13,0,8,13,0,'FF',9,0.00,NULL,NULL,0,0,NULL,4,NULL,'Current:',NULL,'',2,6),(71,'',13,0,8,13,0,'FF',9,0.00,NULL,NULL,0,0,NULL,1,NULL,'Average:',NULL,'',2,7),(72,'',13,0,8,13,0,'FF',9,0.00,NULL,NULL,0,0,NULL,3,NULL,'Maximum:',NULL,'on',2,8),(73,'',12,0,9,12,10,'FF',7,0.00,NULL,NULL,0,0,NULL,1,NULL,'obytes',NULL,'',2,1),(74,'',12,0,9,12,0,'FF',9,0.00,NULL,NULL,0,0,NULL,4,NULL,'Current:',NULL,'',2,2),(75,'',12,0,9,12,0,'FF',9,0.00,NULL,NULL,0,0,NULL,1,NULL,'Average:',NULL,'',2,3),(76,'',12,0,9,12,0,'FF',9,0.00,NULL,NULL,0,0,NULL,3,NULL,'Maximum:',NULL,'on',2,4),(77,'',13,0,9,13,48,'FF',8,0.00,NULL,NULL,0,0,NULL,1,NULL,'obytes',NULL,'',2,5),(78,'',13,0,9,13,0,'FF',9,0.00,NULL,NULL,0,0,NULL,4,NULL,'Current:',NULL,'',2,6),(79,'',13,0,9,13,0,'FF',9,0.00,NULL,NULL,0,0,NULL,1,NULL,'Average:',NULL,'',2,7),(80,'',13,0,9,13,0,'FF',9,0.00,NULL,NULL,0,0,NULL,3,NULL,'Maximum:',NULL,'on',2,8),(81,'',14,0,9,14,93,'FF',8,0.00,NULL,NULL,0,0,NULL,1,NULL,'obytes',NULL,'',2,9),(82,'',14,0,9,14,0,'FF',9,0.00,NULL,NULL,0,0,NULL,4,NULL,'Current:',NULL,'',2,10),(83,'',14,0,9,14,0,'FF',9,0.00,NULL,NULL,0,0,NULL,1,NULL,'Average:',NULL,'',2,11),(84,'',14,0,9,14,0,'FF',9,0.00,NULL,NULL,0,0,NULL,3,NULL,'Maximum:',NULL,'on',2,12),(85,'',12,0,10,12,10,'FF',7,0.00,NULL,NULL,0,0,NULL,1,NULL,'obytes',NULL,'',2,1),(86,'',12,0,10,12,0,'FF',9,0.00,NULL,NULL,0,0,NULL,4,NULL,'Current:',NULL,'',2,2),(87,'',12,0,10,12,0,'FF',9,0.00,NULL,NULL,0,0,NULL,1,NULL,'Average:',NULL,'',2,3),(88,'',12,0,10,12,0,'FF',9,0.00,NULL,NULL,0,0,NULL,3,NULL,'Maximum:',NULL,'on',2,4),(89,'',13,0,10,13,48,'FF',8,0.00,NULL,NULL,0,0,NULL,1,NULL,'obytes',NULL,'',2,5),(90,'',13,0,10,13,0,'FF',9,0.00,NULL,NULL,0,0,NULL,4,NULL,'Current:',NULL,'',2,6),(91,'',13,0,10,13,0,'FF',9,0.00,NULL,NULL,0,0,NULL,1,NULL,'Average:',NULL,'',2,7),(92,'',13,0,10,13,0,'FF',9,0.00,NULL,NULL,0,0,NULL,3,NULL,'Maximum:',NULL,'on',2,8),(93,'',14,0,10,14,93,'FF',8,0.00,NULL,NULL,0,0,NULL,1,NULL,'obytes',NULL,'',2,9),(94,'',14,0,10,14,0,'FF',9,0.00,NULL,NULL,0,0,NULL,4,NULL,'Current:',NULL,'',2,10),(95,'',14,0,10,14,0,'FF',9,0.00,NULL,NULL,0,0,NULL,1,NULL,'Average:',NULL,'',2,11),(96,'',14,0,10,14,0,'FF',9,0.00,NULL,NULL,0,0,NULL,3,NULL,'Maximum:',NULL,'on',2,12),(97,'',15,0,10,15,35,'FF',8,0.00,NULL,NULL,0,0,NULL,1,NULL,'obytes',NULL,'',2,13),(98,'',15,0,10,15,0,'FF',9,0.00,NULL,NULL,0,0,NULL,4,NULL,'Current:',NULL,'',2,14),(99,'',15,0,10,15,0,'FF',9,0.00,NULL,NULL,0,0,NULL,1,NULL,'Average:',NULL,'',2,15),(100,'',15,0,10,15,0,'FF',9,0.00,NULL,NULL,0,0,NULL,3,NULL,'Maximum:',NULL,'on',2,16),(101,'',12,0,11,12,10,'FF',7,0.00,NULL,NULL,0,0,NULL,1,NULL,'obytes',NULL,'',2,1),(102,'',12,0,11,12,0,'FF',9,0.00,NULL,NULL,0,0,NULL,4,NULL,'Current:',NULL,'',2,2),(103,'',12,0,11,12,0,'FF',9,0.00,NULL,NULL,0,0,NULL,1,NULL,'Average:',NULL,'',2,3),(104,'',12,0,11,12,0,'FF',9,0.00,NULL,NULL,0,0,NULL,3,NULL,'Maximum:',NULL,'on',2,4),(105,'',13,0,11,13,48,'FF',8,0.00,NULL,NULL,0,0,NULL,1,NULL,'obytes',NULL,'',2,5),(106,'',13,0,11,13,0,'FF',9,0.00,NULL,NULL,0,0,NULL,4,NULL,'Current:',NULL,'',2,6),(107,'',13,0,11,13,0,'FF',9,0.00,NULL,NULL,0,0,NULL,1,NULL,'Average:',NULL,'',2,7),(108,'',13,0,11,13,0,'FF',9,0.00,NULL,NULL,0,0,NULL,3,NULL,'Maximum:',NULL,'on',2,8),(109,'',14,0,11,14,93,'FF',8,0.00,NULL,NULL,0,0,NULL,1,NULL,'obytes',NULL,'',2,9),(110,'',14,0,11,14,0,'FF',9,0.00,NULL,NULL,0,0,NULL,4,NULL,'Current:',NULL,'',2,10),(111,'',14,0,11,14,0,'FF',9,0.00,NULL,NULL,0,0,NULL,1,NULL,'Average:',NULL,'',2,11),(112,'',14,0,11,14,0,'FF',9,0.00,NULL,NULL,0,0,NULL,3,NULL,'Maximum:',NULL,'on',2,12),(113,'',15,0,11,15,35,'FF',8,0.00,NULL,NULL,0,0,NULL,1,NULL,'obytes',NULL,'',2,13),(114,'',15,0,11,15,0,'FF',9,0.00,NULL,NULL,0,0,NULL,4,NULL,'Current:',NULL,'',2,14),(115,'',15,0,11,15,0,'FF',9,0.00,NULL,NULL,0,0,NULL,1,NULL,'Average:',NULL,'',2,15),(116,'',15,0,11,15,0,'FF',9,0.00,NULL,NULL,0,0,NULL,3,NULL,'Maximum:',NULL,'on',2,16),(117,'',16,0,11,16,25,'FF',8,0.00,NULL,NULL,0,0,NULL,1,NULL,'obytes',NULL,'',2,17),(118,'',16,0,11,16,0,'FF',9,0.00,NULL,NULL,0,0,NULL,4,NULL,'Current:',NULL,'',2,18),(119,'',16,0,11,16,0,'FF',9,0.00,NULL,NULL,0,0,NULL,1,NULL,'Average:',NULL,'',2,19),(120,'',16,0,11,16,0,'FF',9,0.00,NULL,NULL,0,0,NULL,3,NULL,'Maximum:',NULL,'on',2,20),(121,'',18,0,12,18,10,'FF',4,0.00,NULL,NULL,0,0,NULL,1,NULL,'inBytes',NULL,'',2,1),(122,'',18,0,12,18,0,'FF',9,0.00,NULL,NULL,0,0,NULL,4,NULL,'Current:',NULL,'',2,2),(123,'',18,0,12,18,0,'FF',9,0.00,NULL,NULL,0,0,NULL,1,NULL,'Average:',NULL,'',2,3),(124,'',18,0,12,18,0,'FF',9,0.00,NULL,NULL,0,0,NULL,3,NULL,'Maximum:',NULL,'on',2,4),(125,'',19,0,12,19,48,'FF',4,0.00,NULL,NULL,0,0,NULL,1,NULL,'outBytes',NULL,'',2,5),(126,'',19,0,12,19,0,'FF',9,0.00,NULL,NULL,0,0,NULL,4,NULL,'Current:',NULL,'',2,6),(127,'',19,0,12,19,0,'FF',9,0.00,NULL,NULL,0,0,NULL,1,NULL,'Average:',NULL,'',2,7),(128,'',19,0,12,19,0,'FF',9,0.00,NULL,NULL,0,0,NULL,3,NULL,'Maximum:',NULL,'on',2,8),(129,'',20,0,13,20,10,'FF',4,0.00,NULL,NULL,0,0,NULL,1,NULL,'inPackets',NULL,'',2,1),(130,'',20,0,13,20,0,'FF',9,0.00,NULL,NULL,0,0,NULL,4,NULL,'Current:',NULL,'',2,2),(131,'',20,0,13,20,0,'FF',9,0.00,NULL,NULL,0,0,NULL,1,NULL,'Average:',NULL,'',2,3),(132,'',20,0,13,20,0,'FF',9,0.00,NULL,NULL,0,0,NULL,3,NULL,'Maximum:',NULL,'on',2,4),(133,'',21,0,13,21,48,'FF',4,0.00,NULL,NULL,0,0,NULL,1,NULL,'outPackets',NULL,'',2,5),(134,'',21,0,13,21,0,'FF',9,0.00,NULL,NULL,0,0,NULL,4,NULL,'Current:',NULL,'',2,6),(135,'',21,0,13,21,0,'FF',9,0.00,NULL,NULL,0,0,NULL,1,NULL,'Average:',NULL,'',2,7),(136,'',21,0,13,21,0,'FF',9,0.00,NULL,NULL,0,0,NULL,3,NULL,'Maximum:',NULL,'on',2,8),(137,'',22,0,14,22,10,'FF',5,0.00,NULL,NULL,0,0,NULL,1,NULL,'ierrors',NULL,'',2,1),(138,'',22,0,14,22,0,'FF',9,0.00,NULL,NULL,0,0,NULL,4,NULL,'Current:',NULL,'',2,2),(139,'',22,0,14,22,0,'FF',9,0.00,NULL,NULL,0,0,NULL,1,NULL,'Average:',NULL,'',2,3),(140,'',22,0,14,22,0,'FF',9,0.00,NULL,NULL,0,0,NULL,3,NULL,'Maximum:',NULL,'on',2,4),(141,'',23,0,14,23,48,'FF',5,0.00,NULL,NULL,0,0,NULL,1,NULL,'oerrors',NULL,'',2,5),(142,'',23,0,14,23,0,'FF',9,0.00,NULL,NULL,0,0,NULL,4,NULL,'Current:',NULL,'',2,6),(143,'',23,0,14,23,0,'FF',9,0.00,NULL,NULL,0,0,NULL,1,NULL,'Average:',NULL,'',2,7),(144,'',23,0,14,23,0,'FF',9,0.00,NULL,NULL,0,0,NULL,3,NULL,'Maximum:',NULL,'on',2,8),(145,'',24,0,14,24,93,'FF',5,0.00,NULL,NULL,0,0,NULL,1,NULL,'collisions',NULL,'',2,9),(146,'',24,0,14,24,0,'FF',9,0.00,NULL,NULL,0,0,NULL,4,NULL,'Current:',NULL,'',2,10),(147,'',24,0,14,24,0,'FF',9,0.00,NULL,NULL,0,0,NULL,1,NULL,'Average:',NULL,'',2,11),(148,'',24,0,14,24,0,'FF',9,0.00,NULL,NULL,0,0,NULL,3,NULL,'Maximum:',NULL,'on',2,12),(369,'',140,0,15,140,10,'FF',5,0.00,NULL,NULL,0,0,NULL,1,NULL,'usage',NULL,'',2,1),(370,'',140,0,15,140,0,'FF',9,0.00,NULL,NULL,0,0,NULL,4,NULL,'Current:',NULL,'',2,2),(371,'',140,0,15,140,0,'FF',9,0.00,NULL,NULL,0,0,NULL,1,NULL,'Average:',NULL,'',2,3),(372,'',140,0,15,140,0,'FF',9,0.00,NULL,NULL,0,0,NULL,3,NULL,'Maximum:',NULL,'on',2,4),(373,'',140,0,16,140,10,'FF',5,0.00,NULL,NULL,0,0,NULL,1,NULL,'usage',NULL,'',2,1),(374,'',140,0,16,140,0,'FF',9,0.00,NULL,NULL,0,0,NULL,4,NULL,'Current:',NULL,'',2,2),(375,'',140,0,16,140,0,'FF',9,0.00,NULL,NULL,0,0,NULL,1,NULL,'Average:',NULL,'',2,3),(376,'',140,0,16,140,0,'FF',9,0.00,NULL,NULL,0,0,NULL,3,NULL,'Maximum:',NULL,'on',2,4),(377,'',142,0,16,142,48,'FF',5,0.00,NULL,NULL,0,0,NULL,1,NULL,'usage',NULL,'',2,5),(378,'',142,0,16,142,0,'FF',9,0.00,NULL,NULL,0,0,NULL,4,NULL,'Current:',NULL,'',2,6),(379,'',142,0,16,142,0,'FF',9,0.00,NULL,NULL,0,0,NULL,1,NULL,'Average:',NULL,'',2,7),(380,'',142,0,16,142,0,'FF',9,0.00,NULL,NULL,0,0,NULL,3,NULL,'Maximum:',NULL,'on',2,8),(381,'',140,0,17,140,10,'FF',5,0.00,NULL,NULL,0,0,NULL,1,NULL,'usage',NULL,'',2,1),(382,'',140,0,17,140,0,'FF',9,0.00,NULL,NULL,0,0,NULL,4,NULL,'Current:',NULL,'',2,2),(383,'',140,0,17,140,0,'FF',9,0.00,NULL,NULL,0,0,NULL,1,NULL,'Average:',NULL,'',2,3),(384,'',140,0,17,140,0,'FF',9,0.00,NULL,NULL,0,0,NULL,3,NULL,'Maximum:',NULL,'on',2,4),(385,'',142,0,17,142,48,'FF',5,0.00,NULL,NULL,0,0,NULL,1,NULL,'usage',NULL,'',2,5),(386,'',142,0,17,142,0,'FF',9,0.00,NULL,NULL,0,0,NULL,4,NULL,'Current:',NULL,'',2,6),(387,'',142,0,17,142,0,'FF',9,0.00,NULL,NULL,0,0,NULL,1,NULL,'Average:',NULL,'',2,7),(388,'',142,0,17,142,0,'FF',9,0.00,NULL,NULL,0,0,NULL,3,NULL,'Maximum:',NULL,'on',2,8),(389,'',144,0,17,144,93,'FF',5,0.00,NULL,NULL,0,0,NULL,1,NULL,'usage',NULL,'',2,9),(390,'',144,0,17,144,0,'FF',9,0.00,NULL,NULL,0,0,NULL,4,NULL,'Current:',NULL,'',2,10),(391,'',144,0,17,144,0,'FF',9,0.00,NULL,NULL,0,0,NULL,1,NULL,'Average:',NULL,'',2,11),(392,'',144,0,17,144,0,'FF',9,0.00,NULL,NULL,0,0,NULL,3,NULL,'Maximum:',NULL,'on',2,12),(393,'',140,0,18,140,10,'FF',5,0.00,NULL,NULL,0,0,NULL,1,NULL,'usage',NULL,'',2,1),(394,'',140,0,18,140,0,'FF',9,0.00,NULL,NULL,0,0,NULL,4,NULL,'Current:',NULL,'',2,2),(395,'',140,0,18,140,0,'FF',9,0.00,NULL,NULL,0,0,NULL,1,NULL,'Average:',NULL,'',2,3),(396,'',140,0,18,140,0,'FF',9,0.00,NULL,NULL,0,0,NULL,3,NULL,'Maximum:',NULL,'on',2,4),(397,'',142,0,18,142,48,'FF',5,0.00,NULL,NULL,0,0,NULL,1,NULL,'usage',NULL,'',2,5),(398,'',142,0,18,142,0,'FF',9,0.00,NULL,NULL,0,0,NULL,4,NULL,'Current:',NULL,'',2,6),(399,'',142,0,18,142,0,'FF',9,0.00,NULL,NULL,0,0,NULL,1,NULL,'Average:',NULL,'',2,7),(400,'',142,0,18,142,0,'FF',9,0.00,NULL,NULL,0,0,NULL,3,NULL,'Maximum:',NULL,'on',2,8),(401,'',144,0,18,144,93,'FF',5,0.00,NULL,NULL,0,0,NULL,1,NULL,'usage',NULL,'',2,9),(402,'',144,0,18,144,0,'FF',9,0.00,NULL,NULL,0,0,NULL,4,NULL,'Current:',NULL,'',2,10),(403,'',144,0,18,144,0,'FF',9,0.00,NULL,NULL,0,0,NULL,1,NULL,'Average:',NULL,'',2,11),(404,'',144,0,18,144,0,'FF',9,0.00,NULL,NULL,0,0,NULL,3,NULL,'Maximum:',NULL,'on',2,12),(405,'',146,0,18,146,35,'FF',5,0.00,NULL,NULL,0,0,NULL,1,NULL,'usage',NULL,'',2,13),(406,'',146,0,18,146,0,'FF',9,0.00,NULL,NULL,0,0,NULL,4,NULL,'Current:',NULL,'',2,14),(407,'',146,0,18,146,0,'FF',9,0.00,NULL,NULL,0,0,NULL,1,NULL,'Average:',NULL,'',2,15),(408,'',146,0,18,146,0,'FF',9,0.00,NULL,NULL,0,0,NULL,3,NULL,'Maximum:',NULL,'on',2,16),(409,'',140,0,19,140,10,'FF',5,0.00,NULL,NULL,0,0,NULL,1,NULL,'usage',NULL,'',2,1),(410,'',140,0,19,140,0,'FF',9,0.00,NULL,NULL,0,0,NULL,4,NULL,'Current:',NULL,'',2,2),(411,'',140,0,19,140,0,'FF',9,0.00,NULL,NULL,0,0,NULL,1,NULL,'Average:',NULL,'',2,3),(412,'',140,0,19,140,0,'FF',9,0.00,NULL,NULL,0,0,NULL,3,NULL,'Maximum:',NULL,'on',2,4),(413,'',142,0,19,142,48,'FF',5,0.00,NULL,NULL,0,0,NULL,1,NULL,'usage',NULL,'',2,5),(414,'',142,0,19,142,0,'FF',9,0.00,NULL,NULL,0,0,NULL,4,NULL,'Current:',NULL,'',2,6),(415,'',142,0,19,142,0,'FF',9,0.00,NULL,NULL,0,0,NULL,1,NULL,'Average:',NULL,'',2,7),(416,'',142,0,19,142,0,'FF',9,0.00,NULL,NULL,0,0,NULL,3,NULL,'Maximum:',NULL,'on',2,8),(417,'',144,0,19,144,93,'FF',5,0.00,NULL,NULL,0,0,NULL,1,NULL,'usage',NULL,'',2,9),(418,'',144,0,19,144,0,'FF',9,0.00,NULL,NULL,0,0,NULL,4,NULL,'Current:',NULL,'',2,10),(419,'',144,0,19,144,0,'FF',9,0.00,NULL,NULL,0,0,NULL,1,NULL,'Average:',NULL,'',2,11),(420,'',144,0,19,144,0,'FF',9,0.00,NULL,NULL,0,0,NULL,3,NULL,'Maximum:',NULL,'on',2,12),(421,'',146,0,19,146,35,'FF',5,0.00,NULL,NULL,0,0,NULL,1,NULL,'usage',NULL,'',2,13),(422,'',146,0,19,146,0,'FF',9,0.00,NULL,NULL,0,0,NULL,4,NULL,'Current:',NULL,'',2,14),(423,'',146,0,19,146,0,'FF',9,0.00,NULL,NULL,0,0,NULL,1,NULL,'Average:',NULL,'',2,15),(424,'',146,0,19,146,0,'FF',9,0.00,NULL,NULL,0,0,NULL,3,NULL,'Maximum:',NULL,'on',2,16),(425,'',148,0,19,148,25,'FF',5,0.00,NULL,NULL,0,0,NULL,1,NULL,'usage',NULL,'',2,17),(426,'',148,0,19,148,0,'FF',9,0.00,NULL,NULL,0,0,NULL,4,NULL,'Current:',NULL,'',2,18),(427,'',148,0,19,148,0,'FF',9,0.00,NULL,NULL,0,0,NULL,1,NULL,'Average:',NULL,'',2,19),(428,'',148,0,19,148,0,'FF',9,0.00,NULL,NULL,0,0,NULL,3,NULL,'Maximum:',NULL,'on',2,20),(429,'',140,0,20,140,10,'FF',5,0.00,NULL,NULL,0,0,NULL,1,NULL,'usage',NULL,'',2,1),(430,'',140,0,20,140,0,'FF',9,0.00,NULL,NULL,0,0,NULL,4,NULL,'Current:',NULL,'',2,2),(431,'',140,0,20,140,0,'FF',9,0.00,NULL,NULL,0,0,NULL,1,NULL,'Average:',NULL,'',2,3),(432,'',140,0,20,140,0,'FF',9,0.00,NULL,NULL,0,0,NULL,3,NULL,'Maximum:',NULL,'on',2,4),(433,'',142,0,20,142,48,'FF',5,0.00,NULL,NULL,0,0,NULL,1,NULL,'usage',NULL,'',2,5),(434,'',142,0,20,142,0,'FF',9,0.00,NULL,NULL,0,0,NULL,4,NULL,'Current:',NULL,'',2,6),(435,'',142,0,20,142,0,'FF',9,0.00,NULL,NULL,0,0,NULL,1,NULL,'Average:',NULL,'',2,7),(436,'',142,0,20,142,0,'FF',9,0.00,NULL,NULL,0,0,NULL,3,NULL,'Maximum:',NULL,'on',2,8),(437,'',144,0,20,144,93,'FF',5,0.00,NULL,NULL,0,0,NULL,1,NULL,'usage',NULL,'',2,9),(438,'',144,0,20,144,0,'FF',9,0.00,NULL,NULL,0,0,NULL,4,NULL,'Current:',NULL,'',2,10),(439,'',144,0,20,144,0,'FF',9,0.00,NULL,NULL,0,0,NULL,1,NULL,'Average:',NULL,'',2,11),(440,'',144,0,20,144,0,'FF',9,0.00,NULL,NULL,0,0,NULL,3,NULL,'Maximum:',NULL,'on',2,12),(441,'',146,0,20,146,35,'FF',5,0.00,NULL,NULL,0,0,NULL,1,NULL,'usage',NULL,'',2,13),(442,'',146,0,20,146,0,'FF',9,0.00,NULL,NULL,0,0,NULL,4,NULL,'Current:',NULL,'',2,14),(443,'',146,0,20,146,0,'FF',9,0.00,NULL,NULL,0,0,NULL,1,NULL,'Average:',NULL,'',2,15),(444,'',146,0,20,146,0,'FF',9,0.00,NULL,NULL,0,0,NULL,3,NULL,'Maximum:',NULL,'on',2,16),(445,'',148,0,20,148,25,'FF',5,0.00,NULL,NULL,0,0,NULL,1,NULL,'usage',NULL,'',2,17),(446,'',148,0,20,148,0,'FF',9,0.00,NULL,NULL,0,0,NULL,4,NULL,'Current:',NULL,'',2,18),(447,'',148,0,20,148,0,'FF',9,0.00,NULL,NULL,0,0,NULL,1,NULL,'Average:',NULL,'',2,19),(448,'',148,0,20,148,0,'FF',9,0.00,NULL,NULL,0,0,NULL,3,NULL,'Maximum:',NULL,'on',2,20),(449,'',150,0,20,150,7,'FF',5,0.00,NULL,NULL,0,0,NULL,1,NULL,'usage',NULL,'',2,21),(450,'',150,0,20,150,0,'FF',9,0.00,NULL,NULL,0,0,NULL,4,NULL,'Current:',NULL,'',2,22),(451,'',150,0,20,150,0,'FF',9,0.00,NULL,NULL,0,0,NULL,1,NULL,'Average:',NULL,'',2,23),(452,'',150,0,20,150,0,'FF',9,0.00,NULL,NULL,0,0,NULL,3,NULL,'Maximum:',NULL,'on',2,24),(453,'',140,0,21,140,10,'FF',5,0.00,NULL,NULL,0,0,NULL,1,NULL,'usage',NULL,'',2,1),(454,'',140,0,21,140,0,'FF',9,0.00,NULL,NULL,0,0,NULL,4,NULL,'Current:',NULL,'',2,2),(455,'',140,0,21,140,0,'FF',9,0.00,NULL,NULL,0,0,NULL,1,NULL,'Average:',NULL,'',2,3),(456,'',140,0,21,140,0,'FF',9,0.00,NULL,NULL,0,0,NULL,3,NULL,'Maximum:',NULL,'on',2,4),(457,'',142,0,21,142,48,'FF',5,0.00,NULL,NULL,0,0,NULL,1,NULL,'usage',NULL,'',2,5),(458,'',142,0,21,142,0,'FF',9,0.00,NULL,NULL,0,0,NULL,4,NULL,'Current:',NULL,'',2,6),(459,'',142,0,21,142,0,'FF',9,0.00,NULL,NULL,0,0,NULL,1,NULL,'Average:',NULL,'',2,7),(460,'',142,0,21,142,0,'FF',9,0.00,NULL,NULL,0,0,NULL,3,NULL,'Maximum:',NULL,'on',2,8),(461,'',144,0,21,144,93,'FF',5,0.00,NULL,NULL,0,0,NULL,1,NULL,'usage',NULL,'',2,9),(462,'',144,0,21,144,0,'FF',9,0.00,NULL,NULL,0,0,NULL,4,NULL,'Current:',NULL,'',2,10),(463,'',144,0,21,144,0,'FF',9,0.00,NULL,NULL,0,0,NULL,1,NULL,'Average:',NULL,'',2,11),(464,'',144,0,21,144,0,'FF',9,0.00,NULL,NULL,0,0,NULL,3,NULL,'Maximum:',NULL,'on',2,12),(465,'',146,0,21,146,35,'FF',5,0.00,NULL,NULL,0,0,NULL,1,NULL,'usage',NULL,'',2,13),(466,'',146,0,21,146,0,'FF',9,0.00,NULL,NULL,0,0,NULL,4,NULL,'Current:',NULL,'',2,14),(467,'',146,0,21,146,0,'FF',9,0.00,NULL,NULL,0,0,NULL,1,NULL,'Average:',NULL,'',2,15),(468,'',146,0,21,146,0,'FF',9,0.00,NULL,NULL,0,0,NULL,3,NULL,'Maximum:',NULL,'on',2,16),(469,'',148,0,21,148,25,'FF',5,0.00,NULL,NULL,0,0,NULL,1,NULL,'usage',NULL,'',2,17),(470,'',148,0,21,148,0,'FF',9,0.00,NULL,NULL,0,0,NULL,4,NULL,'Current:',NULL,'',2,18),(471,'',148,0,21,148,0,'FF',9,0.00,NULL,NULL,0,0,NULL,1,NULL,'Average:',NULL,'',2,19),(472,'',148,0,21,148,0,'FF',9,0.00,NULL,NULL,0,0,NULL,3,NULL,'Maximum:',NULL,'on',2,20),(473,'',150,0,21,150,7,'FF',5,0.00,NULL,NULL,0,0,NULL,1,NULL,'usage',NULL,'',2,21),(474,'',150,0,21,150,0,'FF',9,0.00,NULL,NULL,0,0,NULL,4,NULL,'Current:',NULL,'',2,22),(475,'',150,0,21,150,0,'FF',9,0.00,NULL,NULL,0,0,NULL,1,NULL,'Average:',NULL,'',2,23),(476,'',150,0,21,150,0,'FF',9,0.00,NULL,NULL,0,0,NULL,3,NULL,'Maximum:',NULL,'on',2,24),(477,'',152,0,21,152,8,'FF',5,0.00,NULL,NULL,0,0,NULL,1,NULL,'usage',NULL,'',2,25),(478,'',152,0,21,152,0,'FF',9,0.00,NULL,NULL,0,0,NULL,4,NULL,'Current:',NULL,'',2,26),(479,'',152,0,21,152,0,'FF',9,0.00,NULL,NULL,0,0,NULL,1,NULL,'Average:',NULL,'',2,27),(480,'',152,0,21,152,0,'FF',9,0.00,NULL,NULL,0,0,NULL,3,NULL,'Maximum:',NULL,'on',2,28),(481,'',140,0,22,140,10,'FF',5,0.00,NULL,NULL,0,0,NULL,1,NULL,'usage',NULL,'',2,1),(482,'',140,0,22,140,0,'FF',9,0.00,NULL,NULL,0,0,NULL,4,NULL,'Current:',NULL,'',2,2),(483,'',140,0,22,140,0,'FF',9,0.00,NULL,NULL,0,0,NULL,1,NULL,'Average:',NULL,'',2,3),(484,'',140,0,22,140,0,'FF',9,0.00,NULL,NULL,0,0,NULL,3,NULL,'Maximum:',NULL,'on',2,4),(485,'',142,0,22,142,48,'FF',5,0.00,NULL,NULL,0,0,NULL,1,NULL,'usage',NULL,'',2,5),(486,'',142,0,22,142,0,'FF',9,0.00,NULL,NULL,0,0,NULL,4,NULL,'Current:',NULL,'',2,6),(487,'',142,0,22,142,0,'FF',9,0.00,NULL,NULL,0,0,NULL,1,NULL,'Average:',NULL,'',2,7),(488,'',142,0,22,142,0,'FF',9,0.00,NULL,NULL,0,0,NULL,3,NULL,'Maximum:',NULL,'on',2,8),(489,'',144,0,22,144,93,'FF',5,0.00,NULL,NULL,0,0,NULL,1,NULL,'usage',NULL,'',2,9),(490,'',144,0,22,144,0,'FF',9,0.00,NULL,NULL,0,0,NULL,4,NULL,'Current:',NULL,'',2,10),(491,'',144,0,22,144,0,'FF',9,0.00,NULL,NULL,0,0,NULL,1,NULL,'Average:',NULL,'',2,11),(492,'',144,0,22,144,0,'FF',9,0.00,NULL,NULL,0,0,NULL,3,NULL,'Maximum:',NULL,'on',2,12),(493,'',146,0,22,146,35,'FF',5,0.00,NULL,NULL,0,0,NULL,1,NULL,'usage',NULL,'',2,13),(494,'',146,0,22,146,0,'FF',9,0.00,NULL,NULL,0,0,NULL,4,NULL,'Current:',NULL,'',2,14),(495,'',146,0,22,146,0,'FF',9,0.00,NULL,NULL,0,0,NULL,1,NULL,'Average:',NULL,'',2,15),(496,'',146,0,22,146,0,'FF',9,0.00,NULL,NULL,0,0,NULL,3,NULL,'Maximum:',NULL,'on',2,16),(497,'',148,0,22,148,25,'FF',5,0.00,NULL,NULL,0,0,NULL,1,NULL,'usage',NULL,'',2,17),(498,'',148,0,22,148,0,'FF',9,0.00,NULL,NULL,0,0,NULL,4,NULL,'Current:',NULL,'',2,18),(499,'',148,0,22,148,0,'FF',9,0.00,NULL,NULL,0,0,NULL,1,NULL,'Average:',NULL,'',2,19),(500,'',148,0,22,148,0,'FF',9,0.00,NULL,NULL,0,0,NULL,3,NULL,'Maximum:',NULL,'on',2,20),(501,'',150,0,22,150,7,'FF',5,0.00,NULL,NULL,0,0,NULL,1,NULL,'usage',NULL,'',2,21),(502,'',150,0,22,150,0,'FF',9,0.00,NULL,NULL,0,0,NULL,4,NULL,'Current:',NULL,'',2,22),(503,'',150,0,22,150,0,'FF',9,0.00,NULL,NULL,0,0,NULL,1,NULL,'Average:',NULL,'',2,23),(504,'',150,0,22,150,0,'FF',9,0.00,NULL,NULL,0,0,NULL,3,NULL,'Maximum:',NULL,'on',2,24),(505,'',152,0,22,152,8,'FF',5,0.00,NULL,NULL,0,0,NULL,1,NULL,'usage',NULL,'',2,25),(506,'',152,0,22,152,0,'FF',9,0.00,NULL,NULL,0,0,NULL,4,NULL,'Current:',NULL,'',2,26),(507,'',152,0,22,152,0,'FF',9,0.00,NULL,NULL,0,0,NULL,1,NULL,'Average:',NULL,'',2,27),(508,'',152,0,22,152,0,'FF',9,0.00,NULL,NULL,0,0,NULL,3,NULL,'Maximum:',NULL,'on',2,28),(509,'',154,0,22,154,20,'FF',5,0.00,NULL,NULL,0,0,NULL,1,NULL,'usage',NULL,'',2,29),(510,'',154,0,22,154,0,'FF',9,0.00,NULL,NULL,0,0,NULL,4,NULL,'Current:',NULL,'',2,30),(511,'',154,0,22,154,0,'FF',9,0.00,NULL,NULL,0,0,NULL,1,NULL,'Average:',NULL,'',2,31),(512,'',154,0,22,154,0,'FF',9,0.00,NULL,NULL,0,0,NULL,3,NULL,'Maximum:',NULL,'on',2,32),(513,'',140,0,23,140,10,'FF',5,0.00,NULL,NULL,0,0,NULL,1,NULL,'usage',NULL,'',2,1),(514,'',140,0,23,140,0,'FF',9,0.00,NULL,NULL,0,0,NULL,4,NULL,'Current:',NULL,'',2,2),(515,'',140,0,23,140,0,'FF',9,0.00,NULL,NULL,0,0,NULL,1,NULL,'Average:',NULL,'',2,3),(516,'',140,0,23,140,0,'FF',9,0.00,NULL,NULL,0,0,NULL,3,NULL,'Maximum:',NULL,'on',2,4),(517,'',142,0,23,142,48,'FF',5,0.00,NULL,NULL,0,0,NULL,1,NULL,'usage',NULL,'',2,5),(518,'',142,0,23,142,0,'FF',9,0.00,NULL,NULL,0,0,NULL,4,NULL,'Current:',NULL,'',2,6),(519,'',142,0,23,142,0,'FF',9,0.00,NULL,NULL,0,0,NULL,1,NULL,'Average:',NULL,'',2,7),(520,'',142,0,23,142,0,'FF',9,0.00,NULL,NULL,0,0,NULL,3,NULL,'Maximum:',NULL,'on',2,8),(521,'',144,0,23,144,93,'FF',5,0.00,NULL,NULL,0,0,NULL,1,NULL,'usage',NULL,'',2,9),(522,'',144,0,23,144,0,'FF',9,0.00,NULL,NULL,0,0,NULL,4,NULL,'Current:',NULL,'',2,10),(523,'',144,0,23,144,0,'FF',9,0.00,NULL,NULL,0,0,NULL,1,NULL,'Average:',NULL,'',2,11),(524,'',144,0,23,144,0,'FF',9,0.00,NULL,NULL,0,0,NULL,3,NULL,'Maximum:',NULL,'on',2,12),(525,'',146,0,23,146,35,'FF',5,0.00,NULL,NULL,0,0,NULL,1,NULL,'usage',NULL,'',2,13),(526,'',146,0,23,146,0,'FF',9,0.00,NULL,NULL,0,0,NULL,4,NULL,'Current:',NULL,'',2,14),(527,'',146,0,23,146,0,'FF',9,0.00,NULL,NULL,0,0,NULL,1,NULL,'Average:',NULL,'',2,15),(528,'',146,0,23,146,0,'FF',9,0.00,NULL,NULL,0,0,NULL,3,NULL,'Maximum:',NULL,'on',2,16),(529,'',148,0,23,148,25,'FF',5,0.00,NULL,NULL,0,0,NULL,1,NULL,'usage',NULL,'',2,17),(530,'',148,0,23,148,0,'FF',9,0.00,NULL,NULL,0,0,NULL,4,NULL,'Current:',NULL,'',2,18),(531,'',148,0,23,148,0,'FF',9,0.00,NULL,NULL,0,0,NULL,1,NULL,'Average:',NULL,'',2,19),(532,'',148,0,23,148,0,'FF',9,0.00,NULL,NULL,0,0,NULL,3,NULL,'Maximum:',NULL,'on',2,20),(533,'',150,0,23,150,7,'FF',5,0.00,NULL,NULL,0,0,NULL,1,NULL,'usage',NULL,'',2,21),(534,'',150,0,23,150,0,'FF',9,0.00,NULL,NULL,0,0,NULL,4,NULL,'Current:',NULL,'',2,22),(535,'',150,0,23,150,0,'FF',9,0.00,NULL,NULL,0,0,NULL,1,NULL,'Average:',NULL,'',2,23),(536,'',150,0,23,150,0,'FF',9,0.00,NULL,NULL,0,0,NULL,3,NULL,'Maximum:',NULL,'on',2,24),(537,'',152,0,23,152,8,'FF',5,0.00,NULL,NULL,0,0,NULL,1,NULL,'usage',NULL,'',2,25),(538,'',152,0,23,152,0,'FF',9,0.00,NULL,NULL,0,0,NULL,4,NULL,'Current:',NULL,'',2,26),(539,'',152,0,23,152,0,'FF',9,0.00,NULL,NULL,0,0,NULL,1,NULL,'Average:',NULL,'',2,27),(540,'',152,0,23,152,0,'FF',9,0.00,NULL,NULL,0,0,NULL,3,NULL,'Maximum:',NULL,'on',2,28),(541,'',154,0,23,154,20,'FF',5,0.00,NULL,NULL,0,0,NULL,1,NULL,'usage',NULL,'',2,29),(542,'',154,0,23,154,0,'FF',9,0.00,NULL,NULL,0,0,NULL,4,NULL,'Current:',NULL,'',2,30),(543,'',154,0,23,154,0,'FF',9,0.00,NULL,NULL,0,0,NULL,1,NULL,'Average:',NULL,'',2,31),(544,'',154,0,23,154,0,'FF',9,0.00,NULL,NULL,0,0,NULL,3,NULL,'Maximum:',NULL,'on',2,32),(545,'',156,0,23,156,13,'FF',5,0.00,NULL,NULL,0,0,NULL,1,NULL,'usage',NULL,'',2,33),(546,'',156,0,23,156,0,'FF',9,0.00,NULL,NULL,0,0,NULL,4,NULL,'Current:',NULL,'',2,34),(547,'',156,0,23,156,0,'FF',9,0.00,NULL,NULL,0,0,NULL,1,NULL,'Average:',NULL,'',2,35),(548,'',156,0,23,156,0,'FF',9,0.00,NULL,NULL,0,0,NULL,3,NULL,'Maximum:',NULL,'on',2,36),(549,'',140,0,24,140,10,'FF',5,0.00,NULL,NULL,0,0,NULL,1,NULL,'usage',NULL,'',2,1),(550,'',140,0,24,140,0,'FF',9,0.00,NULL,NULL,0,0,NULL,4,NULL,'Current:',NULL,'',2,2),(551,'',140,0,24,140,0,'FF',9,0.00,NULL,NULL,0,0,NULL,1,NULL,'Average:',NULL,'',2,3),(552,'',140,0,24,140,0,'FF',9,0.00,NULL,NULL,0,0,NULL,3,NULL,'Maximum:',NULL,'on',2,4),(553,'',142,0,24,142,48,'FF',5,0.00,NULL,NULL,0,0,NULL,1,NULL,'usage',NULL,'',2,5),(554,'',142,0,24,142,0,'FF',9,0.00,NULL,NULL,0,0,NULL,4,NULL,'Current:',NULL,'',2,6),(555,'',142,0,24,142,0,'FF',9,0.00,NULL,NULL,0,0,NULL,1,NULL,'Average:',NULL,'',2,7),(556,'',142,0,24,142,0,'FF',9,0.00,NULL,NULL,0,0,NULL,3,NULL,'Maximum:',NULL,'on',2,8),(557,'',144,0,24,144,93,'FF',5,0.00,NULL,NULL,0,0,NULL,1,NULL,'usage',NULL,'',2,9),(558,'',144,0,24,144,0,'FF',9,0.00,NULL,NULL,0,0,NULL,4,NULL,'Current:',NULL,'',2,10),(559,'',144,0,24,144,0,'FF',9,0.00,NULL,NULL,0,0,NULL,1,NULL,'Average:',NULL,'',2,11),(560,'',144,0,24,144,0,'FF',9,0.00,NULL,NULL,0,0,NULL,3,NULL,'Maximum:',NULL,'on',2,12),(561,'',146,0,24,146,35,'FF',5,0.00,NULL,NULL,0,0,NULL,1,NULL,'usage',NULL,'',2,13),(562,'',146,0,24,146,0,'FF',9,0.00,NULL,NULL,0,0,NULL,4,NULL,'Current:',NULL,'',2,14),(563,'',146,0,24,146,0,'FF',9,0.00,NULL,NULL,0,0,NULL,1,NULL,'Average:',NULL,'',2,15),(564,'',146,0,24,146,0,'FF',9,0.00,NULL,NULL,0,0,NULL,3,NULL,'Maximum:',NULL,'on',2,16),(565,'',148,0,24,148,25,'FF',5,0.00,NULL,NULL,0,0,NULL,1,NULL,'usage',NULL,'',2,17),(566,'',148,0,24,148,0,'FF',9,0.00,NULL,NULL,0,0,NULL,4,NULL,'Current:',NULL,'',2,18),(567,'',148,0,24,148,0,'FF',9,0.00,NULL,NULL,0,0,NULL,1,NULL,'Average:',NULL,'',2,19),(568,'',148,0,24,148,0,'FF',9,0.00,NULL,NULL,0,0,NULL,3,NULL,'Maximum:',NULL,'on',2,20),(569,'',150,0,24,150,7,'FF',5,0.00,NULL,NULL,0,0,NULL,1,NULL,'usage',NULL,'',2,21),(570,'',150,0,24,150,0,'FF',9,0.00,NULL,NULL,0,0,NULL,4,NULL,'Current:',NULL,'',2,22),(571,'',150,0,24,150,0,'FF',9,0.00,NULL,NULL,0,0,NULL,1,NULL,'Average:',NULL,'',2,23),(572,'',150,0,24,150,0,'FF',9,0.00,NULL,NULL,0,0,NULL,3,NULL,'Maximum:',NULL,'on',2,24),(573,'',152,0,24,152,8,'FF',5,0.00,NULL,NULL,0,0,NULL,1,NULL,'usage',NULL,'',2,25),(574,'',152,0,24,152,0,'FF',9,0.00,NULL,NULL,0,0,NULL,4,NULL,'Current:',NULL,'',2,26),(575,'',152,0,24,152,0,'FF',9,0.00,NULL,NULL,0,0,NULL,1,NULL,'Average:',NULL,'',2,27),(576,'',152,0,24,152,0,'FF',9,0.00,NULL,NULL,0,0,NULL,3,NULL,'Maximum:',NULL,'on',2,28),(577,'',154,0,24,154,20,'FF',5,0.00,NULL,NULL,0,0,NULL,1,NULL,'usage',NULL,'',2,29),(578,'',154,0,24,154,0,'FF',9,0.00,NULL,NULL,0,0,NULL,4,NULL,'Current:',NULL,'',2,30),(579,'',154,0,24,154,0,'FF',9,0.00,NULL,NULL,0,0,NULL,1,NULL,'Average:',NULL,'',2,31),(580,'',154,0,24,154,0,'FF',9,0.00,NULL,NULL,0,0,NULL,3,NULL,'Maximum:',NULL,'on',2,32),(581,'',156,0,24,156,13,'FF',5,0.00,NULL,NULL,0,0,NULL,1,NULL,'usage',NULL,'',2,33),(582,'',156,0,24,156,0,'FF',9,0.00,NULL,NULL,0,0,NULL,4,NULL,'Current:',NULL,'',2,34),(583,'',156,0,24,156,0,'FF',9,0.00,NULL,NULL,0,0,NULL,1,NULL,'Average:',NULL,'',2,35),(584,'',156,0,24,156,0,'FF',9,0.00,NULL,NULL,0,0,NULL,3,NULL,'Maximum:',NULL,'on',2,36),(585,'',158,0,24,158,14,'FF',5,0.00,NULL,NULL,0,0,NULL,1,NULL,'usage',NULL,'',2,37),(586,'',158,0,24,158,0,'FF',9,0.00,NULL,NULL,0,0,NULL,4,NULL,'Current:',NULL,'',2,38),(587,'',158,0,24,158,0,'FF',9,0.00,NULL,NULL,0,0,NULL,1,NULL,'Average:',NULL,'',2,39),(588,'',158,0,24,158,0,'FF',9,0.00,NULL,NULL,0,0,NULL,3,NULL,'Maximum:',NULL,'on',2,40),(589,'',140,0,25,140,10,'FF',5,0.00,NULL,NULL,0,0,NULL,1,NULL,'usage',NULL,'',2,1),(590,'',140,0,25,140,0,'FF',9,0.00,NULL,NULL,0,0,NULL,4,NULL,'Current:',NULL,'',2,2),(591,'',140,0,25,140,0,'FF',9,0.00,NULL,NULL,0,0,NULL,1,NULL,'Average:',NULL,'',2,3),(592,'',140,0,25,140,0,'FF',9,0.00,NULL,NULL,0,0,NULL,3,NULL,'Maximum:',NULL,'on',2,4),(593,'',142,0,25,142,48,'FF',5,0.00,NULL,NULL,0,0,NULL,1,NULL,'usage',NULL,'',2,5),(594,'',142,0,25,142,0,'FF',9,0.00,NULL,NULL,0,0,NULL,4,NULL,'Current:',NULL,'',2,6),(595,'',142,0,25,142,0,'FF',9,0.00,NULL,NULL,0,0,NULL,1,NULL,'Average:',NULL,'',2,7),(596,'',142,0,25,142,0,'FF',9,0.00,NULL,NULL,0,0,NULL,3,NULL,'Maximum:',NULL,'on',2,8),(597,'',144,0,25,144,93,'FF',5,0.00,NULL,NULL,0,0,NULL,1,NULL,'usage',NULL,'',2,9),(598,'',144,0,25,144,0,'FF',9,0.00,NULL,NULL,0,0,NULL,4,NULL,'Current:',NULL,'',2,10),(599,'',144,0,25,144,0,'FF',9,0.00,NULL,NULL,0,0,NULL,1,NULL,'Average:',NULL,'',2,11),(600,'',144,0,25,144,0,'FF',9,0.00,NULL,NULL,0,0,NULL,3,NULL,'Maximum:',NULL,'on',2,12),(601,'',146,0,25,146,35,'FF',5,0.00,NULL,NULL,0,0,NULL,1,NULL,'usage',NULL,'',2,13),(602,'',146,0,25,146,0,'FF',9,0.00,NULL,NULL,0,0,NULL,4,NULL,'Current:',NULL,'',2,14),(603,'',146,0,25,146,0,'FF',9,0.00,NULL,NULL,0,0,NULL,1,NULL,'Average:',NULL,'',2,15),(604,'',146,0,25,146,0,'FF',9,0.00,NULL,NULL,0,0,NULL,3,NULL,'Maximum:',NULL,'on',2,16),(605,'',148,0,25,148,25,'FF',5,0.00,NULL,NULL,0,0,NULL,1,NULL,'usage',NULL,'',2,17),(606,'',148,0,25,148,0,'FF',9,0.00,NULL,NULL,0,0,NULL,4,NULL,'Current:',NULL,'',2,18),(607,'',148,0,25,148,0,'FF',9,0.00,NULL,NULL,0,0,NULL,1,NULL,'Average:',NULL,'',2,19),(608,'',148,0,25,148,0,'FF',9,0.00,NULL,NULL,0,0,NULL,3,NULL,'Maximum:',NULL,'on',2,20),(609,'',150,0,25,150,7,'FF',5,0.00,NULL,NULL,0,0,NULL,1,NULL,'usage',NULL,'',2,21),(610,'',150,0,25,150,0,'FF',9,0.00,NULL,NULL,0,0,NULL,4,NULL,'Current:',NULL,'',2,22),(611,'',150,0,25,150,0,'FF',9,0.00,NULL,NULL,0,0,NULL,1,NULL,'Average:',NULL,'',2,23),(612,'',150,0,25,150,0,'FF',9,0.00,NULL,NULL,0,0,NULL,3,NULL,'Maximum:',NULL,'on',2,24),(613,'',152,0,25,152,8,'FF',5,0.00,NULL,NULL,0,0,NULL,1,NULL,'usage',NULL,'',2,25),(614,'',152,0,25,152,0,'FF',9,0.00,NULL,NULL,0,0,NULL,4,NULL,'Current:',NULL,'',2,26),(615,'',152,0,25,152,0,'FF',9,0.00,NULL,NULL,0,0,NULL,1,NULL,'Average:',NULL,'',2,27),(616,'',152,0,25,152,0,'FF',9,0.00,NULL,NULL,0,0,NULL,3,NULL,'Maximum:',NULL,'on',2,28),(617,'',154,0,25,154,20,'FF',5,0.00,NULL,NULL,0,0,NULL,1,NULL,'usage',NULL,'',2,29),(618,'',154,0,25,154,0,'FF',9,0.00,NULL,NULL,0,0,NULL,4,NULL,'Current:',NULL,'',2,30),(619,'',154,0,25,154,0,'FF',9,0.00,NULL,NULL,0,0,NULL,1,NULL,'Average:',NULL,'',2,31),(620,'',154,0,25,154,0,'FF',9,0.00,NULL,NULL,0,0,NULL,3,NULL,'Maximum:',NULL,'on',2,32),(621,'',156,0,25,156,13,'FF',5,0.00,NULL,NULL,0,0,NULL,1,NULL,'usage',NULL,'',2,33),(622,'',156,0,25,156,0,'FF',9,0.00,NULL,NULL,0,0,NULL,4,NULL,'Current:',NULL,'',2,34),(623,'',156,0,25,156,0,'FF',9,0.00,NULL,NULL,0,0,NULL,1,NULL,'Average:',NULL,'',2,35),(624,'',156,0,25,156,0,'FF',9,0.00,NULL,NULL,0,0,NULL,3,NULL,'Maximum:',NULL,'on',2,36),(625,'',158,0,25,158,14,'FF',5,0.00,NULL,NULL,0,0,NULL,1,NULL,'usage',NULL,'',2,37),(626,'',158,0,25,158,0,'FF',9,0.00,NULL,NULL,0,0,NULL,4,NULL,'Current:',NULL,'',2,38),(627,'',158,0,25,158,0,'FF',9,0.00,NULL,NULL,0,0,NULL,1,NULL,'Average:',NULL,'',2,39),(628,'',158,0,25,158,0,'FF',9,0.00,NULL,NULL,0,0,NULL,3,NULL,'Maximum:',NULL,'on',2,40),(629,'',160,0,25,160,16,'FF',5,0.00,NULL,NULL,0,0,NULL,1,NULL,'usage',NULL,'',2,41),(630,'',160,0,25,160,0,'FF',9,0.00,NULL,NULL,0,0,NULL,4,NULL,'Current:',NULL,'',2,42),(631,'',160,0,25,160,0,'FF',9,0.00,NULL,NULL,0,0,NULL,1,NULL,'Average:',NULL,'',2,43),(632,'',160,0,25,160,0,'FF',9,0.00,NULL,NULL,0,0,NULL,3,NULL,'Maximum:',NULL,'on',2,44),(633,'',140,0,26,140,10,'FF',5,0.00,NULL,NULL,0,0,NULL,1,NULL,'usage',NULL,'',2,1),(634,'',140,0,26,140,0,'FF',9,0.00,NULL,NULL,0,0,NULL,4,NULL,'Current:',NULL,'',2,2),(635,'',140,0,26,140,0,'FF',9,0.00,NULL,NULL,0,0,NULL,1,NULL,'Average:',NULL,'',2,3),(636,'',140,0,26,140,0,'FF',9,0.00,NULL,NULL,0,0,NULL,3,NULL,'Maximum:',NULL,'on',2,4),(637,'',142,0,26,142,48,'FF',5,0.00,NULL,NULL,0,0,NULL,1,NULL,'usage',NULL,'',2,5),(638,'',142,0,26,142,0,'FF',9,0.00,NULL,NULL,0,0,NULL,4,NULL,'Current:',NULL,'',2,6),(639,'',142,0,26,142,0,'FF',9,0.00,NULL,NULL,0,0,NULL,1,NULL,'Average:',NULL,'',2,7),(640,'',142,0,26,142,0,'FF',9,0.00,NULL,NULL,0,0,NULL,3,NULL,'Maximum:',NULL,'on',2,8),(641,'',144,0,26,144,93,'FF',5,0.00,NULL,NULL,0,0,NULL,1,NULL,'usage',NULL,'',2,9),(642,'',144,0,26,144,0,'FF',9,0.00,NULL,NULL,0,0,NULL,4,NULL,'Current:',NULL,'',2,10),(643,'',144,0,26,144,0,'FF',9,0.00,NULL,NULL,0,0,NULL,1,NULL,'Average:',NULL,'',2,11),(644,'',144,0,26,144,0,'FF',9,0.00,NULL,NULL,0,0,NULL,3,NULL,'Maximum:',NULL,'on',2,12),(645,'',146,0,26,146,35,'FF',5,0.00,NULL,NULL,0,0,NULL,1,NULL,'usage',NULL,'',2,13),(646,'',146,0,26,146,0,'FF',9,0.00,NULL,NULL,0,0,NULL,4,NULL,'Current:',NULL,'',2,14),(647,'',146,0,26,146,0,'FF',9,0.00,NULL,NULL,0,0,NULL,1,NULL,'Average:',NULL,'',2,15),(648,'',146,0,26,146,0,'FF',9,0.00,NULL,NULL,0,0,NULL,3,NULL,'Maximum:',NULL,'on',2,16),(649,'',148,0,26,148,25,'FF',5,0.00,NULL,NULL,0,0,NULL,1,NULL,'usage',NULL,'',2,17),(650,'',148,0,26,148,0,'FF',9,0.00,NULL,NULL,0,0,NULL,4,NULL,'Current:',NULL,'',2,18),(651,'',148,0,26,148,0,'FF',9,0.00,NULL,NULL,0,0,NULL,1,NULL,'Average:',NULL,'',2,19),(652,'',148,0,26,148,0,'FF',9,0.00,NULL,NULL,0,0,NULL,3,NULL,'Maximum:',NULL,'on',2,20),(653,'',150,0,26,150,7,'FF',5,0.00,NULL,NULL,0,0,NULL,1,NULL,'usage',NULL,'',2,21),(654,'',150,0,26,150,0,'FF',9,0.00,NULL,NULL,0,0,NULL,4,NULL,'Current:',NULL,'',2,22),(655,'',150,0,26,150,0,'FF',9,0.00,NULL,NULL,0,0,NULL,1,NULL,'Average:',NULL,'',2,23),(656,'',150,0,26,150,0,'FF',9,0.00,NULL,NULL,0,0,NULL,3,NULL,'Maximum:',NULL,'on',2,24),(657,'',152,0,26,152,8,'FF',5,0.00,NULL,NULL,0,0,NULL,1,NULL,'usage',NULL,'',2,25),(658,'',152,0,26,152,0,'FF',9,0.00,NULL,NULL,0,0,NULL,4,NULL,'Current:',NULL,'',2,26),(659,'',152,0,26,152,0,'FF',9,0.00,NULL,NULL,0,0,NULL,1,NULL,'Average:',NULL,'',2,27),(660,'',152,0,26,152,0,'FF',9,0.00,NULL,NULL,0,0,NULL,3,NULL,'Maximum:',NULL,'on',2,28),(661,'',154,0,26,154,20,'FF',5,0.00,NULL,NULL,0,0,NULL,1,NULL,'usage',NULL,'',2,29),(662,'',154,0,26,154,0,'FF',9,0.00,NULL,NULL,0,0,NULL,4,NULL,'Current:',NULL,'',2,30),(663,'',154,0,26,154,0,'FF',9,0.00,NULL,NULL,0,0,NULL,1,NULL,'Average:',NULL,'',2,31),(664,'',154,0,26,154,0,'FF',9,0.00,NULL,NULL,0,0,NULL,3,NULL,'Maximum:',NULL,'on',2,32),(665,'',156,0,26,156,13,'FF',5,0.00,NULL,NULL,0,0,NULL,1,NULL,'usage',NULL,'',2,33),(666,'',156,0,26,156,0,'FF',9,0.00,NULL,NULL,0,0,NULL,4,NULL,'Current:',NULL,'',2,34),(667,'',156,0,26,156,0,'FF',9,0.00,NULL,NULL,0,0,NULL,1,NULL,'Average:',NULL,'',2,35),(668,'',156,0,26,156,0,'FF',9,0.00,NULL,NULL,0,0,NULL,3,NULL,'Maximum:',NULL,'on',2,36),(669,'',158,0,26,158,14,'FF',5,0.00,NULL,NULL,0,0,NULL,1,NULL,'usage',NULL,'',2,37),(670,'',158,0,26,158,0,'FF',9,0.00,NULL,NULL,0,0,NULL,4,NULL,'Current:',NULL,'',2,38),(671,'',158,0,26,158,0,'FF',9,0.00,NULL,NULL,0,0,NULL,1,NULL,'Average:',NULL,'',2,39),(672,'',158,0,26,158,0,'FF',9,0.00,NULL,NULL,0,0,NULL,3,NULL,'Maximum:',NULL,'on',2,40),(673,'',160,0,26,160,16,'FF',5,0.00,NULL,NULL,0,0,NULL,1,NULL,'usage',NULL,'',2,41),(674,'',160,0,26,160,0,'FF',9,0.00,NULL,NULL,0,0,NULL,4,NULL,'Current:',NULL,'',2,42),(675,'',160,0,26,160,0,'FF',9,0.00,NULL,NULL,0,0,NULL,1,NULL,'Average:',NULL,'',2,43),(676,'',160,0,26,160,0,'FF',9,0.00,NULL,NULL,0,0,NULL,3,NULL,'Maximum:',NULL,'on',2,44),(677,'',162,0,26,162,6,'FF',5,0.00,NULL,NULL,0,0,NULL,1,NULL,'usage',NULL,'',2,45),(678,'',162,0,26,162,0,'FF',9,0.00,NULL,NULL,0,0,NULL,4,NULL,'Current:',NULL,'',2,46),(679,'',162,0,26,162,0,'FF',9,0.00,NULL,NULL,0,0,NULL,1,NULL,'Average:',NULL,'',2,47),(680,'',162,0,26,162,0,'FF',9,0.00,NULL,NULL,0,0,NULL,3,NULL,'Maximum:',NULL,'on',2,48),(681,'',140,0,27,140,10,'FF',5,0.00,NULL,NULL,0,0,NULL,1,NULL,'usage',NULL,'',2,1),(682,'',140,0,27,140,0,'FF',9,0.00,NULL,NULL,0,0,NULL,4,NULL,'Current:',NULL,'',2,2),(683,'',140,0,27,140,0,'FF',9,0.00,NULL,NULL,0,0,NULL,1,NULL,'Average:',NULL,'',2,3),(684,'',140,0,27,140,0,'FF',9,0.00,NULL,NULL,0,0,NULL,3,NULL,'Maximum:',NULL,'on',2,4),(685,'',142,0,27,142,48,'FF',5,0.00,NULL,NULL,0,0,NULL,1,NULL,'usage',NULL,'',2,5),(686,'',142,0,27,142,0,'FF',9,0.00,NULL,NULL,0,0,NULL,4,NULL,'Current:',NULL,'',2,6),(687,'',142,0,27,142,0,'FF',9,0.00,NULL,NULL,0,0,NULL,1,NULL,'Average:',NULL,'',2,7),(688,'',142,0,27,142,0,'FF',9,0.00,NULL,NULL,0,0,NULL,3,NULL,'Maximum:',NULL,'on',2,8),(689,'',144,0,27,144,93,'FF',5,0.00,NULL,NULL,0,0,NULL,1,NULL,'usage',NULL,'',2,9),(690,'',144,0,27,144,0,'FF',9,0.00,NULL,NULL,0,0,NULL,4,NULL,'Current:',NULL,'',2,10),(691,'',144,0,27,144,0,'FF',9,0.00,NULL,NULL,0,0,NULL,1,NULL,'Average:',NULL,'',2,11),(692,'',144,0,27,144,0,'FF',9,0.00,NULL,NULL,0,0,NULL,3,NULL,'Maximum:',NULL,'on',2,12),(693,'',146,0,27,146,35,'FF',5,0.00,NULL,NULL,0,0,NULL,1,NULL,'usage',NULL,'',2,13),(694,'',146,0,27,146,0,'FF',9,0.00,NULL,NULL,0,0,NULL,4,NULL,'Current:',NULL,'',2,14),(695,'',146,0,27,146,0,'FF',9,0.00,NULL,NULL,0,0,NULL,1,NULL,'Average:',NULL,'',2,15),(696,'',146,0,27,146,0,'FF',9,0.00,NULL,NULL,0,0,NULL,3,NULL,'Maximum:',NULL,'on',2,16),(697,'',148,0,27,148,25,'FF',5,0.00,NULL,NULL,0,0,NULL,1,NULL,'usage',NULL,'',2,17),(698,'',148,0,27,148,0,'FF',9,0.00,NULL,NULL,0,0,NULL,4,NULL,'Current:',NULL,'',2,18),(699,'',148,0,27,148,0,'FF',9,0.00,NULL,NULL,0,0,NULL,1,NULL,'Average:',NULL,'',2,19),(700,'',148,0,27,148,0,'FF',9,0.00,NULL,NULL,0,0,NULL,3,NULL,'Maximum:',NULL,'on',2,20),(701,'',150,0,27,150,7,'FF',5,0.00,NULL,NULL,0,0,NULL,1,NULL,'usage',NULL,'',2,21),(702,'',150,0,27,150,0,'FF',9,0.00,NULL,NULL,0,0,NULL,4,NULL,'Current:',NULL,'',2,22),(703,'',150,0,27,150,0,'FF',9,0.00,NULL,NULL,0,0,NULL,1,NULL,'Average:',NULL,'',2,23),(704,'',150,0,27,150,0,'FF',9,0.00,NULL,NULL,0,0,NULL,3,NULL,'Maximum:',NULL,'on',2,24),(705,'',152,0,27,152,8,'FF',5,0.00,NULL,NULL,0,0,NULL,1,NULL,'usage',NULL,'',2,25),(706,'',152,0,27,152,0,'FF',9,0.00,NULL,NULL,0,0,NULL,4,NULL,'Current:',NULL,'',2,26),(707,'',152,0,27,152,0,'FF',9,0.00,NULL,NULL,0,0,NULL,1,NULL,'Average:',NULL,'',2,27),(708,'',152,0,27,152,0,'FF',9,0.00,NULL,NULL,0,0,NULL,3,NULL,'Maximum:',NULL,'on',2,28),(709,'',154,0,27,154,20,'FF',5,0.00,NULL,NULL,0,0,NULL,1,NULL,'usage',NULL,'',2,29),(710,'',154,0,27,154,0,'FF',9,0.00,NULL,NULL,0,0,NULL,4,NULL,'Current:',NULL,'',2,30),(711,'',154,0,27,154,0,'FF',9,0.00,NULL,NULL,0,0,NULL,1,NULL,'Average:',NULL,'',2,31),(712,'',154,0,27,154,0,'FF',9,0.00,NULL,NULL,0,0,NULL,3,NULL,'Maximum:',NULL,'on',2,32),(713,'',156,0,27,156,13,'FF',5,0.00,NULL,NULL,0,0,NULL,1,NULL,'usage',NULL,'',2,33),(714,'',156,0,27,156,0,'FF',9,0.00,NULL,NULL,0,0,NULL,4,NULL,'Current:',NULL,'',2,34),(715,'',156,0,27,156,0,'FF',9,0.00,NULL,NULL,0,0,NULL,1,NULL,'Average:',NULL,'',2,35),(716,'',156,0,27,156,0,'FF',9,0.00,NULL,NULL,0,0,NULL,3,NULL,'Maximum:',NULL,'on',2,36),(717,'',158,0,27,158,14,'FF',5,0.00,NULL,NULL,0,0,NULL,1,NULL,'usage',NULL,'',2,37),(718,'',158,0,27,158,0,'FF',9,0.00,NULL,NULL,0,0,NULL,4,NULL,'Current:',NULL,'',2,38),(719,'',158,0,27,158,0,'FF',9,0.00,NULL,NULL,0,0,NULL,1,NULL,'Average:',NULL,'',2,39),(720,'',158,0,27,158,0,'FF',9,0.00,NULL,NULL,0,0,NULL,3,NULL,'Maximum:',NULL,'on',2,40),(721,'',160,0,27,160,16,'FF',5,0.00,NULL,NULL,0,0,NULL,1,NULL,'usage',NULL,'',2,41),(722,'',160,0,27,160,0,'FF',9,0.00,NULL,NULL,0,0,NULL,4,NULL,'Current:',NULL,'',2,42),(723,'',160,0,27,160,0,'FF',9,0.00,NULL,NULL,0,0,NULL,1,NULL,'Average:',NULL,'',2,43),(724,'',160,0,27,160,0,'FF',9,0.00,NULL,NULL,0,0,NULL,3,NULL,'Maximum:',NULL,'on',2,44),(725,'',162,0,27,162,6,'FF',5,0.00,NULL,NULL,0,0,NULL,1,NULL,'usage',NULL,'',2,45),(726,'',162,0,27,162,0,'FF',9,0.00,NULL,NULL,0,0,NULL,4,NULL,'Current:',NULL,'',2,46),(727,'',162,0,27,162,0,'FF',9,0.00,NULL,NULL,0,0,NULL,1,NULL,'Average:',NULL,'',2,47),(728,'',162,0,27,162,0,'FF',9,0.00,NULL,NULL,0,0,NULL,3,NULL,'Maximum:',NULL,'on',2,48),(729,'',164,0,27,164,17,'FF',5,0.00,NULL,NULL,0,0,NULL,1,NULL,'usage',NULL,'',2,49),(730,'',164,0,27,164,0,'FF',9,0.00,NULL,NULL,0,0,NULL,4,NULL,'Current:',NULL,'',2,50),(731,'',164,0,27,164,0,'FF',9,0.00,NULL,NULL,0,0,NULL,1,NULL,'Average:',NULL,'',2,51),(732,'',164,0,27,164,0,'FF',9,0.00,NULL,NULL,0,0,NULL,3,NULL,'Maximum:',NULL,'on',2,52),(733,'',140,0,28,140,10,'FF',5,0.00,NULL,NULL,0,0,NULL,1,NULL,'usage',NULL,'',2,1),(734,'',140,0,28,140,0,'FF',9,0.00,NULL,NULL,0,0,NULL,4,NULL,'Current:',NULL,'',2,2),(735,'',140,0,28,140,0,'FF',9,0.00,NULL,NULL,0,0,NULL,1,NULL,'Average:',NULL,'',2,3),(736,'',140,0,28,140,0,'FF',9,0.00,NULL,NULL,0,0,NULL,3,NULL,'Maximum:',NULL,'on',2,4),(737,'',142,0,28,142,48,'FF',5,0.00,NULL,NULL,0,0,NULL,1,NULL,'usage',NULL,'',2,5),(738,'',142,0,28,142,0,'FF',9,0.00,NULL,NULL,0,0,NULL,4,NULL,'Current:',NULL,'',2,6),(739,'',142,0,28,142,0,'FF',9,0.00,NULL,NULL,0,0,NULL,1,NULL,'Average:',NULL,'',2,7),(740,'',142,0,28,142,0,'FF',9,0.00,NULL,NULL,0,0,NULL,3,NULL,'Maximum:',NULL,'on',2,8),(741,'',144,0,28,144,93,'FF',5,0.00,NULL,NULL,0,0,NULL,1,NULL,'usage',NULL,'',2,9),(742,'',144,0,28,144,0,'FF',9,0.00,NULL,NULL,0,0,NULL,4,NULL,'Current:',NULL,'',2,10),(743,'',144,0,28,144,0,'FF',9,0.00,NULL,NULL,0,0,NULL,1,NULL,'Average:',NULL,'',2,11),(744,'',144,0,28,144,0,'FF',9,0.00,NULL,NULL,0,0,NULL,3,NULL,'Maximum:',NULL,'on',2,12),(745,'',146,0,28,146,35,'FF',5,0.00,NULL,NULL,0,0,NULL,1,NULL,'usage',NULL,'',2,13),(746,'',146,0,28,146,0,'FF',9,0.00,NULL,NULL,0,0,NULL,4,NULL,'Current:',NULL,'',2,14),(747,'',146,0,28,146,0,'FF',9,0.00,NULL,NULL,0,0,NULL,1,NULL,'Average:',NULL,'',2,15),(748,'',146,0,28,146,0,'FF',9,0.00,NULL,NULL,0,0,NULL,3,NULL,'Maximum:',NULL,'on',2,16),(749,'',148,0,28,148,25,'FF',5,0.00,NULL,NULL,0,0,NULL,1,NULL,'usage',NULL,'',2,17),(750,'',148,0,28,148,0,'FF',9,0.00,NULL,NULL,0,0,NULL,4,NULL,'Current:',NULL,'',2,18),(751,'',148,0,28,148,0,'FF',9,0.00,NULL,NULL,0,0,NULL,1,NULL,'Average:',NULL,'',2,19),(752,'',148,0,28,148,0,'FF',9,0.00,NULL,NULL,0,0,NULL,3,NULL,'Maximum:',NULL,'on',2,20),(753,'',150,0,28,150,7,'FF',5,0.00,NULL,NULL,0,0,NULL,1,NULL,'usage',NULL,'',2,21),(754,'',150,0,28,150,0,'FF',9,0.00,NULL,NULL,0,0,NULL,4,NULL,'Current:',NULL,'',2,22),(755,'',150,0,28,150,0,'FF',9,0.00,NULL,NULL,0,0,NULL,1,NULL,'Average:',NULL,'',2,23),(756,'',150,0,28,150,0,'FF',9,0.00,NULL,NULL,0,0,NULL,3,NULL,'Maximum:',NULL,'on',2,24),(757,'',152,0,28,152,8,'FF',5,0.00,NULL,NULL,0,0,NULL,1,NULL,'usage',NULL,'',2,25),(758,'',152,0,28,152,0,'FF',9,0.00,NULL,NULL,0,0,NULL,4,NULL,'Current:',NULL,'',2,26),(759,'',152,0,28,152,0,'FF',9,0.00,NULL,NULL,0,0,NULL,1,NULL,'Average:',NULL,'',2,27),(760,'',152,0,28,152,0,'FF',9,0.00,NULL,NULL,0,0,NULL,3,NULL,'Maximum:',NULL,'on',2,28),(761,'',154,0,28,154,20,'FF',5,0.00,NULL,NULL,0,0,NULL,1,NULL,'usage',NULL,'',2,29),(762,'',154,0,28,154,0,'FF',9,0.00,NULL,NULL,0,0,NULL,4,NULL,'Current:',NULL,'',2,30),(763,'',154,0,28,154,0,'FF',9,0.00,NULL,NULL,0,0,NULL,1,NULL,'Average:',NULL,'',2,31),(764,'',154,0,28,154,0,'FF',9,0.00,NULL,NULL,0,0,NULL,3,NULL,'Maximum:',NULL,'on',2,32),(765,'',156,0,28,156,13,'FF',5,0.00,NULL,NULL,0,0,NULL,1,NULL,'usage',NULL,'',2,33),(766,'',156,0,28,156,0,'FF',9,0.00,NULL,NULL,0,0,NULL,4,NULL,'Current:',NULL,'',2,34),(767,'',156,0,28,156,0,'FF',9,0.00,NULL,NULL,0,0,NULL,1,NULL,'Average:',NULL,'',2,35),(768,'',156,0,28,156,0,'FF',9,0.00,NULL,NULL,0,0,NULL,3,NULL,'Maximum:',NULL,'on',2,36),(769,'',158,0,28,158,14,'FF',5,0.00,NULL,NULL,0,0,NULL,1,NULL,'usage',NULL,'',2,37),(770,'',158,0,28,158,0,'FF',9,0.00,NULL,NULL,0,0,NULL,4,NULL,'Current:',NULL,'',2,38),(771,'',158,0,28,158,0,'FF',9,0.00,NULL,NULL,0,0,NULL,1,NULL,'Average:',NULL,'',2,39),(772,'',158,0,28,158,0,'FF',9,0.00,NULL,NULL,0,0,NULL,3,NULL,'Maximum:',NULL,'on',2,40),(773,'',160,0,28,160,16,'FF',5,0.00,NULL,NULL,0,0,NULL,1,NULL,'usage',NULL,'',2,41),(774,'',160,0,28,160,0,'FF',9,0.00,NULL,NULL,0,0,NULL,4,NULL,'Current:',NULL,'',2,42),(775,'',160,0,28,160,0,'FF',9,0.00,NULL,NULL,0,0,NULL,1,NULL,'Average:',NULL,'',2,43),(776,'',160,0,28,160,0,'FF',9,0.00,NULL,NULL,0,0,NULL,3,NULL,'Maximum:',NULL,'on',2,44),(777,'',162,0,28,162,6,'FF',5,0.00,NULL,NULL,0,0,NULL,1,NULL,'usage',NULL,'',2,45),(778,'',162,0,28,162,0,'FF',9,0.00,NULL,NULL,0,0,NULL,4,NULL,'Current:',NULL,'',2,46),(779,'',162,0,28,162,0,'FF',9,0.00,NULL,NULL,0,0,NULL,1,NULL,'Average:',NULL,'',2,47),(780,'',162,0,28,162,0,'FF',9,0.00,NULL,NULL,0,0,NULL,3,NULL,'Maximum:',NULL,'on',2,48),(781,'',164,0,28,164,17,'FF',5,0.00,NULL,NULL,0,0,NULL,1,NULL,'usage',NULL,'',2,49),(782,'',164,0,28,164,0,'FF',9,0.00,NULL,NULL,0,0,NULL,4,NULL,'Current:',NULL,'',2,50),(783,'',164,0,28,164,0,'FF',9,0.00,NULL,NULL,0,0,NULL,1,NULL,'Average:',NULL,'',2,51),(784,'',164,0,28,164,0,'FF',9,0.00,NULL,NULL,0,0,NULL,3,NULL,'Maximum:',NULL,'on',2,52),(785,'',166,0,28,166,27,'FF',5,0.00,NULL,NULL,0,0,NULL,1,NULL,'usage',NULL,'',2,53),(786,'',166,0,28,166,0,'FF',9,0.00,NULL,NULL,0,0,NULL,4,NULL,'Current:',NULL,'',2,54),(787,'',166,0,28,166,0,'FF',9,0.00,NULL,NULL,0,0,NULL,1,NULL,'Average:',NULL,'',2,55),(788,'',166,0,28,166,0,'FF',9,0.00,NULL,NULL,0,0,NULL,3,NULL,'Maximum:',NULL,'on',2,56),(789,'',140,0,29,140,10,'FF',5,0.00,NULL,NULL,0,0,NULL,1,NULL,'usage',NULL,'',2,1),(790,'',140,0,29,140,0,'FF',9,0.00,NULL,NULL,0,0,NULL,4,NULL,'Current:',NULL,'',2,2),(791,'',140,0,29,140,0,'FF',9,0.00,NULL,NULL,0,0,NULL,1,NULL,'Average:',NULL,'',2,3),(792,'',140,0,29,140,0,'FF',9,0.00,NULL,NULL,0,0,NULL,3,NULL,'Maximum:',NULL,'on',2,4),(793,'',142,0,29,142,48,'FF',5,0.00,NULL,NULL,0,0,NULL,1,NULL,'usage',NULL,'',2,5),(794,'',142,0,29,142,0,'FF',9,0.00,NULL,NULL,0,0,NULL,4,NULL,'Current:',NULL,'',2,6),(795,'',142,0,29,142,0,'FF',9,0.00,NULL,NULL,0,0,NULL,1,NULL,'Average:',NULL,'',2,7),(796,'',142,0,29,142,0,'FF',9,0.00,NULL,NULL,0,0,NULL,3,NULL,'Maximum:',NULL,'on',2,8),(797,'',144,0,29,144,93,'FF',5,0.00,NULL,NULL,0,0,NULL,1,NULL,'usage',NULL,'',2,9),(798,'',144,0,29,144,0,'FF',9,0.00,NULL,NULL,0,0,NULL,4,NULL,'Current:',NULL,'',2,10),(799,'',144,0,29,144,0,'FF',9,0.00,NULL,NULL,0,0,NULL,1,NULL,'Average:',NULL,'',2,11),(800,'',144,0,29,144,0,'FF',9,0.00,NULL,NULL,0,0,NULL,3,NULL,'Maximum:',NULL,'on',2,12),(801,'',146,0,29,146,35,'FF',5,0.00,NULL,NULL,0,0,NULL,1,NULL,'usage',NULL,'',2,13),(802,'',146,0,29,146,0,'FF',9,0.00,NULL,NULL,0,0,NULL,4,NULL,'Current:',NULL,'',2,14),(803,'',146,0,29,146,0,'FF',9,0.00,NULL,NULL,0,0,NULL,1,NULL,'Average:',NULL,'',2,15),(804,'',146,0,29,146,0,'FF',9,0.00,NULL,NULL,0,0,NULL,3,NULL,'Maximum:',NULL,'on',2,16),(805,'',148,0,29,148,25,'FF',5,0.00,NULL,NULL,0,0,NULL,1,NULL,'usage',NULL,'',2,17),(806,'',148,0,29,148,0,'FF',9,0.00,NULL,NULL,0,0,NULL,4,NULL,'Current:',NULL,'',2,18),(807,'',148,0,29,148,0,'FF',9,0.00,NULL,NULL,0,0,NULL,1,NULL,'Average:',NULL,'',2,19),(808,'',148,0,29,148,0,'FF',9,0.00,NULL,NULL,0,0,NULL,3,NULL,'Maximum:',NULL,'on',2,20),(809,'',150,0,29,150,7,'FF',5,0.00,NULL,NULL,0,0,NULL,1,NULL,'usage',NULL,'',2,21),(810,'',150,0,29,150,0,'FF',9,0.00,NULL,NULL,0,0,NULL,4,NULL,'Current:',NULL,'',2,22),(811,'',150,0,29,150,0,'FF',9,0.00,NULL,NULL,0,0,NULL,1,NULL,'Average:',NULL,'',2,23),(812,'',150,0,29,150,0,'FF',9,0.00,NULL,NULL,0,0,NULL,3,NULL,'Maximum:',NULL,'on',2,24),(813,'',152,0,29,152,8,'FF',5,0.00,NULL,NULL,0,0,NULL,1,NULL,'usage',NULL,'',2,25),(814,'',152,0,29,152,0,'FF',9,0.00,NULL,NULL,0,0,NULL,4,NULL,'Current:',NULL,'',2,26),(815,'',152,0,29,152,0,'FF',9,0.00,NULL,NULL,0,0,NULL,1,NULL,'Average:',NULL,'',2,27),(816,'',152,0,29,152,0,'FF',9,0.00,NULL,NULL,0,0,NULL,3,NULL,'Maximum:',NULL,'on',2,28),(817,'',154,0,29,154,20,'FF',5,0.00,NULL,NULL,0,0,NULL,1,NULL,'usage',NULL,'',2,29),(818,'',154,0,29,154,0,'FF',9,0.00,NULL,NULL,0,0,NULL,4,NULL,'Current:',NULL,'',2,30),(819,'',154,0,29,154,0,'FF',9,0.00,NULL,NULL,0,0,NULL,1,NULL,'Average:',NULL,'',2,31),(820,'',154,0,29,154,0,'FF',9,0.00,NULL,NULL,0,0,NULL,3,NULL,'Maximum:',NULL,'on',2,32),(821,'',156,0,29,156,13,'FF',5,0.00,NULL,NULL,0,0,NULL,1,NULL,'usage',NULL,'',2,33),(822,'',156,0,29,156,0,'FF',9,0.00,NULL,NULL,0,0,NULL,4,NULL,'Current:',NULL,'',2,34),(823,'',156,0,29,156,0,'FF',9,0.00,NULL,NULL,0,0,NULL,1,NULL,'Average:',NULL,'',2,35),(824,'',156,0,29,156,0,'FF',9,0.00,NULL,NULL,0,0,NULL,3,NULL,'Maximum:',NULL,'on',2,36),(825,'',158,0,29,158,14,'FF',5,0.00,NULL,NULL,0,0,NULL,1,NULL,'usage',NULL,'',2,37),(826,'',158,0,29,158,0,'FF',9,0.00,NULL,NULL,0,0,NULL,4,NULL,'Current:',NULL,'',2,38),(827,'',158,0,29,158,0,'FF',9,0.00,NULL,NULL,0,0,NULL,1,NULL,'Average:',NULL,'',2,39),(828,'',158,0,29,158,0,'FF',9,0.00,NULL,NULL,0,0,NULL,3,NULL,'Maximum:',NULL,'on',2,40),(829,'',160,0,29,160,16,'FF',5,0.00,NULL,NULL,0,0,NULL,1,NULL,'usage',NULL,'',2,41),(830,'',160,0,29,160,0,'FF',9,0.00,NULL,NULL,0,0,NULL,4,NULL,'Current:',NULL,'',2,42),(831,'',160,0,29,160,0,'FF',9,0.00,NULL,NULL,0,0,NULL,1,NULL,'Average:',NULL,'',2,43),(832,'',160,0,29,160,0,'FF',9,0.00,NULL,NULL,0,0,NULL,3,NULL,'Maximum:',NULL,'on',2,44),(833,'',162,0,29,162,6,'FF',5,0.00,NULL,NULL,0,0,NULL,1,NULL,'usage',NULL,'',2,45),(834,'',162,0,29,162,0,'FF',9,0.00,NULL,NULL,0,0,NULL,4,NULL,'Current:',NULL,'',2,46),(835,'',162,0,29,162,0,'FF',9,0.00,NULL,NULL,0,0,NULL,1,NULL,'Average:',NULL,'',2,47),(836,'',162,0,29,162,0,'FF',9,0.00,NULL,NULL,0,0,NULL,3,NULL,'Maximum:',NULL,'on',2,48),(837,'',164,0,29,164,17,'FF',5,0.00,NULL,NULL,0,0,NULL,1,NULL,'usage',NULL,'',2,49),(838,'',164,0,29,164,0,'FF',9,0.00,NULL,NULL,0,0,NULL,4,NULL,'Current:',NULL,'',2,50),(839,'',164,0,29,164,0,'FF',9,0.00,NULL,NULL,0,0,NULL,1,NULL,'Average:',NULL,'',2,51),(840,'',164,0,29,164,0,'FF',9,0.00,NULL,NULL,0,0,NULL,3,NULL,'Maximum:',NULL,'on',2,52),(841,'',166,0,29,166,27,'FF',5,0.00,NULL,NULL,0,0,NULL,1,NULL,'usage',NULL,'',2,53),(842,'',166,0,29,166,0,'FF',9,0.00,NULL,NULL,0,0,NULL,4,NULL,'Current:',NULL,'',2,54),(843,'',166,0,29,166,0,'FF',9,0.00,NULL,NULL,0,0,NULL,1,NULL,'Average:',NULL,'',2,55),(844,'',166,0,29,166,0,'FF',9,0.00,NULL,NULL,0,0,NULL,3,NULL,'Maximum:',NULL,'on',2,56),(845,'',168,0,29,168,56,'FF',5,0.00,NULL,NULL,0,0,NULL,1,NULL,'usage',NULL,'',2,57),(846,'',168,0,29,168,0,'FF',9,0.00,NULL,NULL,0,0,NULL,4,NULL,'Current:',NULL,'',2,58),(847,'',168,0,29,168,0,'FF',9,0.00,NULL,NULL,0,0,NULL,1,NULL,'Average:',NULL,'',2,59),(848,'',168,0,29,168,0,'FF',9,0.00,NULL,NULL,0,0,NULL,3,NULL,'Maximum:',NULL,'on',2,60),(849,'',170,0,30,170,10,'FF',4,0.00,NULL,NULL,0,0,NULL,1,NULL,'pct',NULL,'',2,1),(850,'',170,0,30,170,0,'FF',9,0.00,NULL,NULL,0,0,NULL,4,NULL,'Current:',NULL,'',2,2),(851,'',170,0,30,170,0,'FF',9,0.00,NULL,NULL,0,0,NULL,1,NULL,'Average:',NULL,'',2,3),(852,'',170,0,30,170,0,'FF',9,0.00,NULL,NULL,0,0,NULL,3,NULL,'Maximum:',NULL,'on',2,4),(853,'',170,0,31,170,10,'FF',4,0.00,NULL,NULL,0,0,NULL,1,NULL,'pct',NULL,'',2,1),(854,'',170,0,31,170,0,'FF',9,0.00,NULL,NULL,0,0,NULL,4,NULL,'Current:',NULL,'',2,2),(855,'',170,0,31,170,0,'FF',9,0.00,NULL,NULL,0,0,NULL,1,NULL,'Average:',NULL,'',2,3),(856,'',170,0,31,170,0,'FF',9,0.00,NULL,NULL,0,0,NULL,3,NULL,'Maximum:',NULL,'on',2,4),(857,'',172,0,31,172,48,'FF',4,0.00,NULL,NULL,0,0,NULL,1,NULL,'pct',NULL,'',2,5),(858,'',172,0,31,172,0,'FF',9,0.00,NULL,NULL,0,0,NULL,4,NULL,'Current:',NULL,'',2,6),(859,'',172,0,31,172,0,'FF',9,0.00,NULL,NULL,0,0,NULL,1,NULL,'Average:',NULL,'',2,7),(860,'',172,0,31,172,0,'FF',9,0.00,NULL,NULL,0,0,NULL,3,NULL,'Maximum:',NULL,'on',2,8),(861,'',170,0,32,170,10,'FF',4,0.00,NULL,NULL,0,0,NULL,1,NULL,'pct',NULL,'',2,1),(862,'',170,0,32,170,0,'FF',9,0.00,NULL,NULL,0,0,NULL,4,NULL,'Current:',NULL,'',2,2),(863,'',170,0,32,170,0,'FF',9,0.00,NULL,NULL,0,0,NULL,1,NULL,'Average:',NULL,'',2,3),(864,'',170,0,32,170,0,'FF',9,0.00,NULL,NULL,0,0,NULL,3,NULL,'Maximum:',NULL,'on',2,4),(865,'',172,0,32,172,48,'FF',4,0.00,NULL,NULL,0,0,NULL,1,NULL,'pct',NULL,'',2,5),(866,'',172,0,32,172,0,'FF',9,0.00,NULL,NULL,0,0,NULL,4,NULL,'Current:',NULL,'',2,6),(867,'',172,0,32,172,0,'FF',9,0.00,NULL,NULL,0,0,NULL,1,NULL,'Average:',NULL,'',2,7),(868,'',172,0,32,172,0,'FF',9,0.00,NULL,NULL,0,0,NULL,3,NULL,'Maximum:',NULL,'on',2,8),(869,'',174,0,32,174,93,'FF',4,0.00,NULL,NULL,0,0,NULL,1,NULL,'pct',NULL,'',2,9),(870,'',174,0,32,174,0,'FF',9,0.00,NULL,NULL,0,0,NULL,4,NULL,'Current:',NULL,'',2,10),(871,'',174,0,32,174,0,'FF',9,0.00,NULL,NULL,0,0,NULL,1,NULL,'Average:',NULL,'',2,11),(872,'',174,0,32,174,0,'FF',9,0.00,NULL,NULL,0,0,NULL,3,NULL,'Maximum:',NULL,'on',2,12),(873,'',170,0,33,170,10,'FF',4,0.00,NULL,NULL,0,0,NULL,1,NULL,'pct',NULL,'',2,1),(874,'',170,0,33,170,0,'FF',9,0.00,NULL,NULL,0,0,NULL,4,NULL,'Current:',NULL,'',2,2),(875,'',170,0,33,170,0,'FF',9,0.00,NULL,NULL,0,0,NULL,1,NULL,'Average:',NULL,'',2,3),(876,'',170,0,33,170,0,'FF',9,0.00,NULL,NULL,0,0,NULL,3,NULL,'Maximum:',NULL,'on',2,4),(877,'',172,0,33,172,48,'FF',4,0.00,NULL,NULL,0,0,NULL,1,NULL,'pct',NULL,'',2,5),(878,'',172,0,33,172,0,'FF',9,0.00,NULL,NULL,0,0,NULL,4,NULL,'Current:',NULL,'',2,6),(879,'',172,0,33,172,0,'FF',9,0.00,NULL,NULL,0,0,NULL,1,NULL,'Average:',NULL,'',2,7),(880,'',172,0,33,172,0,'FF',9,0.00,NULL,NULL,0,0,NULL,3,NULL,'Maximum:',NULL,'on',2,8),(881,'',174,0,33,174,93,'FF',4,0.00,NULL,NULL,0,0,NULL,1,NULL,'pct',NULL,'',2,9),(882,'',174,0,33,174,0,'FF',9,0.00,NULL,NULL,0,0,NULL,4,NULL,'Current:',NULL,'',2,10),(883,'',174,0,33,174,0,'FF',9,0.00,NULL,NULL,0,0,NULL,1,NULL,'Average:',NULL,'',2,11),(884,'',174,0,33,174,0,'FF',9,0.00,NULL,NULL,0,0,NULL,3,NULL,'Maximum:',NULL,'on',2,12),(885,'',176,0,33,176,35,'FF',4,0.00,NULL,NULL,0,0,NULL,1,NULL,'pct',NULL,'',2,13),(886,'',176,0,33,176,0,'FF',9,0.00,NULL,NULL,0,0,NULL,4,NULL,'Current:',NULL,'',2,14),(887,'',176,0,33,176,0,'FF',9,0.00,NULL,NULL,0,0,NULL,1,NULL,'Average:',NULL,'',2,15),(888,'',176,0,33,176,0,'FF',9,0.00,NULL,NULL,0,0,NULL,3,NULL,'Maximum:',NULL,'on',2,16),(889,'',170,0,34,170,10,'FF',4,0.00,NULL,NULL,0,0,NULL,1,NULL,'pct',NULL,'',2,1),(890,'',170,0,34,170,0,'FF',9,0.00,NULL,NULL,0,0,NULL,4,NULL,'Current:',NULL,'',2,2),(891,'',170,0,34,170,0,'FF',9,0.00,NULL,NULL,0,0,NULL,1,NULL,'Average:',NULL,'',2,3),(892,'',170,0,34,170,0,'FF',9,0.00,NULL,NULL,0,0,NULL,3,NULL,'Maximum:',NULL,'on',2,4),(893,'',172,0,34,172,48,'FF',4,0.00,NULL,NULL,0,0,NULL,1,NULL,'pct',NULL,'',2,5),(894,'',172,0,34,172,0,'FF',9,0.00,NULL,NULL,0,0,NULL,4,NULL,'Current:',NULL,'',2,6),(895,'',172,0,34,172,0,'FF',9,0.00,NULL,NULL,0,0,NULL,1,NULL,'Average:',NULL,'',2,7),(896,'',172,0,34,172,0,'FF',9,0.00,NULL,NULL,0,0,NULL,3,NULL,'Maximum:',NULL,'on',2,8),(897,'',174,0,34,174,93,'FF',4,0.00,NULL,NULL,0,0,NULL,1,NULL,'pct',NULL,'',2,9),(898,'',174,0,34,174,0,'FF',9,0.00,NULL,NULL,0,0,NULL,4,NULL,'Current:',NULL,'',2,10),(899,'',174,0,34,174,0,'FF',9,0.00,NULL,NULL,0,0,NULL,1,NULL,'Average:',NULL,'',2,11),(900,'',174,0,34,174,0,'FF',9,0.00,NULL,NULL,0,0,NULL,3,NULL,'Maximum:',NULL,'on',2,12),(901,'',176,0,34,176,35,'FF',4,0.00,NULL,NULL,0,0,NULL,1,NULL,'pct',NULL,'',2,13),(902,'',176,0,34,176,0,'FF',9,0.00,NULL,NULL,0,0,NULL,4,NULL,'Current:',NULL,'',2,14),(903,'',176,0,34,176,0,'FF',9,0.00,NULL,NULL,0,0,NULL,1,NULL,'Average:',NULL,'',2,15),(904,'',176,0,34,176,0,'FF',9,0.00,NULL,NULL,0,0,NULL,3,NULL,'Maximum:',NULL,'on',2,16),(905,'',178,0,34,178,25,'FF',4,0.00,NULL,NULL,0,0,NULL,1,NULL,'pct',NULL,'',2,17),(906,'',178,0,34,178,0,'FF',9,0.00,NULL,NULL,0,0,NULL,4,NULL,'Current:',NULL,'',2,18),(907,'',178,0,34,178,0,'FF',9,0.00,NULL,NULL,0,0,NULL,1,NULL,'Average:',NULL,'',2,19),(908,'',178,0,34,178,0,'FF',9,0.00,NULL,NULL,0,0,NULL,3,NULL,'Maximum:',NULL,'on',2,20),(909,'',170,0,35,170,10,'FF',4,0.00,NULL,NULL,0,0,NULL,1,NULL,'pct',NULL,'',2,1),(910,'',170,0,35,170,0,'FF',9,0.00,NULL,NULL,0,0,NULL,4,NULL,'Current:',NULL,'',2,2),(911,'',170,0,35,170,0,'FF',9,0.00,NULL,NULL,0,0,NULL,1,NULL,'Average:',NULL,'',2,3),(912,'',170,0,35,170,0,'FF',9,0.00,NULL,NULL,0,0,NULL,3,NULL,'Maximum:',NULL,'on',2,4),(913,'',172,0,35,172,48,'FF',4,0.00,NULL,NULL,0,0,NULL,1,NULL,'pct',NULL,'',2,5),(914,'',172,0,35,172,0,'FF',9,0.00,NULL,NULL,0,0,NULL,4,NULL,'Current:',NULL,'',2,6),(915,'',172,0,35,172,0,'FF',9,0.00,NULL,NULL,0,0,NULL,1,NULL,'Average:',NULL,'',2,7),(916,'',172,0,35,172,0,'FF',9,0.00,NULL,NULL,0,0,NULL,3,NULL,'Maximum:',NULL,'on',2,8),(917,'',174,0,35,174,93,'FF',4,0.00,NULL,NULL,0,0,NULL,1,NULL,'pct',NULL,'',2,9),(918,'',174,0,35,174,0,'FF',9,0.00,NULL,NULL,0,0,NULL,4,NULL,'Current:',NULL,'',2,10),(919,'',174,0,35,174,0,'FF',9,0.00,NULL,NULL,0,0,NULL,1,NULL,'Average:',NULL,'',2,11),(920,'',174,0,35,174,0,'FF',9,0.00,NULL,NULL,0,0,NULL,3,NULL,'Maximum:',NULL,'on',2,12),(921,'',176,0,35,176,35,'FF',4,0.00,NULL,NULL,0,0,NULL,1,NULL,'pct',NULL,'',2,13),(922,'',176,0,35,176,0,'FF',9,0.00,NULL,NULL,0,0,NULL,4,NULL,'Current:',NULL,'',2,14),(923,'',176,0,35,176,0,'FF',9,0.00,NULL,NULL,0,0,NULL,1,NULL,'Average:',NULL,'',2,15),(924,'',176,0,35,176,0,'FF',9,0.00,NULL,NULL,0,0,NULL,3,NULL,'Maximum:',NULL,'on',2,16),(925,'',178,0,35,178,25,'FF',4,0.00,NULL,NULL,0,0,NULL,1,NULL,'pct',NULL,'',2,17),(926,'',178,0,35,178,0,'FF',9,0.00,NULL,NULL,0,0,NULL,4,NULL,'Current:',NULL,'',2,18),(927,'',178,0,35,178,0,'FF',9,0.00,NULL,NULL,0,0,NULL,1,NULL,'Average:',NULL,'',2,19),(928,'',178,0,35,178,0,'FF',9,0.00,NULL,NULL,0,0,NULL,3,NULL,'Maximum:',NULL,'on',2,20),(929,'',180,0,35,180,7,'FF',4,0.00,NULL,NULL,0,0,NULL,1,NULL,'pct',NULL,'',2,21),(930,'',180,0,35,180,0,'FF',9,0.00,NULL,NULL,0,0,NULL,4,NULL,'Current:',NULL,'',2,22),(931,'',180,0,35,180,0,'FF',9,0.00,NULL,NULL,0,0,NULL,1,NULL,'Average:',NULL,'',2,23),(932,'',180,0,35,180,0,'FF',9,0.00,NULL,NULL,0,0,NULL,3,NULL,'Maximum:',NULL,'on',2,24),(933,'',170,0,36,170,10,'FF',4,0.00,NULL,NULL,0,0,NULL,1,NULL,'pct',NULL,'',2,1),(934,'',170,0,36,170,0,'FF',9,0.00,NULL,NULL,0,0,NULL,4,NULL,'Current:',NULL,'',2,2),(935,'',170,0,36,170,0,'FF',9,0.00,NULL,NULL,0,0,NULL,1,NULL,'Average:',NULL,'',2,3),(936,'',170,0,36,170,0,'FF',9,0.00,NULL,NULL,0,0,NULL,3,NULL,'Maximum:',NULL,'on',2,4),(937,'',172,0,36,172,48,'FF',4,0.00,NULL,NULL,0,0,NULL,1,NULL,'pct',NULL,'',2,5),(938,'',172,0,36,172,0,'FF',9,0.00,NULL,NULL,0,0,NULL,4,NULL,'Current:',NULL,'',2,6),(939,'',172,0,36,172,0,'FF',9,0.00,NULL,NULL,0,0,NULL,1,NULL,'Average:',NULL,'',2,7),(940,'',172,0,36,172,0,'FF',9,0.00,NULL,NULL,0,0,NULL,3,NULL,'Maximum:',NULL,'on',2,8),(941,'',174,0,36,174,93,'FF',4,0.00,NULL,NULL,0,0,NULL,1,NULL,'pct',NULL,'',2,9),(942,'',174,0,36,174,0,'FF',9,0.00,NULL,NULL,0,0,NULL,4,NULL,'Current:',NULL,'',2,10),(943,'',174,0,36,174,0,'FF',9,0.00,NULL,NULL,0,0,NULL,1,NULL,'Average:',NULL,'',2,11),(944,'',174,0,36,174,0,'FF',9,0.00,NULL,NULL,0,0,NULL,3,NULL,'Maximum:',NULL,'on',2,12),(945,'',176,0,36,176,35,'FF',4,0.00,NULL,NULL,0,0,NULL,1,NULL,'pct',NULL,'',2,13),(946,'',176,0,36,176,0,'FF',9,0.00,NULL,NULL,0,0,NULL,4,NULL,'Current:',NULL,'',2,14),(947,'',176,0,36,176,0,'FF',9,0.00,NULL,NULL,0,0,NULL,1,NULL,'Average:',NULL,'',2,15),(948,'',176,0,36,176,0,'FF',9,0.00,NULL,NULL,0,0,NULL,3,NULL,'Maximum:',NULL,'on',2,16),(949,'',178,0,36,178,25,'FF',4,0.00,NULL,NULL,0,0,NULL,1,NULL,'pct',NULL,'',2,17),(950,'',178,0,36,178,0,'FF',9,0.00,NULL,NULL,0,0,NULL,4,NULL,'Current:',NULL,'',2,18),(951,'',178,0,36,178,0,'FF',9,0.00,NULL,NULL,0,0,NULL,1,NULL,'Average:',NULL,'',2,19),(952,'',178,0,36,178,0,'FF',9,0.00,NULL,NULL,0,0,NULL,3,NULL,'Maximum:',NULL,'on',2,20),(953,'',180,0,36,180,7,'FF',4,0.00,NULL,NULL,0,0,NULL,1,NULL,'pct',NULL,'',2,21),(954,'',180,0,36,180,0,'FF',9,0.00,NULL,NULL,0,0,NULL,4,NULL,'Current:',NULL,'',2,22),(955,'',180,0,36,180,0,'FF',9,0.00,NULL,NULL,0,0,NULL,1,NULL,'Average:',NULL,'',2,23),(956,'',180,0,36,180,0,'FF',9,0.00,NULL,NULL,0,0,NULL,3,NULL,'Maximum:',NULL,'on',2,24),(957,'',182,0,36,182,8,'FF',4,0.00,NULL,NULL,0,0,NULL,1,NULL,'pct',NULL,'',2,25),(958,'',182,0,36,182,0,'FF',9,0.00,NULL,NULL,0,0,NULL,4,NULL,'Current:',NULL,'',2,26),(959,'',182,0,36,182,0,'FF',9,0.00,NULL,NULL,0,0,NULL,1,NULL,'Average:',NULL,'',2,27),(960,'',182,0,36,182,0,'FF',9,0.00,NULL,NULL,0,0,NULL,3,NULL,'Maximum:',NULL,'on',2,28),(961,'',170,0,37,170,10,'FF',4,0.00,NULL,NULL,0,0,NULL,1,NULL,'pct',NULL,'',2,1),(962,'',170,0,37,170,0,'FF',9,0.00,NULL,NULL,0,0,NULL,4,NULL,'Current:',NULL,'',2,2),(963,'',170,0,37,170,0,'FF',9,0.00,NULL,NULL,0,0,NULL,1,NULL,'Average:',NULL,'',2,3),(964,'',170,0,37,170,0,'FF',9,0.00,NULL,NULL,0,0,NULL,3,NULL,'Maximum:',NULL,'on',2,4),(965,'',172,0,37,172,48,'FF',4,0.00,NULL,NULL,0,0,NULL,1,NULL,'pct',NULL,'',2,5),(966,'',172,0,37,172,0,'FF',9,0.00,NULL,NULL,0,0,NULL,4,NULL,'Current:',NULL,'',2,6),(967,'',172,0,37,172,0,'FF',9,0.00,NULL,NULL,0,0,NULL,1,NULL,'Average:',NULL,'',2,7),(968,'',172,0,37,172,0,'FF',9,0.00,NULL,NULL,0,0,NULL,3,NULL,'Maximum:',NULL,'on',2,8),(969,'',174,0,37,174,93,'FF',4,0.00,NULL,NULL,0,0,NULL,1,NULL,'pct',NULL,'',2,9),(970,'',174,0,37,174,0,'FF',9,0.00,NULL,NULL,0,0,NULL,4,NULL,'Current:',NULL,'',2,10),(971,'',174,0,37,174,0,'FF',9,0.00,NULL,NULL,0,0,NULL,1,NULL,'Average:',NULL,'',2,11),(972,'',174,0,37,174,0,'FF',9,0.00,NULL,NULL,0,0,NULL,3,NULL,'Maximum:',NULL,'on',2,12),(973,'',176,0,37,176,35,'FF',4,0.00,NULL,NULL,0,0,NULL,1,NULL,'pct',NULL,'',2,13),(974,'',176,0,37,176,0,'FF',9,0.00,NULL,NULL,0,0,NULL,4,NULL,'Current:',NULL,'',2,14),(975,'',176,0,37,176,0,'FF',9,0.00,NULL,NULL,0,0,NULL,1,NULL,'Average:',NULL,'',2,15),(976,'',176,0,37,176,0,'FF',9,0.00,NULL,NULL,0,0,NULL,3,NULL,'Maximum:',NULL,'on',2,16),(977,'',178,0,37,178,25,'FF',4,0.00,NULL,NULL,0,0,NULL,1,NULL,'pct',NULL,'',2,17),(978,'',178,0,37,178,0,'FF',9,0.00,NULL,NULL,0,0,NULL,4,NULL,'Current:',NULL,'',2,18),(979,'',178,0,37,178,0,'FF',9,0.00,NULL,NULL,0,0,NULL,1,NULL,'Average:',NULL,'',2,19),(980,'',178,0,37,178,0,'FF',9,0.00,NULL,NULL,0,0,NULL,3,NULL,'Maximum:',NULL,'on',2,20),(981,'',180,0,37,180,7,'FF',4,0.00,NULL,NULL,0,0,NULL,1,NULL,'pct',NULL,'',2,21),(982,'',180,0,37,180,0,'FF',9,0.00,NULL,NULL,0,0,NULL,4,NULL,'Current:',NULL,'',2,22),(983,'',180,0,37,180,0,'FF',9,0.00,NULL,NULL,0,0,NULL,1,NULL,'Average:',NULL,'',2,23),(984,'',180,0,37,180,0,'FF',9,0.00,NULL,NULL,0,0,NULL,3,NULL,'Maximum:',NULL,'on',2,24),(985,'',182,0,37,182,8,'FF',4,0.00,NULL,NULL,0,0,NULL,1,NULL,'pct',NULL,'',2,25),(986,'',182,0,37,182,0,'FF',9,0.00,NULL,NULL,0,0,NULL,4,NULL,'Current:',NULL,'',2,26),(987,'',182,0,37,182,0,'FF',9,0.00,NULL,NULL,0,0,NULL,1,NULL,'Average:',NULL,'',2,27),(988,'',182,0,37,182,0,'FF',9,0.00,NULL,NULL,0,0,NULL,3,NULL,'Maximum:',NULL,'on',2,28),(989,'',184,0,37,184,20,'FF',4,0.00,NULL,NULL,0,0,NULL,1,NULL,'pct',NULL,'',2,29),(990,'',184,0,37,184,0,'FF',9,0.00,NULL,NULL,0,0,NULL,4,NULL,'Current:',NULL,'',2,30),(991,'',184,0,37,184,0,'FF',9,0.00,NULL,NULL,0,0,NULL,1,NULL,'Average:',NULL,'',2,31),(992,'',184,0,37,184,0,'FF',9,0.00,NULL,NULL,0,0,NULL,3,NULL,'Maximum:',NULL,'on',2,32),(993,'',170,0,38,170,10,'FF',4,0.00,NULL,NULL,0,0,NULL,1,NULL,'pct',NULL,'',2,1),(994,'',170,0,38,170,0,'FF',9,0.00,NULL,NULL,0,0,NULL,4,NULL,'Current:',NULL,'',2,2),(995,'',170,0,38,170,0,'FF',9,0.00,NULL,NULL,0,0,NULL,1,NULL,'Average:',NULL,'',2,3),(996,'',170,0,38,170,0,'FF',9,0.00,NULL,NULL,0,0,NULL,3,NULL,'Maximum:',NULL,'on',2,4),(997,'',172,0,38,172,48,'FF',4,0.00,NULL,NULL,0,0,NULL,1,NULL,'pct',NULL,'',2,5),(998,'',172,0,38,172,0,'FF',9,0.00,NULL,NULL,0,0,NULL,4,NULL,'Current:',NULL,'',2,6),(999,'',172,0,38,172,0,'FF',9,0.00,NULL,NULL,0,0,NULL,1,NULL,'Average:',NULL,'',2,7),(1000,'',172,0,38,172,0,'FF',9,0.00,NULL,NULL,0,0,NULL,3,NULL,'Maximum:',NULL,'on',2,8),(1001,'',174,0,38,174,93,'FF',4,0.00,NULL,NULL,0,0,NULL,1,NULL,'pct',NULL,'',2,9),(1002,'',174,0,38,174,0,'FF',9,0.00,NULL,NULL,0,0,NULL,4,NULL,'Current:',NULL,'',2,10),(1003,'',174,0,38,174,0,'FF',9,0.00,NULL,NULL,0,0,NULL,1,NULL,'Average:',NULL,'',2,11),(1004,'',174,0,38,174,0,'FF',9,0.00,NULL,NULL,0,0,NULL,3,NULL,'Maximum:',NULL,'on',2,12),(1005,'',176,0,38,176,35,'FF',4,0.00,NULL,NULL,0,0,NULL,1,NULL,'pct',NULL,'',2,13),(1006,'',176,0,38,176,0,'FF',9,0.00,NULL,NULL,0,0,NULL,4,NULL,'Current:',NULL,'',2,14),(1007,'',176,0,38,176,0,'FF',9,0.00,NULL,NULL,0,0,NULL,1,NULL,'Average:',NULL,'',2,15),(1008,'',176,0,38,176,0,'FF',9,0.00,NULL,NULL,0,0,NULL,3,NULL,'Maximum:',NULL,'on',2,16),(1009,'',178,0,38,178,25,'FF',4,0.00,NULL,NULL,0,0,NULL,1,NULL,'pct',NULL,'',2,17),(1010,'',178,0,38,178,0,'FF',9,0.00,NULL,NULL,0,0,NULL,4,NULL,'Current:',NULL,'',2,18),(1011,'',178,0,38,178,0,'FF',9,0.00,NULL,NULL,0,0,NULL,1,NULL,'Average:',NULL,'',2,19),(1012,'',178,0,38,178,0,'FF',9,0.00,NULL,NULL,0,0,NULL,3,NULL,'Maximum:',NULL,'on',2,20),(1013,'',180,0,38,180,7,'FF',4,0.00,NULL,NULL,0,0,NULL,1,NULL,'pct',NULL,'',2,21),(1014,'',180,0,38,180,0,'FF',9,0.00,NULL,NULL,0,0,NULL,4,NULL,'Current:',NULL,'',2,22),(1015,'',180,0,38,180,0,'FF',9,0.00,NULL,NULL,0,0,NULL,1,NULL,'Average:',NULL,'',2,23),(1016,'',180,0,38,180,0,'FF',9,0.00,NULL,NULL,0,0,NULL,3,NULL,'Maximum:',NULL,'on',2,24),(1017,'',182,0,38,182,8,'FF',4,0.00,NULL,NULL,0,0,NULL,1,NULL,'pct',NULL,'',2,25),(1018,'',182,0,38,182,0,'FF',9,0.00,NULL,NULL,0,0,NULL,4,NULL,'Current:',NULL,'',2,26),(1019,'',182,0,38,182,0,'FF',9,0.00,NULL,NULL,0,0,NULL,1,NULL,'Average:',NULL,'',2,27),(1020,'',182,0,38,182,0,'FF',9,0.00,NULL,NULL,0,0,NULL,3,NULL,'Maximum:',NULL,'on',2,28),(1021,'',184,0,38,184,20,'FF',4,0.00,NULL,NULL,0,0,NULL,1,NULL,'pct',NULL,'',2,29),(1022,'',184,0,38,184,0,'FF',9,0.00,NULL,NULL,0,0,NULL,4,NULL,'Current:',NULL,'',2,30),(1023,'',184,0,38,184,0,'FF',9,0.00,NULL,NULL,0,0,NULL,1,NULL,'Average:',NULL,'',2,31),(1024,'',184,0,38,184,0,'FF',9,0.00,NULL,NULL,0,0,NULL,3,NULL,'Maximum:',NULL,'on',2,32),(1025,'',186,0,38,186,13,'FF',4,0.00,NULL,NULL,0,0,NULL,1,NULL,'pct',NULL,'',2,33),(1026,'',186,0,38,186,0,'FF',9,0.00,NULL,NULL,0,0,NULL,4,NULL,'Current:',NULL,'',2,34),(1027,'',186,0,38,186,0,'FF',9,0.00,NULL,NULL,0,0,NULL,1,NULL,'Average:',NULL,'',2,35),(1028,'',186,0,38,186,0,'FF',9,0.00,NULL,NULL,0,0,NULL,3,NULL,'Maximum:',NULL,'on',2,36),(1029,'',170,0,39,170,10,'FF',4,0.00,NULL,NULL,0,0,NULL,1,NULL,'pct',NULL,'',2,1),(1030,'',170,0,39,170,0,'FF',9,0.00,NULL,NULL,0,0,NULL,4,NULL,'Current:',NULL,'',2,2),(1031,'',170,0,39,170,0,'FF',9,0.00,NULL,NULL,0,0,NULL,1,NULL,'Average:',NULL,'',2,3),(1032,'',170,0,39,170,0,'FF',9,0.00,NULL,NULL,0,0,NULL,3,NULL,'Maximum:',NULL,'on',2,4),(1033,'',172,0,39,172,48,'FF',4,0.00,NULL,NULL,0,0,NULL,1,NULL,'pct',NULL,'',2,5),(1034,'',172,0,39,172,0,'FF',9,0.00,NULL,NULL,0,0,NULL,4,NULL,'Current:',NULL,'',2,6),(1035,'',172,0,39,172,0,'FF',9,0.00,NULL,NULL,0,0,NULL,1,NULL,'Average:',NULL,'',2,7),(1036,'',172,0,39,172,0,'FF',9,0.00,NULL,NULL,0,0,NULL,3,NULL,'Maximum:',NULL,'on',2,8),(1037,'',174,0,39,174,93,'FF',4,0.00,NULL,NULL,0,0,NULL,1,NULL,'pct',NULL,'',2,9),(1038,'',174,0,39,174,0,'FF',9,0.00,NULL,NULL,0,0,NULL,4,NULL,'Current:',NULL,'',2,10),(1039,'',174,0,39,174,0,'FF',9,0.00,NULL,NULL,0,0,NULL,1,NULL,'Average:',NULL,'',2,11),(1040,'',174,0,39,174,0,'FF',9,0.00,NULL,NULL,0,0,NULL,3,NULL,'Maximum:',NULL,'on',2,12),(1041,'',176,0,39,176,35,'FF',4,0.00,NULL,NULL,0,0,NULL,1,NULL,'pct',NULL,'',2,13),(1042,'',176,0,39,176,0,'FF',9,0.00,NULL,NULL,0,0,NULL,4,NULL,'Current:',NULL,'',2,14),(1043,'',176,0,39,176,0,'FF',9,0.00,NULL,NULL,0,0,NULL,1,NULL,'Average:',NULL,'',2,15),(1044,'',176,0,39,176,0,'FF',9,0.00,NULL,NULL,0,0,NULL,3,NULL,'Maximum:',NULL,'on',2,16),(1045,'',178,0,39,178,25,'FF',4,0.00,NULL,NULL,0,0,NULL,1,NULL,'pct',NULL,'',2,17),(1046,'',178,0,39,178,0,'FF',9,0.00,NULL,NULL,0,0,NULL,4,NULL,'Current:',NULL,'',2,18),(1047,'',178,0,39,178,0,'FF',9,0.00,NULL,NULL,0,0,NULL,1,NULL,'Average:',NULL,'',2,19),(1048,'',178,0,39,178,0,'FF',9,0.00,NULL,NULL,0,0,NULL,3,NULL,'Maximum:',NULL,'on',2,20),(1049,'',180,0,39,180,7,'FF',4,0.00,NULL,NULL,0,0,NULL,1,NULL,'pct',NULL,'',2,21),(1050,'',180,0,39,180,0,'FF',9,0.00,NULL,NULL,0,0,NULL,4,NULL,'Current:',NULL,'',2,22),(1051,'',180,0,39,180,0,'FF',9,0.00,NULL,NULL,0,0,NULL,1,NULL,'Average:',NULL,'',2,23),(1052,'',180,0,39,180,0,'FF',9,0.00,NULL,NULL,0,0,NULL,3,NULL,'Maximum:',NULL,'on',2,24),(1053,'',182,0,39,182,8,'FF',4,0.00,NULL,NULL,0,0,NULL,1,NULL,'pct',NULL,'',2,25),(1054,'',182,0,39,182,0,'FF',9,0.00,NULL,NULL,0,0,NULL,4,NULL,'Current:',NULL,'',2,26),(1055,'',182,0,39,182,0,'FF',9,0.00,NULL,NULL,0,0,NULL,1,NULL,'Average:',NULL,'',2,27),(1056,'',182,0,39,182,0,'FF',9,0.00,NULL,NULL,0,0,NULL,3,NULL,'Maximum:',NULL,'on',2,28),(1057,'',184,0,39,184,20,'FF',4,0.00,NULL,NULL,0,0,NULL,1,NULL,'pct',NULL,'',2,29),(1058,'',184,0,39,184,0,'FF',9,0.00,NULL,NULL,0,0,NULL,4,NULL,'Current:',NULL,'',2,30),(1059,'',184,0,39,184,0,'FF',9,0.00,NULL,NULL,0,0,NULL,1,NULL,'Average:',NULL,'',2,31),(1060,'',184,0,39,184,0,'FF',9,0.00,NULL,NULL,0,0,NULL,3,NULL,'Maximum:',NULL,'on',2,32),(1061,'',186,0,39,186,13,'FF',4,0.00,NULL,NULL,0,0,NULL,1,NULL,'pct',NULL,'',2,33),(1062,'',186,0,39,186,0,'FF',9,0.00,NULL,NULL,0,0,NULL,4,NULL,'Current:',NULL,'',2,34),(1063,'',186,0,39,186,0,'FF',9,0.00,NULL,NULL,0,0,NULL,1,NULL,'Average:',NULL,'',2,35),(1064,'',186,0,39,186,0,'FF',9,0.00,NULL,NULL,0,0,NULL,3,NULL,'Maximum:',NULL,'on',2,36),(1065,'',188,0,39,188,14,'FF',4,0.00,NULL,NULL,0,0,NULL,1,NULL,'pct',NULL,'',2,37),(1066,'',188,0,39,188,0,'FF',9,0.00,NULL,NULL,0,0,NULL,4,NULL,'Current:',NULL,'',2,38),(1067,'',188,0,39,188,0,'FF',9,0.00,NULL,NULL,0,0,NULL,1,NULL,'Average:',NULL,'',2,39),(1068,'',188,0,39,188,0,'FF',9,0.00,NULL,NULL,0,0,NULL,3,NULL,'Maximum:',NULL,'on',2,40),(1069,'',170,0,40,170,10,'FF',4,0.00,NULL,NULL,0,0,NULL,1,NULL,'pct',NULL,'',2,1),(1070,'',170,0,40,170,0,'FF',9,0.00,NULL,NULL,0,0,NULL,4,NULL,'Current:',NULL,'',2,2),(1071,'',170,0,40,170,0,'FF',9,0.00,NULL,NULL,0,0,NULL,1,NULL,'Average:',NULL,'',2,3),(1072,'',170,0,40,170,0,'FF',9,0.00,NULL,NULL,0,0,NULL,3,NULL,'Maximum:',NULL,'on',2,4),(1073,'',172,0,40,172,48,'FF',4,0.00,NULL,NULL,0,0,NULL,1,NULL,'pct',NULL,'',2,5),(1074,'',172,0,40,172,0,'FF',9,0.00,NULL,NULL,0,0,NULL,4,NULL,'Current:',NULL,'',2,6),(1075,'',172,0,40,172,0,'FF',9,0.00,NULL,NULL,0,0,NULL,1,NULL,'Average:',NULL,'',2,7),(1076,'',172,0,40,172,0,'FF',9,0.00,NULL,NULL,0,0,NULL,3,NULL,'Maximum:',NULL,'on',2,8),(1077,'',174,0,40,174,93,'FF',4,0.00,NULL,NULL,0,0,NULL,1,NULL,'pct',NULL,'',2,9),(1078,'',174,0,40,174,0,'FF',9,0.00,NULL,NULL,0,0,NULL,4,NULL,'Current:',NULL,'',2,10),(1079,'',174,0,40,174,0,'FF',9,0.00,NULL,NULL,0,0,NULL,1,NULL,'Average:',NULL,'',2,11),(1080,'',174,0,40,174,0,'FF',9,0.00,NULL,NULL,0,0,NULL,3,NULL,'Maximum:',NULL,'on',2,12),(1081,'',176,0,40,176,35,'FF',4,0.00,NULL,NULL,0,0,NULL,1,NULL,'pct',NULL,'',2,13),(1082,'',176,0,40,176,0,'FF',9,0.00,NULL,NULL,0,0,NULL,4,NULL,'Current:',NULL,'',2,14),(1083,'',176,0,40,176,0,'FF',9,0.00,NULL,NULL,0,0,NULL,1,NULL,'Average:',NULL,'',2,15),(1084,'',176,0,40,176,0,'FF',9,0.00,NULL,NULL,0,0,NULL,3,NULL,'Maximum:',NULL,'on',2,16),(1085,'',178,0,40,178,25,'FF',4,0.00,NULL,NULL,0,0,NULL,1,NULL,'pct',NULL,'',2,17),(1086,'',178,0,40,178,0,'FF',9,0.00,NULL,NULL,0,0,NULL,4,NULL,'Current:',NULL,'',2,18),(1087,'',178,0,40,178,0,'FF',9,0.00,NULL,NULL,0,0,NULL,1,NULL,'Average:',NULL,'',2,19),(1088,'',178,0,40,178,0,'FF',9,0.00,NULL,NULL,0,0,NULL,3,NULL,'Maximum:',NULL,'on',2,20),(1089,'',180,0,40,180,7,'FF',4,0.00,NULL,NULL,0,0,NULL,1,NULL,'pct',NULL,'',2,21),(1090,'',180,0,40,180,0,'FF',9,0.00,NULL,NULL,0,0,NULL,4,NULL,'Current:',NULL,'',2,22),(1091,'',180,0,40,180,0,'FF',9,0.00,NULL,NULL,0,0,NULL,1,NULL,'Average:',NULL,'',2,23),(1092,'',180,0,40,180,0,'FF',9,0.00,NULL,NULL,0,0,NULL,3,NULL,'Maximum:',NULL,'on',2,24),(1093,'',182,0,40,182,8,'FF',4,0.00,NULL,NULL,0,0,NULL,1,NULL,'pct',NULL,'',2,25),(1094,'',182,0,40,182,0,'FF',9,0.00,NULL,NULL,0,0,NULL,4,NULL,'Current:',NULL,'',2,26),(1095,'',182,0,40,182,0,'FF',9,0.00,NULL,NULL,0,0,NULL,1,NULL,'Average:',NULL,'',2,27),(1096,'',182,0,40,182,0,'FF',9,0.00,NULL,NULL,0,0,NULL,3,NULL,'Maximum:',NULL,'on',2,28),(1097,'',184,0,40,184,20,'FF',4,0.00,NULL,NULL,0,0,NULL,1,NULL,'pct',NULL,'',2,29),(1098,'',184,0,40,184,0,'FF',9,0.00,NULL,NULL,0,0,NULL,4,NULL,'Current:',NULL,'',2,30),(1099,'',184,0,40,184,0,'FF',9,0.00,NULL,NULL,0,0,NULL,1,NULL,'Average:',NULL,'',2,31),(1100,'',184,0,40,184,0,'FF',9,0.00,NULL,NULL,0,0,NULL,3,NULL,'Maximum:',NULL,'on',2,32),(1101,'',186,0,40,186,13,'FF',4,0.00,NULL,NULL,0,0,NULL,1,NULL,'pct',NULL,'',2,33),(1102,'',186,0,40,186,0,'FF',9,0.00,NULL,NULL,0,0,NULL,4,NULL,'Current:',NULL,'',2,34),(1103,'',186,0,40,186,0,'FF',9,0.00,NULL,NULL,0,0,NULL,1,NULL,'Average:',NULL,'',2,35),(1104,'',186,0,40,186,0,'FF',9,0.00,NULL,NULL,0,0,NULL,3,NULL,'Maximum:',NULL,'on',2,36),(1105,'',188,0,40,188,14,'FF',4,0.00,NULL,NULL,0,0,NULL,1,NULL,'pct',NULL,'',2,37),(1106,'',188,0,40,188,0,'FF',9,0.00,NULL,NULL,0,0,NULL,4,NULL,'Current:',NULL,'',2,38),(1107,'',188,0,40,188,0,'FF',9,0.00,NULL,NULL,0,0,NULL,1,NULL,'Average:',NULL,'',2,39),(1108,'',188,0,40,188,0,'FF',9,0.00,NULL,NULL,0,0,NULL,3,NULL,'Maximum:',NULL,'on',2,40),(1109,'',190,0,40,190,16,'FF',4,0.00,NULL,NULL,0,0,NULL,1,NULL,'pct',NULL,'',2,41),(1110,'',190,0,40,190,0,'FF',9,0.00,NULL,NULL,0,0,NULL,4,NULL,'Current:',NULL,'',2,42),(1111,'',190,0,40,190,0,'FF',9,0.00,NULL,NULL,0,0,NULL,1,NULL,'Average:',NULL,'',2,43),(1112,'',190,0,40,190,0,'FF',9,0.00,NULL,NULL,0,0,NULL,3,NULL,'Maximum:',NULL,'on',2,44),(1113,'',170,0,41,170,10,'FF',4,0.00,NULL,NULL,0,0,NULL,1,NULL,'pct',NULL,'',2,1),(1114,'',170,0,41,170,0,'FF',9,0.00,NULL,NULL,0,0,NULL,4,NULL,'Current:',NULL,'',2,2),(1115,'',170,0,41,170,0,'FF',9,0.00,NULL,NULL,0,0,NULL,1,NULL,'Average:',NULL,'',2,3),(1116,'',170,0,41,170,0,'FF',9,0.00,NULL,NULL,0,0,NULL,3,NULL,'Maximum:',NULL,'on',2,4),(1117,'',172,0,41,172,48,'FF',4,0.00,NULL,NULL,0,0,NULL,1,NULL,'pct',NULL,'',2,5),(1118,'',172,0,41,172,0,'FF',9,0.00,NULL,NULL,0,0,NULL,4,NULL,'Current:',NULL,'',2,6),(1119,'',172,0,41,172,0,'FF',9,0.00,NULL,NULL,0,0,NULL,1,NULL,'Average:',NULL,'',2,7),(1120,'',172,0,41,172,0,'FF',9,0.00,NULL,NULL,0,0,NULL,3,NULL,'Maximum:',NULL,'on',2,8),(1121,'',174,0,41,174,93,'FF',4,0.00,NULL,NULL,0,0,NULL,1,NULL,'pct',NULL,'',2,9),(1122,'',174,0,41,174,0,'FF',9,0.00,NULL,NULL,0,0,NULL,4,NULL,'Current:',NULL,'',2,10),(1123,'',174,0,41,174,0,'FF',9,0.00,NULL,NULL,0,0,NULL,1,NULL,'Average:',NULL,'',2,11),(1124,'',174,0,41,174,0,'FF',9,0.00,NULL,NULL,0,0,NULL,3,NULL,'Maximum:',NULL,'on',2,12),(1125,'',176,0,41,176,35,'FF',4,0.00,NULL,NULL,0,0,NULL,1,NULL,'pct',NULL,'',2,13),(1126,'',176,0,41,176,0,'FF',9,0.00,NULL,NULL,0,0,NULL,4,NULL,'Current:',NULL,'',2,14),(1127,'',176,0,41,176,0,'FF',9,0.00,NULL,NULL,0,0,NULL,1,NULL,'Average:',NULL,'',2,15),(1128,'',176,0,41,176,0,'FF',9,0.00,NULL,NULL,0,0,NULL,3,NULL,'Maximum:',NULL,'on',2,16),(1129,'',178,0,41,178,25,'FF',4,0.00,NULL,NULL,0,0,NULL,1,NULL,'pct',NULL,'',2,17),(1130,'',178,0,41,178,0,'FF',9,0.00,NULL,NULL,0,0,NULL,4,NULL,'Current:',NULL,'',2,18),(1131,'',178,0,41,178,0,'FF',9,0.00,NULL,NULL,0,0,NULL,1,NULL,'Average:',NULL,'',2,19),(1132,'',178,0,41,178,0,'FF',9,0.00,NULL,NULL,0,0,NULL,3,NULL,'Maximum:',NULL,'on',2,20),(1133,'',180,0,41,180,7,'FF',4,0.00,NULL,NULL,0,0,NULL,1,NULL,'pct',NULL,'',2,21),(1134,'',180,0,41,180,0,'FF',9,0.00,NULL,NULL,0,0,NULL,4,NULL,'Current:',NULL,'',2,22),(1135,'',180,0,41,180,0,'FF',9,0.00,NULL,NULL,0,0,NULL,1,NULL,'Average:',NULL,'',2,23),(1136,'',180,0,41,180,0,'FF',9,0.00,NULL,NULL,0,0,NULL,3,NULL,'Maximum:',NULL,'on',2,24),(1137,'',182,0,41,182,8,'FF',4,0.00,NULL,NULL,0,0,NULL,1,NULL,'pct',NULL,'',2,25),(1138,'',182,0,41,182,0,'FF',9,0.00,NULL,NULL,0,0,NULL,4,NULL,'Current:',NULL,'',2,26),(1139,'',182,0,41,182,0,'FF',9,0.00,NULL,NULL,0,0,NULL,1,NULL,'Average:',NULL,'',2,27),(1140,'',182,0,41,182,0,'FF',9,0.00,NULL,NULL,0,0,NULL,3,NULL,'Maximum:',NULL,'on',2,28),(1141,'',184,0,41,184,20,'FF',4,0.00,NULL,NULL,0,0,NULL,1,NULL,'pct',NULL,'',2,29),(1142,'',184,0,41,184,0,'FF',9,0.00,NULL,NULL,0,0,NULL,4,NULL,'Current:',NULL,'',2,30),(1143,'',184,0,41,184,0,'FF',9,0.00,NULL,NULL,0,0,NULL,1,NULL,'Average:',NULL,'',2,31),(1144,'',184,0,41,184,0,'FF',9,0.00,NULL,NULL,0,0,NULL,3,NULL,'Maximum:',NULL,'on',2,32),(1145,'',186,0,41,186,13,'FF',4,0.00,NULL,NULL,0,0,NULL,1,NULL,'pct',NULL,'',2,33),(1146,'',186,0,41,186,0,'FF',9,0.00,NULL,NULL,0,0,NULL,4,NULL,'Current:',NULL,'',2,34),(1147,'',186,0,41,186,0,'FF',9,0.00,NULL,NULL,0,0,NULL,1,NULL,'Average:',NULL,'',2,35),(1148,'',186,0,41,186,0,'FF',9,0.00,NULL,NULL,0,0,NULL,3,NULL,'Maximum:',NULL,'on',2,36),(1149,'',188,0,41,188,14,'FF',4,0.00,NULL,NULL,0,0,NULL,1,NULL,'pct',NULL,'',2,37),(1150,'',188,0,41,188,0,'FF',9,0.00,NULL,NULL,0,0,NULL,4,NULL,'Current:',NULL,'',2,38),(1151,'',188,0,41,188,0,'FF',9,0.00,NULL,NULL,0,0,NULL,1,NULL,'Average:',NULL,'',2,39),(1152,'',188,0,41,188,0,'FF',9,0.00,NULL,NULL,0,0,NULL,3,NULL,'Maximum:',NULL,'on',2,40),(1153,'',190,0,41,190,16,'FF',4,0.00,NULL,NULL,0,0,NULL,1,NULL,'pct',NULL,'',2,41),(1154,'',190,0,41,190,0,'FF',9,0.00,NULL,NULL,0,0,NULL,4,NULL,'Current:',NULL,'',2,42),(1155,'',190,0,41,190,0,'FF',9,0.00,NULL,NULL,0,0,NULL,1,NULL,'Average:',NULL,'',2,43),(1156,'',190,0,41,190,0,'FF',9,0.00,NULL,NULL,0,0,NULL,3,NULL,'Maximum:',NULL,'on',2,44),(1157,'',192,0,41,192,6,'FF',4,0.00,NULL,NULL,0,0,NULL,1,NULL,'pct',NULL,'',2,45),(1158,'',192,0,41,192,0,'FF',9,0.00,NULL,NULL,0,0,NULL,4,NULL,'Current:',NULL,'',2,46),(1159,'',192,0,41,192,0,'FF',9,0.00,NULL,NULL,0,0,NULL,1,NULL,'Average:',NULL,'',2,47),(1160,'',192,0,41,192,0,'FF',9,0.00,NULL,NULL,0,0,NULL,3,NULL,'Maximum:',NULL,'on',2,48),(1161,'',170,0,42,170,10,'FF',4,0.00,NULL,NULL,0,0,NULL,1,NULL,'pct',NULL,'',2,1),(1162,'',170,0,42,170,0,'FF',9,0.00,NULL,NULL,0,0,NULL,4,NULL,'Current:',NULL,'',2,2),(1163,'',170,0,42,170,0,'FF',9,0.00,NULL,NULL,0,0,NULL,1,NULL,'Average:',NULL,'',2,3),(1164,'',170,0,42,170,0,'FF',9,0.00,NULL,NULL,0,0,NULL,3,NULL,'Maximum:',NULL,'on',2,4),(1165,'',172,0,42,172,48,'FF',4,0.00,NULL,NULL,0,0,NULL,1,NULL,'pct',NULL,'',2,5),(1166,'',172,0,42,172,0,'FF',9,0.00,NULL,NULL,0,0,NULL,4,NULL,'Current:',NULL,'',2,6),(1167,'',172,0,42,172,0,'FF',9,0.00,NULL,NULL,0,0,NULL,1,NULL,'Average:',NULL,'',2,7),(1168,'',172,0,42,172,0,'FF',9,0.00,NULL,NULL,0,0,NULL,3,NULL,'Maximum:',NULL,'on',2,8),(1169,'',174,0,42,174,93,'FF',4,0.00,NULL,NULL,0,0,NULL,1,NULL,'pct',NULL,'',2,9),(1170,'',174,0,42,174,0,'FF',9,0.00,NULL,NULL,0,0,NULL,4,NULL,'Current:',NULL,'',2,10),(1171,'',174,0,42,174,0,'FF',9,0.00,NULL,NULL,0,0,NULL,1,NULL,'Average:',NULL,'',2,11),(1172,'',174,0,42,174,0,'FF',9,0.00,NULL,NULL,0,0,NULL,3,NULL,'Maximum:',NULL,'on',2,12),(1173,'',176,0,42,176,35,'FF',4,0.00,NULL,NULL,0,0,NULL,1,NULL,'pct',NULL,'',2,13),(1174,'',176,0,42,176,0,'FF',9,0.00,NULL,NULL,0,0,NULL,4,NULL,'Current:',NULL,'',2,14),(1175,'',176,0,42,176,0,'FF',9,0.00,NULL,NULL,0,0,NULL,1,NULL,'Average:',NULL,'',2,15),(1176,'',176,0,42,176,0,'FF',9,0.00,NULL,NULL,0,0,NULL,3,NULL,'Maximum:',NULL,'on',2,16),(1177,'',178,0,42,178,25,'FF',4,0.00,NULL,NULL,0,0,NULL,1,NULL,'pct',NULL,'',2,17),(1178,'',178,0,42,178,0,'FF',9,0.00,NULL,NULL,0,0,NULL,4,NULL,'Current:',NULL,'',2,18),(1179,'',178,0,42,178,0,'FF',9,0.00,NULL,NULL,0,0,NULL,1,NULL,'Average:',NULL,'',2,19),(1180,'',178,0,42,178,0,'FF',9,0.00,NULL,NULL,0,0,NULL,3,NULL,'Maximum:',NULL,'on',2,20),(1181,'',180,0,42,180,7,'FF',4,0.00,NULL,NULL,0,0,NULL,1,NULL,'pct',NULL,'',2,21),(1182,'',180,0,42,180,0,'FF',9,0.00,NULL,NULL,0,0,NULL,4,NULL,'Current:',NULL,'',2,22),(1183,'',180,0,42,180,0,'FF',9,0.00,NULL,NULL,0,0,NULL,1,NULL,'Average:',NULL,'',2,23),(1184,'',180,0,42,180,0,'FF',9,0.00,NULL,NULL,0,0,NULL,3,NULL,'Maximum:',NULL,'on',2,24),(1185,'',182,0,42,182,8,'FF',4,0.00,NULL,NULL,0,0,NULL,1,NULL,'pct',NULL,'',2,25),(1186,'',182,0,42,182,0,'FF',9,0.00,NULL,NULL,0,0,NULL,4,NULL,'Current:',NULL,'',2,26),(1187,'',182,0,42,182,0,'FF',9,0.00,NULL,NULL,0,0,NULL,1,NULL,'Average:',NULL,'',2,27),(1188,'',182,0,42,182,0,'FF',9,0.00,NULL,NULL,0,0,NULL,3,NULL,'Maximum:',NULL,'on',2,28),(1189,'',184,0,42,184,20,'FF',4,0.00,NULL,NULL,0,0,NULL,1,NULL,'pct',NULL,'',2,29),(1190,'',184,0,42,184,0,'FF',9,0.00,NULL,NULL,0,0,NULL,4,NULL,'Current:',NULL,'',2,30),(1191,'',184,0,42,184,0,'FF',9,0.00,NULL,NULL,0,0,NULL,1,NULL,'Average:',NULL,'',2,31),(1192,'',184,0,42,184,0,'FF',9,0.00,NULL,NULL,0,0,NULL,3,NULL,'Maximum:',NULL,'on',2,32),(1193,'',186,0,42,186,13,'FF',4,0.00,NULL,NULL,0,0,NULL,1,NULL,'pct',NULL,'',2,33),(1194,'',186,0,42,186,0,'FF',9,0.00,NULL,NULL,0,0,NULL,4,NULL,'Current:',NULL,'',2,34),(1195,'',186,0,42,186,0,'FF',9,0.00,NULL,NULL,0,0,NULL,1,NULL,'Average:',NULL,'',2,35),(1196,'',186,0,42,186,0,'FF',9,0.00,NULL,NULL,0,0,NULL,3,NULL,'Maximum:',NULL,'on',2,36),(1197,'',188,0,42,188,14,'FF',4,0.00,NULL,NULL,0,0,NULL,1,NULL,'pct',NULL,'',2,37),(1198,'',188,0,42,188,0,'FF',9,0.00,NULL,NULL,0,0,NULL,4,NULL,'Current:',NULL,'',2,38),(1199,'',188,0,42,188,0,'FF',9,0.00,NULL,NULL,0,0,NULL,1,NULL,'Average:',NULL,'',2,39),(1200,'',188,0,42,188,0,'FF',9,0.00,NULL,NULL,0,0,NULL,3,NULL,'Maximum:',NULL,'on',2,40),(1201,'',190,0,42,190,16,'FF',4,0.00,NULL,NULL,0,0,NULL,1,NULL,'pct',NULL,'',2,41),(1202,'',190,0,42,190,0,'FF',9,0.00,NULL,NULL,0,0,NULL,4,NULL,'Current:',NULL,'',2,42),(1203,'',190,0,42,190,0,'FF',9,0.00,NULL,NULL,0,0,NULL,1,NULL,'Average:',NULL,'',2,43),(1204,'',190,0,42,190,0,'FF',9,0.00,NULL,NULL,0,0,NULL,3,NULL,'Maximum:',NULL,'on',2,44),(1205,'',192,0,42,192,6,'FF',4,0.00,NULL,NULL,0,0,NULL,1,NULL,'pct',NULL,'',2,45),(1206,'',192,0,42,192,0,'FF',9,0.00,NULL,NULL,0,0,NULL,4,NULL,'Current:',NULL,'',2,46),(1207,'',192,0,42,192,0,'FF',9,0.00,NULL,NULL,0,0,NULL,1,NULL,'Average:',NULL,'',2,47),(1208,'',192,0,42,192,0,'FF',9,0.00,NULL,NULL,0,0,NULL,3,NULL,'Maximum:',NULL,'on',2,48),(1209,'',194,0,42,194,17,'FF',4,0.00,NULL,NULL,0,0,NULL,1,NULL,'pct',NULL,'',2,49),(1210,'',194,0,42,194,0,'FF',9,0.00,NULL,NULL,0,0,NULL,4,NULL,'Current:',NULL,'',2,50),(1211,'',194,0,42,194,0,'FF',9,0.00,NULL,NULL,0,0,NULL,1,NULL,'Average:',NULL,'',2,51),(1212,'',194,0,42,194,0,'FF',9,0.00,NULL,NULL,0,0,NULL,3,NULL,'Maximum:',NULL,'on',2,52),(1213,'',170,0,43,170,10,'FF',4,0.00,NULL,NULL,0,0,NULL,1,NULL,'pct',NULL,'',2,1),(1214,'',170,0,43,170,0,'FF',9,0.00,NULL,NULL,0,0,NULL,4,NULL,'Current:',NULL,'',2,2),(1215,'',170,0,43,170,0,'FF',9,0.00,NULL,NULL,0,0,NULL,1,NULL,'Average:',NULL,'',2,3),(1216,'',170,0,43,170,0,'FF',9,0.00,NULL,NULL,0,0,NULL,3,NULL,'Maximum:',NULL,'on',2,4),(1217,'',172,0,43,172,48,'FF',4,0.00,NULL,NULL,0,0,NULL,1,NULL,'pct',NULL,'',2,5),(1218,'',172,0,43,172,0,'FF',9,0.00,NULL,NULL,0,0,NULL,4,NULL,'Current:',NULL,'',2,6),(1219,'',172,0,43,172,0,'FF',9,0.00,NULL,NULL,0,0,NULL,1,NULL,'Average:',NULL,'',2,7),(1220,'',172,0,43,172,0,'FF',9,0.00,NULL,NULL,0,0,NULL,3,NULL,'Maximum:',NULL,'on',2,8),(1221,'',174,0,43,174,93,'FF',4,0.00,NULL,NULL,0,0,NULL,1,NULL,'pct',NULL,'',2,9),(1222,'',174,0,43,174,0,'FF',9,0.00,NULL,NULL,0,0,NULL,4,NULL,'Current:',NULL,'',2,10),(1223,'',174,0,43,174,0,'FF',9,0.00,NULL,NULL,0,0,NULL,1,NULL,'Average:',NULL,'',2,11),(1224,'',174,0,43,174,0,'FF',9,0.00,NULL,NULL,0,0,NULL,3,NULL,'Maximum:',NULL,'on',2,12),(1225,'',176,0,43,176,35,'FF',4,0.00,NULL,NULL,0,0,NULL,1,NULL,'pct',NULL,'',2,13),(1226,'',176,0,43,176,0,'FF',9,0.00,NULL,NULL,0,0,NULL,4,NULL,'Current:',NULL,'',2,14),(1227,'',176,0,43,176,0,'FF',9,0.00,NULL,NULL,0,0,NULL,1,NULL,'Average:',NULL,'',2,15),(1228,'',176,0,43,176,0,'FF',9,0.00,NULL,NULL,0,0,NULL,3,NULL,'Maximum:',NULL,'on',2,16),(1229,'',178,0,43,178,25,'FF',4,0.00,NULL,NULL,0,0,NULL,1,NULL,'pct',NULL,'',2,17),(1230,'',178,0,43,178,0,'FF',9,0.00,NULL,NULL,0,0,NULL,4,NULL,'Current:',NULL,'',2,18),(1231,'',178,0,43,178,0,'FF',9,0.00,NULL,NULL,0,0,NULL,1,NULL,'Average:',NULL,'',2,19),(1232,'',178,0,43,178,0,'FF',9,0.00,NULL,NULL,0,0,NULL,3,NULL,'Maximum:',NULL,'on',2,20),(1233,'',180,0,43,180,7,'FF',4,0.00,NULL,NULL,0,0,NULL,1,NULL,'pct',NULL,'',2,21),(1234,'',180,0,43,180,0,'FF',9,0.00,NULL,NULL,0,0,NULL,4,NULL,'Current:',NULL,'',2,22),(1235,'',180,0,43,180,0,'FF',9,0.00,NULL,NULL,0,0,NULL,1,NULL,'Average:',NULL,'',2,23),(1236,'',180,0,43,180,0,'FF',9,0.00,NULL,NULL,0,0,NULL,3,NULL,'Maximum:',NULL,'on',2,24),(1237,'',182,0,43,182,8,'FF',4,0.00,NULL,NULL,0,0,NULL,1,NULL,'pct',NULL,'',2,25),(1238,'',182,0,43,182,0,'FF',9,0.00,NULL,NULL,0,0,NULL,4,NULL,'Current:',NULL,'',2,26),(1239,'',182,0,43,182,0,'FF',9,0.00,NULL,NULL,0,0,NULL,1,NULL,'Average:',NULL,'',2,27),(1240,'',182,0,43,182,0,'FF',9,0.00,NULL,NULL,0,0,NULL,3,NULL,'Maximum:',NULL,'on',2,28),(1241,'',184,0,43,184,20,'FF',4,0.00,NULL,NULL,0,0,NULL,1,NULL,'pct',NULL,'',2,29),(1242,'',184,0,43,184,0,'FF',9,0.00,NULL,NULL,0,0,NULL,4,NULL,'Current:',NULL,'',2,30),(1243,'',184,0,43,184,0,'FF',9,0.00,NULL,NULL,0,0,NULL,1,NULL,'Average:',NULL,'',2,31),(1244,'',184,0,43,184,0,'FF',9,0.00,NULL,NULL,0,0,NULL,3,NULL,'Maximum:',NULL,'on',2,32),(1245,'',186,0,43,186,13,'FF',4,0.00,NULL,NULL,0,0,NULL,1,NULL,'pct',NULL,'',2,33),(1246,'',186,0,43,186,0,'FF',9,0.00,NULL,NULL,0,0,NULL,4,NULL,'Current:',NULL,'',2,34),(1247,'',186,0,43,186,0,'FF',9,0.00,NULL,NULL,0,0,NULL,1,NULL,'Average:',NULL,'',2,35),(1248,'',186,0,43,186,0,'FF',9,0.00,NULL,NULL,0,0,NULL,3,NULL,'Maximum:',NULL,'on',2,36),(1249,'',188,0,43,188,14,'FF',4,0.00,NULL,NULL,0,0,NULL,1,NULL,'pct',NULL,'',2,37),(1250,'',188,0,43,188,0,'FF',9,0.00,NULL,NULL,0,0,NULL,4,NULL,'Current:',NULL,'',2,38),(1251,'',188,0,43,188,0,'FF',9,0.00,NULL,NULL,0,0,NULL,1,NULL,'Average:',NULL,'',2,39),(1252,'',188,0,43,188,0,'FF',9,0.00,NULL,NULL,0,0,NULL,3,NULL,'Maximum:',NULL,'on',2,40),(1253,'',190,0,43,190,16,'FF',4,0.00,NULL,NULL,0,0,NULL,1,NULL,'pct',NULL,'',2,41),(1254,'',190,0,43,190,0,'FF',9,0.00,NULL,NULL,0,0,NULL,4,NULL,'Current:',NULL,'',2,42),(1255,'',190,0,43,190,0,'FF',9,0.00,NULL,NULL,0,0,NULL,1,NULL,'Average:',NULL,'',2,43),(1256,'',190,0,43,190,0,'FF',9,0.00,NULL,NULL,0,0,NULL,3,NULL,'Maximum:',NULL,'on',2,44),(1257,'',192,0,43,192,6,'FF',4,0.00,NULL,NULL,0,0,NULL,1,NULL,'pct',NULL,'',2,45),(1258,'',192,0,43,192,0,'FF',9,0.00,NULL,NULL,0,0,NULL,4,NULL,'Current:',NULL,'',2,46),(1259,'',192,0,43,192,0,'FF',9,0.00,NULL,NULL,0,0,NULL,1,NULL,'Average:',NULL,'',2,47),(1260,'',192,0,43,192,0,'FF',9,0.00,NULL,NULL,0,0,NULL,3,NULL,'Maximum:',NULL,'on',2,48),(1261,'',194,0,43,194,17,'FF',4,0.00,NULL,NULL,0,0,NULL,1,NULL,'pct',NULL,'',2,49),(1262,'',194,0,43,194,0,'FF',9,0.00,NULL,NULL,0,0,NULL,4,NULL,'Current:',NULL,'',2,50),(1263,'',194,0,43,194,0,'FF',9,0.00,NULL,NULL,0,0,NULL,1,NULL,'Average:',NULL,'',2,51),(1264,'',194,0,43,194,0,'FF',9,0.00,NULL,NULL,0,0,NULL,3,NULL,'Maximum:',NULL,'on',2,52),(1265,'',196,0,43,196,27,'FF',4,0.00,NULL,NULL,0,0,NULL,1,NULL,'pct',NULL,'',2,53),(1266,'',196,0,43,196,0,'FF',9,0.00,NULL,NULL,0,0,NULL,4,NULL,'Current:',NULL,'',2,54),(1267,'',196,0,43,196,0,'FF',9,0.00,NULL,NULL,0,0,NULL,1,NULL,'Average:',NULL,'',2,55),(1268,'',196,0,43,196,0,'FF',9,0.00,NULL,NULL,0,0,NULL,3,NULL,'Maximum:',NULL,'on',2,56),(1269,'',170,0,44,170,10,'FF',4,0.00,NULL,NULL,0,0,NULL,1,NULL,'pct',NULL,'',2,1),(1270,'',170,0,44,170,0,'FF',9,0.00,NULL,NULL,0,0,NULL,4,NULL,'Current:',NULL,'',2,2),(1271,'',170,0,44,170,0,'FF',9,0.00,NULL,NULL,0,0,NULL,1,NULL,'Average:',NULL,'',2,3),(1272,'',170,0,44,170,0,'FF',9,0.00,NULL,NULL,0,0,NULL,3,NULL,'Maximum:',NULL,'on',2,4),(1273,'',172,0,44,172,48,'FF',4,0.00,NULL,NULL,0,0,NULL,1,NULL,'pct',NULL,'',2,5),(1274,'',172,0,44,172,0,'FF',9,0.00,NULL,NULL,0,0,NULL,4,NULL,'Current:',NULL,'',2,6),(1275,'',172,0,44,172,0,'FF',9,0.00,NULL,NULL,0,0,NULL,1,NULL,'Average:',NULL,'',2,7),(1276,'',172,0,44,172,0,'FF',9,0.00,NULL,NULL,0,0,NULL,3,NULL,'Maximum:',NULL,'on',2,8),(1277,'',174,0,44,174,93,'FF',4,0.00,NULL,NULL,0,0,NULL,1,NULL,'pct',NULL,'',2,9),(1278,'',174,0,44,174,0,'FF',9,0.00,NULL,NULL,0,0,NULL,4,NULL,'Current:',NULL,'',2,10),(1279,'',174,0,44,174,0,'FF',9,0.00,NULL,NULL,0,0,NULL,1,NULL,'Average:',NULL,'',2,11),(1280,'',174,0,44,174,0,'FF',9,0.00,NULL,NULL,0,0,NULL,3,NULL,'Maximum:',NULL,'on',2,12),(1281,'',176,0,44,176,35,'FF',4,0.00,NULL,NULL,0,0,NULL,1,NULL,'pct',NULL,'',2,13),(1282,'',176,0,44,176,0,'FF',9,0.00,NULL,NULL,0,0,NULL,4,NULL,'Current:',NULL,'',2,14),(1283,'',176,0,44,176,0,'FF',9,0.00,NULL,NULL,0,0,NULL,1,NULL,'Average:',NULL,'',2,15),(1284,'',176,0,44,176,0,'FF',9,0.00,NULL,NULL,0,0,NULL,3,NULL,'Maximum:',NULL,'on',2,16),(1285,'',178,0,44,178,25,'FF',4,0.00,NULL,NULL,0,0,NULL,1,NULL,'pct',NULL,'',2,17),(1286,'',178,0,44,178,0,'FF',9,0.00,NULL,NULL,0,0,NULL,4,NULL,'Current:',NULL,'',2,18),(1287,'',178,0,44,178,0,'FF',9,0.00,NULL,NULL,0,0,NULL,1,NULL,'Average:',NULL,'',2,19),(1288,'',178,0,44,178,0,'FF',9,0.00,NULL,NULL,0,0,NULL,3,NULL,'Maximum:',NULL,'on',2,20),(1289,'',180,0,44,180,7,'FF',4,0.00,NULL,NULL,0,0,NULL,1,NULL,'pct',NULL,'',2,21),(1290,'',180,0,44,180,0,'FF',9,0.00,NULL,NULL,0,0,NULL,4,NULL,'Current:',NULL,'',2,22),(1291,'',180,0,44,180,0,'FF',9,0.00,NULL,NULL,0,0,NULL,1,NULL,'Average:',NULL,'',2,23),(1292,'',180,0,44,180,0,'FF',9,0.00,NULL,NULL,0,0,NULL,3,NULL,'Maximum:',NULL,'on',2,24),(1293,'',182,0,44,182,8,'FF',4,0.00,NULL,NULL,0,0,NULL,1,NULL,'pct',NULL,'',2,25),(1294,'',182,0,44,182,0,'FF',9,0.00,NULL,NULL,0,0,NULL,4,NULL,'Current:',NULL,'',2,26),(1295,'',182,0,44,182,0,'FF',9,0.00,NULL,NULL,0,0,NULL,1,NULL,'Average:',NULL,'',2,27),(1296,'',182,0,44,182,0,'FF',9,0.00,NULL,NULL,0,0,NULL,3,NULL,'Maximum:',NULL,'on',2,28),(1297,'',184,0,44,184,20,'FF',4,0.00,NULL,NULL,0,0,NULL,1,NULL,'pct',NULL,'',2,29),(1298,'',184,0,44,184,0,'FF',9,0.00,NULL,NULL,0,0,NULL,4,NULL,'Current:',NULL,'',2,30),(1299,'',184,0,44,184,0,'FF',9,0.00,NULL,NULL,0,0,NULL,1,NULL,'Average:',NULL,'',2,31),(1300,'',184,0,44,184,0,'FF',9,0.00,NULL,NULL,0,0,NULL,3,NULL,'Maximum:',NULL,'on',2,32),(1301,'',186,0,44,186,13,'FF',4,0.00,NULL,NULL,0,0,NULL,1,NULL,'pct',NULL,'',2,33),(1302,'',186,0,44,186,0,'FF',9,0.00,NULL,NULL,0,0,NULL,4,NULL,'Current:',NULL,'',2,34),(1303,'',186,0,44,186,0,'FF',9,0.00,NULL,NULL,0,0,NULL,1,NULL,'Average:',NULL,'',2,35),(1304,'',186,0,44,186,0,'FF',9,0.00,NULL,NULL,0,0,NULL,3,NULL,'Maximum:',NULL,'on',2,36),(1305,'',188,0,44,188,14,'FF',4,0.00,NULL,NULL,0,0,NULL,1,NULL,'pct',NULL,'',2,37),(1306,'',188,0,44,188,0,'FF',9,0.00,NULL,NULL,0,0,NULL,4,NULL,'Current:',NULL,'',2,38),(1307,'',188,0,44,188,0,'FF',9,0.00,NULL,NULL,0,0,NULL,1,NULL,'Average:',NULL,'',2,39),(1308,'',188,0,44,188,0,'FF',9,0.00,NULL,NULL,0,0,NULL,3,NULL,'Maximum:',NULL,'on',2,40),(1309,'',190,0,44,190,16,'FF',4,0.00,NULL,NULL,0,0,NULL,1,NULL,'pct',NULL,'',2,41),(1310,'',190,0,44,190,0,'FF',9,0.00,NULL,NULL,0,0,NULL,4,NULL,'Current:',NULL,'',2,42),(1311,'',190,0,44,190,0,'FF',9,0.00,NULL,NULL,0,0,NULL,1,NULL,'Average:',NULL,'',2,43),(1312,'',190,0,44,190,0,'FF',9,0.00,NULL,NULL,0,0,NULL,3,NULL,'Maximum:',NULL,'on',2,44),(1313,'',192,0,44,192,6,'FF',4,0.00,NULL,NULL,0,0,NULL,1,NULL,'pct',NULL,'',2,45),(1314,'',192,0,44,192,0,'FF',9,0.00,NULL,NULL,0,0,NULL,4,NULL,'Current:',NULL,'',2,46),(1315,'',192,0,44,192,0,'FF',9,0.00,NULL,NULL,0,0,NULL,1,NULL,'Average:',NULL,'',2,47),(1316,'',192,0,44,192,0,'FF',9,0.00,NULL,NULL,0,0,NULL,3,NULL,'Maximum:',NULL,'on',2,48),(1317,'',194,0,44,194,17,'FF',4,0.00,NULL,NULL,0,0,NULL,1,NULL,'pct',NULL,'',2,49),(1318,'',194,0,44,194,0,'FF',9,0.00,NULL,NULL,0,0,NULL,4,NULL,'Current:',NULL,'',2,50),(1319,'',194,0,44,194,0,'FF',9,0.00,NULL,NULL,0,0,NULL,1,NULL,'Average:',NULL,'',2,51),(1320,'',194,0,44,194,0,'FF',9,0.00,NULL,NULL,0,0,NULL,3,NULL,'Maximum:',NULL,'on',2,52),(1321,'',196,0,44,196,27,'FF',4,0.00,NULL,NULL,0,0,NULL,1,NULL,'pct',NULL,'',2,53),(1322,'',196,0,44,196,0,'FF',9,0.00,NULL,NULL,0,0,NULL,4,NULL,'Current:',NULL,'',2,54),(1323,'',196,0,44,196,0,'FF',9,0.00,NULL,NULL,0,0,NULL,1,NULL,'Average:',NULL,'',2,55),(1324,'',196,0,44,196,0,'FF',9,0.00,NULL,NULL,0,0,NULL,3,NULL,'Maximum:',NULL,'on',2,56),(1325,'',198,0,44,198,56,'FF',4,0.00,NULL,NULL,0,0,NULL,1,NULL,'pct',NULL,'',2,57),(1326,'',198,0,44,198,0,'FF',9,0.00,NULL,NULL,0,0,NULL,4,NULL,'Current:',NULL,'',2,58),(1327,'',198,0,44,198,0,'FF',9,0.00,NULL,NULL,0,0,NULL,1,NULL,'Average:',NULL,'',2,59),(1328,'',198,0,44,198,0,'FF',9,0.00,NULL,NULL,0,0,NULL,3,NULL,'Maximum:',NULL,'on',2,60),(1329,'',200,0,45,200,10,'FF',4,0.00,NULL,NULL,0,0,NULL,1,NULL,'reads/sec',NULL,'',2,1),(1330,'',200,0,45,200,0,'FF',9,0.00,NULL,NULL,0,0,NULL,4,NULL,'Current:',NULL,'',2,2),(1331,'',200,0,45,200,0,'FF',9,0.00,NULL,NULL,0,0,NULL,1,NULL,'Average:',NULL,'',2,3),(1332,'',200,0,45,200,0,'FF',9,0.00,NULL,NULL,0,0,NULL,3,NULL,'Maximum:',NULL,'on',2,4),(1333,'',201,0,45,201,48,'FF',4,0.00,NULL,NULL,0,0,NULL,1,NULL,'writes/sec',NULL,'',2,5),(1334,'',201,0,45,201,0,'FF',9,0.00,NULL,NULL,0,0,NULL,4,NULL,'Current:',NULL,'',2,6),(1335,'',201,0,45,201,0,'FF',9,0.00,NULL,NULL,0,0,NULL,1,NULL,'Average:',NULL,'',2,7),(1336,'',201,0,45,201,0,'FF',9,0.00,NULL,NULL,0,0,NULL,3,NULL,'Maximum:',NULL,'on',2,8),(1337,'',202,0,46,202,10,'FF',4,0.00,NULL,NULL,14,0,NULL,1,NULL,'read transfers',NULL,'',2,1),(1338,'',202,0,46,202,0,'FF',9,0.00,NULL,NULL,14,0,NULL,4,NULL,'Current:',NULL,'',2,2),(1339,'',202,0,46,202,0,'FF',9,0.00,NULL,NULL,14,0,NULL,1,NULL,'Average:',NULL,'',2,3),(1340,'',202,0,46,202,0,'FF',9,0.00,NULL,NULL,14,0,NULL,3,NULL,'Maximum:',NULL,'on',2,4),(1341,'',203,0,46,203,48,'FF',4,0.00,NULL,NULL,14,0,NULL,1,NULL,'write transfers',NULL,'',2,5),(1342,'',203,0,46,203,0,'FF',9,0.00,NULL,NULL,14,0,NULL,4,NULL,'Current:',NULL,'',2,6),(1343,'',203,0,46,203,0,'FF',9,0.00,NULL,NULL,14,0,NULL,1,NULL,'Average:',NULL,'',2,7),(1344,'',203,0,46,203,0,'FF',9,0.00,NULL,NULL,14,0,NULL,3,NULL,'Maximum:',NULL,'on',2,8),(1345,'',204,0,47,204,10,'FF',4,0.00,NULL,NULL,0,0,NULL,1,NULL,'disk latency',NULL,'',2,1),(1346,'',204,0,47,204,0,'FF',9,0.00,NULL,NULL,0,0,NULL,4,NULL,'Current:',NULL,'',2,2),(1347,'',204,0,47,204,0,'FF',9,0.00,NULL,NULL,0,0,NULL,1,NULL,'Average:',NULL,'',2,3),(1348,'',204,0,47,204,0,'FF',9,0.00,NULL,NULL,0,0,NULL,3,NULL,'Maximum:',NULL,'on',2,4),(1349,'',206,0,48,206,10,'FF',4,0.00,NULL,NULL,0,0,NULL,1,NULL,'1min',NULL,'',2,1),(1350,'',206,0,48,206,0,'FF',9,0.00,NULL,NULL,0,0,NULL,4,NULL,'Current:',NULL,'',2,2),(1351,'',206,0,48,206,0,'FF',9,0.00,NULL,NULL,0,0,NULL,1,NULL,'Average:',NULL,'',2,3),(1352,'',206,0,48,206,0,'FF',9,0.00,NULL,NULL,0,0,NULL,3,NULL,'Maximum:',NULL,'on',2,4),(1353,'',207,0,48,207,48,'FF',4,0.00,NULL,NULL,0,0,NULL,1,NULL,'5min',NULL,'',2,5),(1354,'',207,0,48,207,0,'FF',9,0.00,NULL,NULL,0,0,NULL,4,NULL,'Current:',NULL,'',2,6),(1355,'',207,0,48,207,0,'FF',9,0.00,NULL,NULL,0,0,NULL,1,NULL,'Average:',NULL,'',2,7),(1356,'',207,0,48,207,0,'FF',9,0.00,NULL,NULL,0,0,NULL,3,NULL,'Maximum:',NULL,'on',2,8),(1357,'',208,0,48,208,93,'FF',4,0.00,NULL,NULL,0,0,NULL,1,NULL,'15min',NULL,'',2,9),(1358,'',208,0,48,208,0,'FF',9,0.00,NULL,NULL,0,0,NULL,4,NULL,'Current:',NULL,'',2,10),(1359,'',208,0,48,208,0,'FF',9,0.00,NULL,NULL,0,0,NULL,1,NULL,'Average:',NULL,'',2,11),(1360,'',208,0,48,208,0,'FF',9,0.00,NULL,NULL,0,0,NULL,3,NULL,'Maximum:',NULL,'on',2,12),(1361,'',0,0,49,0,0,'FF',1,0.00,NULL,NULL,0,0,NULL,1,NULL,'comment',NULL,'on',2,1),(1362,'',0,0,49,0,9,'FF',2,0.00,NULL,NULL,0,0,NULL,1,NULL,'threshold',NULL,'on',2,2),(1363,'',210,0,49,210,10,'FF',7,0.00,NULL,NULL,14,0,NULL,1,NULL,'used',NULL,'',2,3),(1364,'',210,0,49,210,0,'FF',9,0.00,NULL,NULL,14,0,NULL,4,NULL,'Current:',NULL,'',2,4),(1365,'',210,0,49,210,0,'FF',9,0.00,NULL,NULL,14,0,NULL,1,NULL,'Average:',NULL,'',2,5),(1366,'',210,0,49,210,0,'FF',9,0.00,NULL,NULL,14,0,NULL,3,NULL,'Maximum:',NULL,'on',2,6),(1367,'',211,0,49,211,48,'FF',8,0.00,NULL,NULL,14,0,NULL,1,NULL,'shared',NULL,'',2,7),(1368,'',211,0,49,211,0,'FF',9,0.00,NULL,NULL,14,0,NULL,4,NULL,'Current:',NULL,'',2,8),(1369,'',211,0,49,211,0,'FF',9,0.00,NULL,NULL,14,0,NULL,1,NULL,'Average:',NULL,'',2,9),(1370,'',211,0,49,211,0,'FF',9,0.00,NULL,NULL,14,0,NULL,3,NULL,'Maximum:',NULL,'on',2,10),(1371,'',212,0,49,212,93,'FF',8,0.00,NULL,NULL,14,0,NULL,1,NULL,'buffers',NULL,'',2,11),(1372,'',212,0,49,212,0,'FF',9,0.00,NULL,NULL,14,0,NULL,4,NULL,'Current:',NULL,'',2,12),(1373,'',212,0,49,212,0,'FF',9,0.00,NULL,NULL,14,0,NULL,1,NULL,'Average:',NULL,'',2,13),(1374,'',212,0,49,212,0,'FF',9,0.00,NULL,NULL,14,0,NULL,3,NULL,'Maximum:',NULL,'on',2,14),(1375,'',213,0,49,213,35,'FF',8,0.00,NULL,NULL,14,0,NULL,1,NULL,'cached',NULL,'',2,15),(1376,'',213,0,49,213,0,'FF',9,0.00,NULL,NULL,14,0,NULL,4,NULL,'Current:',NULL,'',2,16),(1377,'',213,0,49,213,0,'FF',9,0.00,NULL,NULL,14,0,NULL,1,NULL,'Average:',NULL,'',2,17),(1378,'',213,0,49,213,0,'FF',9,0.00,NULL,NULL,14,0,NULL,3,NULL,'Maximum:',NULL,'on',2,18),(1379,'',214,0,49,214,25,'FF',8,0.00,NULL,NULL,14,0,NULL,1,NULL,'free',NULL,'',2,19),(1380,'',214,0,49,214,0,'FF',9,0.00,NULL,NULL,14,0,NULL,4,NULL,'Current:',NULL,'',2,20),(1381,'',214,0,49,214,0,'FF',9,0.00,NULL,NULL,14,0,NULL,1,NULL,'Average:',NULL,'',2,21),(1382,'',214,0,49,214,0,'FF',9,0.00,NULL,NULL,14,0,NULL,3,NULL,'Maximum:',NULL,'on',2,22),(1383,'',212,0,50,212,10,'FF',7,0.00,NULL,NULL,14,0,NULL,1,NULL,'cached / buffers',NULL,'',2,1),(1384,'',212,0,50,212,0,'FF',9,0.00,NULL,NULL,14,0,NULL,4,NULL,'Current:',NULL,'',2,2),(1385,'',212,0,50,212,0,'FF',9,0.00,NULL,NULL,14,0,NULL,1,NULL,'Average:',NULL,'',2,3),(1386,'',212,0,50,212,0,'FF',9,0.00,NULL,NULL,14,0,NULL,3,NULL,'Maximum:',NULL,'on',2,4),(1387,'',214,0,50,214,48,'FF',8,0.00,NULL,NULL,14,0,NULL,1,NULL,'free',NULL,'',2,5),(1388,'',214,0,50,214,0,'FF',9,0.00,NULL,NULL,14,0,NULL,4,NULL,'Current:',NULL,'',2,6),(1389,'',214,0,50,214,0,'FF',9,0.00,NULL,NULL,14,0,NULL,1,NULL,'Average:',NULL,'',2,7),(1390,'',214,0,50,214,0,'FF',9,0.00,NULL,NULL,14,0,NULL,3,NULL,'Maximum:',NULL,'on',2,8),(1391,'',0,0,50,0,1,'FF',4,0.00,NULL,NULL,15,0,NULL,1,NULL,'Total',NULL,'',2,9),(1392,'',0,0,50,0,0,'FF',9,0.00,NULL,NULL,15,0,NULL,4,NULL,'Current:',NULL,'',2,10),(1393,'',0,0,50,0,0,'FF',9,0.00,NULL,NULL,15,0,NULL,1,NULL,'Average:',NULL,'',2,11),(1394,'',0,0,50,0,0,'FF',9,0.00,NULL,NULL,15,0,NULL,3,NULL,'Maximum:',NULL,'on',2,12),(1395,'',210,0,51,210,10,'FF',4,0.00,NULL,NULL,14,0,NULL,1,NULL,'used',NULL,'',2,1),(1396,'',210,0,51,210,0,'FF',9,0.00,NULL,NULL,14,0,NULL,4,NULL,'Current:',NULL,'',2,2),(1397,'',210,0,51,210,0,'FF',9,0.00,NULL,NULL,14,0,NULL,1,NULL,'Average:',NULL,'',2,3),(1398,'',210,0,51,210,0,'FF',9,0.00,NULL,NULL,14,0,NULL,3,NULL,'Maximum:',NULL,'on',2,4),(1399,'',216,0,52,216,10,'FF',7,0.00,NULL,NULL,0,0,NULL,1,NULL,'inBytes',NULL,'',2,1),(1400,'',216,0,52,216,0,'FF',9,0.00,NULL,NULL,0,0,NULL,4,NULL,'Current:',NULL,'',2,2),(1401,'',216,0,52,216,0,'FF',9,0.00,NULL,NULL,0,0,NULL,1,NULL,'Average:',NULL,'',2,3),(1402,'',216,0,52,216,0,'FF',9,0.00,NULL,NULL,0,0,NULL,3,NULL,'Maximum:',NULL,'on',2,4),(1403,'',216,0,53,216,10,'FF',7,0.00,NULL,NULL,0,0,NULL,1,NULL,'inBytes',NULL,'',2,1),(1404,'',216,0,53,216,0,'FF',9,0.00,NULL,NULL,0,0,NULL,4,NULL,'Current:',NULL,'',2,2),(1405,'',216,0,53,216,0,'FF',9,0.00,NULL,NULL,0,0,NULL,1,NULL,'Average:',NULL,'',2,3),(1406,'',216,0,53,216,0,'FF',9,0.00,NULL,NULL,0,0,NULL,3,NULL,'Maximum:',NULL,'on',2,4),(1407,'',218,0,53,218,48,'FF',8,0.00,NULL,NULL,0,0,NULL,1,NULL,'inBytes',NULL,'',2,5),(1408,'',218,0,53,218,0,'FF',9,0.00,NULL,NULL,0,0,NULL,4,NULL,'Current:',NULL,'',2,6),(1409,'',218,0,53,218,0,'FF',9,0.00,NULL,NULL,0,0,NULL,1,NULL,'Average:',NULL,'',2,7),(1410,'',218,0,53,218,0,'FF',9,0.00,NULL,NULL,0,0,NULL,3,NULL,'Maximum:',NULL,'on',2,8),(1411,'',216,0,54,216,10,'FF',7,0.00,NULL,NULL,0,0,NULL,1,NULL,'inBytes',NULL,'',2,1),(1412,'',216,0,54,216,0,'FF',9,0.00,NULL,NULL,0,0,NULL,4,NULL,'Current:',NULL,'',2,2),(1413,'',216,0,54,216,0,'FF',9,0.00,NULL,NULL,0,0,NULL,1,NULL,'Average:',NULL,'',2,3),(1414,'',216,0,54,216,0,'FF',9,0.00,NULL,NULL,0,0,NULL,3,NULL,'Maximum:',NULL,'on',2,4),(1415,'',218,0,54,218,48,'FF',8,0.00,NULL,NULL,0,0,NULL,1,NULL,'inBytes',NULL,'',2,5),(1416,'',218,0,54,218,0,'FF',9,0.00,NULL,NULL,0,0,NULL,4,NULL,'Current:',NULL,'',2,6),(1417,'',218,0,54,218,0,'FF',9,0.00,NULL,NULL,0,0,NULL,1,NULL,'Average:',NULL,'',2,7),(1418,'',218,0,54,218,0,'FF',9,0.00,NULL,NULL,0,0,NULL,3,NULL,'Maximum:',NULL,'on',2,8),(1419,'',220,0,54,220,93,'FF',8,0.00,NULL,NULL,0,0,NULL,1,NULL,'inBytes',NULL,'',2,9),(1420,'',220,0,54,220,0,'FF',9,0.00,NULL,NULL,0,0,NULL,4,NULL,'Current:',NULL,'',2,10),(1421,'',220,0,54,220,0,'FF',9,0.00,NULL,NULL,0,0,NULL,1,NULL,'Average:',NULL,'',2,11),(1422,'',220,0,54,220,0,'FF',9,0.00,NULL,NULL,0,0,NULL,3,NULL,'Maximum:',NULL,'on',2,12),(1423,'',216,0,55,216,10,'FF',7,0.00,NULL,NULL,0,0,NULL,1,NULL,'inBytes',NULL,'',2,1),(1424,'',216,0,55,216,0,'FF',9,0.00,NULL,NULL,0,0,NULL,4,NULL,'Current:',NULL,'',2,2),(1425,'',216,0,55,216,0,'FF',9,0.00,NULL,NULL,0,0,NULL,1,NULL,'Average:',NULL,'',2,3),(1426,'',216,0,55,216,0,'FF',9,0.00,NULL,NULL,0,0,NULL,3,NULL,'Maximum:',NULL,'on',2,4),(1427,'',218,0,55,218,48,'FF',8,0.00,NULL,NULL,0,0,NULL,1,NULL,'inBytes',NULL,'',2,5),(1428,'',218,0,55,218,0,'FF',9,0.00,NULL,NULL,0,0,NULL,4,NULL,'Current:',NULL,'',2,6),(1429,'',218,0,55,218,0,'FF',9,0.00,NULL,NULL,0,0,NULL,1,NULL,'Average:',NULL,'',2,7),(1430,'',218,0,55,218,0,'FF',9,0.00,NULL,NULL,0,0,NULL,3,NULL,'Maximum:',NULL,'on',2,8),(1431,'',220,0,55,220,93,'FF',8,0.00,NULL,NULL,0,0,NULL,1,NULL,'inBytes',NULL,'',2,9),(1432,'',220,0,55,220,0,'FF',9,0.00,NULL,NULL,0,0,NULL,4,NULL,'Current:',NULL,'',2,10),(1433,'',220,0,55,220,0,'FF',9,0.00,NULL,NULL,0,0,NULL,1,NULL,'Average:',NULL,'',2,11),(1434,'',220,0,55,220,0,'FF',9,0.00,NULL,NULL,0,0,NULL,3,NULL,'Maximum:',NULL,'on',2,12),(1435,'',222,0,55,222,35,'FF',8,0.00,NULL,NULL,0,0,NULL,1,NULL,'inBytes',NULL,'',2,13),(1436,'',222,0,55,222,0,'FF',9,0.00,NULL,NULL,0,0,NULL,4,NULL,'Current:',NULL,'',2,14),(1437,'',222,0,55,222,0,'FF',9,0.00,NULL,NULL,0,0,NULL,1,NULL,'Average:',NULL,'',2,15),(1438,'',222,0,55,222,0,'FF',9,0.00,NULL,NULL,0,0,NULL,3,NULL,'Maximum:',NULL,'on',2,16),(1439,'',216,0,56,216,10,'FF',7,0.00,NULL,NULL,0,0,NULL,1,NULL,'inBytes',NULL,'',2,1),(1440,'',216,0,56,216,0,'FF',9,0.00,NULL,NULL,0,0,NULL,4,NULL,'Current:',NULL,'',2,2),(1441,'',216,0,56,216,0,'FF',9,0.00,NULL,NULL,0,0,NULL,1,NULL,'Average:',NULL,'',2,3),(1442,'',216,0,56,216,0,'FF',9,0.00,NULL,NULL,0,0,NULL,3,NULL,'Maximum:',NULL,'on',2,4),(1443,'',218,0,56,218,48,'FF',8,0.00,NULL,NULL,0,0,NULL,1,NULL,'inBytes',NULL,'',2,5),(1444,'',218,0,56,218,0,'FF',9,0.00,NULL,NULL,0,0,NULL,4,NULL,'Current:',NULL,'',2,6),(1445,'',218,0,56,218,0,'FF',9,0.00,NULL,NULL,0,0,NULL,1,NULL,'Average:',NULL,'',2,7),(1446,'',218,0,56,218,0,'FF',9,0.00,NULL,NULL,0,0,NULL,3,NULL,'Maximum:',NULL,'on',2,8),(1447,'',220,0,56,220,93,'FF',8,0.00,NULL,NULL,0,0,NULL,1,NULL,'inBytes',NULL,'',2,9),(1448,'',220,0,56,220,0,'FF',9,0.00,NULL,NULL,0,0,NULL,4,NULL,'Current:',NULL,'',2,10),(1449,'',220,0,56,220,0,'FF',9,0.00,NULL,NULL,0,0,NULL,1,NULL,'Average:',NULL,'',2,11),(1450,'',220,0,56,220,0,'FF',9,0.00,NULL,NULL,0,0,NULL,3,NULL,'Maximum:',NULL,'on',2,12),(1451,'',222,0,56,222,35,'FF',8,0.00,NULL,NULL,0,0,NULL,1,NULL,'inBytes',NULL,'',2,13),(1452,'',222,0,56,222,0,'FF',9,0.00,NULL,NULL,0,0,NULL,4,NULL,'Current:',NULL,'',2,14),(1453,'',222,0,56,222,0,'FF',9,0.00,NULL,NULL,0,0,NULL,1,NULL,'Average:',NULL,'',2,15),(1454,'',222,0,56,222,0,'FF',9,0.00,NULL,NULL,0,0,NULL,3,NULL,'Maximum:',NULL,'on',2,16),(1455,'',224,0,56,224,25,'FF',8,0.00,NULL,NULL,0,0,NULL,1,NULL,'inBytes',NULL,'',2,17),(1456,'',224,0,56,224,0,'FF',9,0.00,NULL,NULL,0,0,NULL,4,NULL,'Current:',NULL,'',2,18),(1457,'',224,0,56,224,0,'FF',9,0.00,NULL,NULL,0,0,NULL,1,NULL,'Average:',NULL,'',2,19),(1458,'',224,0,56,224,0,'FF',9,0.00,NULL,NULL,0,0,NULL,3,NULL,'Maximum:',NULL,'on',2,20),(1459,'',225,0,57,225,10,'FF',7,0.00,NULL,NULL,0,0,NULL,1,NULL,'outBytes',NULL,'',2,1),(1460,'',225,0,57,225,0,'FF',9,0.00,NULL,NULL,0,0,NULL,4,NULL,'Current:',NULL,'',2,2),(1461,'',225,0,57,225,0,'FF',9,0.00,NULL,NULL,0,0,NULL,1,NULL,'Average:',NULL,'',2,3),(1462,'',225,0,57,225,0,'FF',9,0.00,NULL,NULL,0,0,NULL,3,NULL,'Maximum:',NULL,'on',2,4),(1463,'',225,0,58,225,10,'FF',7,0.00,NULL,NULL,0,0,NULL,1,NULL,'outBytes',NULL,'',2,1),(1464,'',225,0,58,225,0,'FF',9,0.00,NULL,NULL,0,0,NULL,4,NULL,'Current:',NULL,'',2,2),(1465,'',225,0,58,225,0,'FF',9,0.00,NULL,NULL,0,0,NULL,1,NULL,'Average:',NULL,'',2,3),(1466,'',225,0,58,225,0,'FF',9,0.00,NULL,NULL,0,0,NULL,3,NULL,'Maximum:',NULL,'on',2,4),(1467,'',226,0,58,226,48,'FF',8,0.00,NULL,NULL,0,0,NULL,1,NULL,'outBytes',NULL,'',2,5),(1468,'',226,0,58,226,0,'FF',9,0.00,NULL,NULL,0,0,NULL,4,NULL,'Current:',NULL,'',2,6),(1469,'',226,0,58,226,0,'FF',9,0.00,NULL,NULL,0,0,NULL,1,NULL,'Average:',NULL,'',2,7),(1470,'',226,0,58,226,0,'FF',9,0.00,NULL,NULL,0,0,NULL,3,NULL,'Maximum:',NULL,'on',2,8),(1471,'',225,0,59,225,10,'FF',7,0.00,NULL,NULL,0,0,NULL,1,NULL,'outBytes',NULL,'',2,1),(1472,'',225,0,59,225,0,'FF',9,0.00,NULL,NULL,0,0,NULL,4,NULL,'Current:',NULL,'',2,2),(1473,'',225,0,59,225,0,'FF',9,0.00,NULL,NULL,0,0,NULL,1,NULL,'Average:',NULL,'',2,3),(1474,'',225,0,59,225,0,'FF',9,0.00,NULL,NULL,0,0,NULL,3,NULL,'Maximum:',NULL,'on',2,4),(1475,'',226,0,59,226,48,'FF',8,0.00,NULL,NULL,0,0,NULL,1,NULL,'outBytes',NULL,'',2,5),(1476,'',226,0,59,226,0,'FF',9,0.00,NULL,NULL,0,0,NULL,4,NULL,'Current:',NULL,'',2,6),(1477,'',226,0,59,226,0,'FF',9,0.00,NULL,NULL,0,0,NULL,1,NULL,'Average:',NULL,'',2,7),(1478,'',226,0,59,226,0,'FF',9,0.00,NULL,NULL,0,0,NULL,3,NULL,'Maximum:',NULL,'on',2,8),(1479,'',227,0,59,227,93,'FF',8,0.00,NULL,NULL,0,0,NULL,1,NULL,'outBytes',NULL,'',2,9),(1480,'',227,0,59,227,0,'FF',9,0.00,NULL,NULL,0,0,NULL,4,NULL,'Current:',NULL,'',2,10),(1481,'',227,0,59,227,0,'FF',9,0.00,NULL,NULL,0,0,NULL,1,NULL,'Average:',NULL,'',2,11),(1482,'',227,0,59,227,0,'FF',9,0.00,NULL,NULL,0,0,NULL,3,NULL,'Maximum:',NULL,'on',2,12),(1483,'',225,0,60,225,10,'FF',7,0.00,NULL,NULL,0,0,NULL,1,NULL,'outBytes',NULL,'',2,1),(1484,'',225,0,60,225,0,'FF',9,0.00,NULL,NULL,0,0,NULL,4,NULL,'Current:',NULL,'',2,2),(1485,'',225,0,60,225,0,'FF',9,0.00,NULL,NULL,0,0,NULL,1,NULL,'Average:',NULL,'',2,3),(1486,'',225,0,60,225,0,'FF',9,0.00,NULL,NULL,0,0,NULL,3,NULL,'Maximum:',NULL,'on',2,4),(1487,'',226,0,60,226,48,'FF',8,0.00,NULL,NULL,0,0,NULL,1,NULL,'outBytes',NULL,'',2,5),(1488,'',226,0,60,226,0,'FF',9,0.00,NULL,NULL,0,0,NULL,4,NULL,'Current:',NULL,'',2,6),(1489,'',226,0,60,226,0,'FF',9,0.00,NULL,NULL,0,0,NULL,1,NULL,'Average:',NULL,'',2,7),(1490,'',226,0,60,226,0,'FF',9,0.00,NULL,NULL,0,0,NULL,3,NULL,'Maximum:',NULL,'on',2,8),(1491,'',227,0,60,227,93,'FF',8,0.00,NULL,NULL,0,0,NULL,1,NULL,'outBytes',NULL,'',2,9),(1492,'',227,0,60,227,0,'FF',9,0.00,NULL,NULL,0,0,NULL,4,NULL,'Current:',NULL,'',2,10),(1493,'',227,0,60,227,0,'FF',9,0.00,NULL,NULL,0,0,NULL,1,NULL,'Average:',NULL,'',2,11),(1494,'',227,0,60,227,0,'FF',9,0.00,NULL,NULL,0,0,NULL,3,NULL,'Maximum:',NULL,'on',2,12),(1495,'',228,0,60,228,35,'FF',8,0.00,NULL,NULL,0,0,NULL,1,NULL,'outBytes',NULL,'',2,13),(1496,'',228,0,60,228,0,'FF',9,0.00,NULL,NULL,0,0,NULL,4,NULL,'Current:',NULL,'',2,14),(1497,'',228,0,60,228,0,'FF',9,0.00,NULL,NULL,0,0,NULL,1,NULL,'Average:',NULL,'',2,15),(1498,'',228,0,60,228,0,'FF',9,0.00,NULL,NULL,0,0,NULL,3,NULL,'Maximum:',NULL,'on',2,16),(1499,'',225,0,61,225,10,'FF',7,0.00,NULL,NULL,0,0,NULL,1,NULL,'outBytes',NULL,'',2,1),(1500,'',225,0,61,225,0,'FF',9,0.00,NULL,NULL,0,0,NULL,4,NULL,'Current:',NULL,'',2,2),(1501,'',225,0,61,225,0,'FF',9,0.00,NULL,NULL,0,0,NULL,1,NULL,'Average:',NULL,'',2,3),(1502,'',225,0,61,225,0,'FF',9,0.00,NULL,NULL,0,0,NULL,3,NULL,'Maximum:',NULL,'on',2,4),(1503,'',226,0,61,226,48,'FF',8,0.00,NULL,NULL,0,0,NULL,1,NULL,'outBytes',NULL,'',2,5),(1504,'',226,0,61,226,0,'FF',9,0.00,NULL,NULL,0,0,NULL,4,NULL,'Current:',NULL,'',2,6),(1505,'',226,0,61,226,0,'FF',9,0.00,NULL,NULL,0,0,NULL,1,NULL,'Average:',NULL,'',2,7),(1506,'',226,0,61,226,0,'FF',9,0.00,NULL,NULL,0,0,NULL,3,NULL,'Maximum:',NULL,'on',2,8),(1507,'',227,0,61,227,93,'FF',8,0.00,NULL,NULL,0,0,NULL,1,NULL,'outBytes',NULL,'',2,9),(1508,'',227,0,61,227,0,'FF',9,0.00,NULL,NULL,0,0,NULL,4,NULL,'Current:',NULL,'',2,10),(1509,'',227,0,61,227,0,'FF',9,0.00,NULL,NULL,0,0,NULL,1,NULL,'Average:',NULL,'',2,11),(1510,'',227,0,61,227,0,'FF',9,0.00,NULL,NULL,0,0,NULL,3,NULL,'Maximum:',NULL,'on',2,12),(1511,'',228,0,61,228,35,'FF',8,0.00,NULL,NULL,0,0,NULL,1,NULL,'outBytes',NULL,'',2,13),(1512,'',228,0,61,228,0,'FF',9,0.00,NULL,NULL,0,0,NULL,4,NULL,'Current:',NULL,'',2,14),(1513,'',228,0,61,228,0,'FF',9,0.00,NULL,NULL,0,0,NULL,1,NULL,'Average:',NULL,'',2,15),(1514,'',228,0,61,228,0,'FF',9,0.00,NULL,NULL,0,0,NULL,3,NULL,'Maximum:',NULL,'on',2,16),(1515,'',229,0,61,229,25,'FF',8,0.00,NULL,NULL,0,0,NULL,1,NULL,'outBytes',NULL,'',2,17),(1516,'',229,0,61,229,0,'FF',9,0.00,NULL,NULL,0,0,NULL,4,NULL,'Current:',NULL,'',2,18),(1517,'',229,0,61,229,0,'FF',9,0.00,NULL,NULL,0,0,NULL,1,NULL,'Average:',NULL,'',2,19),(1518,'',229,0,61,229,0,'FF',9,0.00,NULL,NULL,0,0,NULL,3,NULL,'Maximum:',NULL,'on',2,20),(1519,'',231,0,62,231,10,'FF',4,0.00,NULL,NULL,0,0,NULL,1,NULL,'inBytes',NULL,'',2,1),(1520,'',231,0,62,231,0,'FF',9,0.00,NULL,NULL,0,0,NULL,4,NULL,'Current:',NULL,'',2,2),(1521,'',231,0,62,231,0,'FF',9,0.00,NULL,NULL,0,0,NULL,1,NULL,'Average:',NULL,'',2,3),(1522,'',231,0,62,231,0,'FF',9,0.00,NULL,NULL,0,0,NULL,3,NULL,'Maximum:',NULL,'on',2,4),(1523,'',232,0,62,232,48,'FF',4,0.00,NULL,NULL,0,0,NULL,1,NULL,'outBytes',NULL,'',2,5),(1524,'',232,0,62,232,0,'FF',9,0.00,NULL,NULL,0,0,NULL,4,NULL,'Current:',NULL,'',2,6),(1525,'',232,0,62,232,0,'FF',9,0.00,NULL,NULL,0,0,NULL,1,NULL,'Average:',NULL,'',2,7),(1526,'',232,0,62,232,0,'FF',9,0.00,NULL,NULL,0,0,NULL,3,NULL,'Maximum:',NULL,'on',2,8),(1527,'',233,0,63,233,10,'FF',4,0.00,NULL,NULL,0,0,NULL,1,NULL,'inPackets',NULL,'',2,1),(1528,'',233,0,63,233,0,'FF',9,0.00,NULL,NULL,0,0,NULL,4,NULL,'Current:',NULL,'',2,2),(1529,'',233,0,63,233,0,'FF',9,0.00,NULL,NULL,0,0,NULL,1,NULL,'Average:',NULL,'',2,3),(1530,'',233,0,63,233,0,'FF',9,0.00,NULL,NULL,0,0,NULL,3,NULL,'Maximum:',NULL,'on',2,4),(1531,'',234,0,63,234,48,'FF',4,0.00,NULL,NULL,0,0,NULL,1,NULL,'outPackets',NULL,'',2,5),(1532,'',234,0,63,234,0,'FF',9,0.00,NULL,NULL,0,0,NULL,4,NULL,'Current:',NULL,'',2,6),(1533,'',234,0,63,234,0,'FF',9,0.00,NULL,NULL,0,0,NULL,1,NULL,'Average:',NULL,'',2,7),(1534,'',234,0,63,234,0,'FF',9,0.00,NULL,NULL,0,0,NULL,3,NULL,'Maximum:',NULL,'on',2,8),(1535,'',235,0,64,235,10,'FF',5,0.00,NULL,NULL,0,0,NULL,1,NULL,'inErrs',NULL,'',2,1),(1536,'',235,0,64,235,0,'FF',9,0.00,NULL,NULL,0,0,NULL,4,NULL,'Current:',NULL,'',2,2),(1537,'',235,0,64,235,0,'FF',9,0.00,NULL,NULL,0,0,NULL,1,NULL,'Average:',NULL,'',2,3),(1538,'',235,0,64,235,0,'FF',9,0.00,NULL,NULL,0,0,NULL,3,NULL,'Maximum:',NULL,'on',2,4),(1539,'',236,0,64,236,48,'FF',5,0.00,NULL,NULL,0,0,NULL,1,NULL,'outErrs',NULL,'',2,5),(1540,'',236,0,64,236,0,'FF',9,0.00,NULL,NULL,0,0,NULL,4,NULL,'Current:',NULL,'',2,6),(1541,'',236,0,64,236,0,'FF',9,0.00,NULL,NULL,0,0,NULL,1,NULL,'Average:',NULL,'',2,7),(1542,'',236,0,64,236,0,'FF',9,0.00,NULL,NULL,0,0,NULL,3,NULL,'Maximum:',NULL,'on',2,8),(1543,'',237,0,65,237,10,'FF',5,0.00,NULL,NULL,0,0,NULL,1,NULL,'inDrop',NULL,'',2,1),(1544,'',237,0,65,237,0,'FF',9,0.00,NULL,NULL,0,0,NULL,4,NULL,'Current:',NULL,'',2,2),(1545,'',237,0,65,237,0,'FF',9,0.00,NULL,NULL,0,0,NULL,1,NULL,'Average:',NULL,'',2,3),(1546,'',237,0,65,237,0,'FF',9,0.00,NULL,NULL,0,0,NULL,3,NULL,'Maximum:',NULL,'on',2,4),(1547,'',238,0,65,238,48,'FF',5,0.00,NULL,NULL,0,0,NULL,1,NULL,'inFifo',NULL,'',2,5),(1548,'',238,0,65,238,0,'FF',9,0.00,NULL,NULL,0,0,NULL,4,NULL,'Current:',NULL,'',2,6),(1549,'',238,0,65,238,0,'FF',9,0.00,NULL,NULL,0,0,NULL,1,NULL,'Average:',NULL,'',2,7),(1550,'',238,0,65,238,0,'FF',9,0.00,NULL,NULL,0,0,NULL,3,NULL,'Maximum:',NULL,'on',2,8),(1551,'',239,0,65,239,93,'FF',5,0.00,NULL,NULL,0,0,NULL,1,NULL,'inFrame',NULL,'',2,9),(1552,'',239,0,65,239,0,'FF',9,0.00,NULL,NULL,0,0,NULL,4,NULL,'Current:',NULL,'',2,10),(1553,'',239,0,65,239,0,'FF',9,0.00,NULL,NULL,0,0,NULL,1,NULL,'Average:',NULL,'',2,11),(1554,'',239,0,65,239,0,'FF',9,0.00,NULL,NULL,0,0,NULL,3,NULL,'Maximum:',NULL,'on',2,12),(1555,'',240,0,65,240,35,'FF',5,0.00,NULL,NULL,0,0,NULL,1,NULL,'outDrop',NULL,'',2,13),(1556,'',240,0,65,240,0,'FF',9,0.00,NULL,NULL,0,0,NULL,4,NULL,'Current:',NULL,'',2,14),(1557,'',240,0,65,240,0,'FF',9,0.00,NULL,NULL,0,0,NULL,1,NULL,'Average:',NULL,'',2,15),(1558,'',240,0,65,240,0,'FF',9,0.00,NULL,NULL,0,0,NULL,3,NULL,'Maximum:',NULL,'on',2,16),(1559,'',241,0,65,241,25,'FF',5,0.00,NULL,NULL,0,0,NULL,1,NULL,'outFifo',NULL,'',2,17),(1560,'',241,0,65,241,0,'FF',9,0.00,NULL,NULL,0,0,NULL,4,NULL,'Current:',NULL,'',2,18),(1561,'',241,0,65,241,0,'FF',9,0.00,NULL,NULL,0,0,NULL,1,NULL,'Average:',NULL,'',2,19),(1562,'',241,0,65,241,0,'FF',9,0.00,NULL,NULL,0,0,NULL,3,NULL,'Maximum:',NULL,'on',2,20),(1563,'',242,0,65,242,7,'FF',5,0.00,NULL,NULL,0,0,NULL,1,NULL,'outColls',NULL,'',2,21),(1564,'',242,0,65,242,0,'FF',9,0.00,NULL,NULL,0,0,NULL,4,NULL,'Current:',NULL,'',2,22),(1565,'',242,0,65,242,0,'FF',9,0.00,NULL,NULL,0,0,NULL,1,NULL,'Average:',NULL,'',2,23),(1566,'',242,0,65,242,0,'FF',9,0.00,NULL,NULL,0,0,NULL,3,NULL,'Maximum:',NULL,'on',2,24),(1567,'',243,0,65,243,8,'FF',5,0.00,NULL,NULL,0,0,NULL,1,NULL,'outCarrier',NULL,'',2,25),(1568,'',243,0,65,243,0,'FF',9,0.00,NULL,NULL,0,0,NULL,4,NULL,'Current:',NULL,'',2,26),(1569,'',243,0,65,243,0,'FF',9,0.00,NULL,NULL,0,0,NULL,1,NULL,'Average:',NULL,'',2,27),(1570,'',243,0,65,243,0,'FF',9,0.00,NULL,NULL,0,0,NULL,3,NULL,'Maximum:',NULL,'on',2,28),(1571,'',0,0,66,0,0,'FF',1,0.00,NULL,NULL,0,0,NULL,1,NULL,'comment',NULL,'on',2,1),(1572,'',245,0,66,245,10,'FF',7,0.00,NULL,NULL,0,0,NULL,1,NULL,'user',NULL,'',2,2),(1573,'',245,0,66,245,0,'FF',9,0.00,NULL,NULL,0,0,NULL,4,NULL,'Current:',NULL,'',2,3),(1574,'',245,0,66,245,0,'FF',9,0.00,NULL,NULL,0,0,NULL,1,NULL,'Average:',NULL,'',2,4),(1575,'',245,0,66,245,0,'FF',9,0.00,NULL,NULL,0,0,NULL,3,NULL,'Maximum:',NULL,'on',2,5),(1576,'',246,0,66,246,48,'FF',8,0.00,NULL,NULL,0,0,NULL,1,NULL,'sys',NULL,'',2,6),(1577,'',246,0,66,246,0,'FF',9,0.00,NULL,NULL,0,0,NULL,4,NULL,'Current:',NULL,'',2,7),(1578,'',246,0,66,246,0,'FF',9,0.00,NULL,NULL,0,0,NULL,1,NULL,'Average:',NULL,'',2,8),(1579,'',246,0,66,246,0,'FF',9,0.00,NULL,NULL,0,0,NULL,3,NULL,'Maximum:',NULL,'on',2,9),(1580,'',247,0,66,247,93,'FF',8,0.00,NULL,NULL,0,0,NULL,1,NULL,'waitio',NULL,'',2,10),(1581,'',247,0,66,247,0,'FF',9,0.00,NULL,NULL,0,0,NULL,4,NULL,'Current:',NULL,'',2,11),(1582,'',247,0,66,247,0,'FF',9,0.00,NULL,NULL,0,0,NULL,1,NULL,'Average:',NULL,'',2,12),(1583,'',247,0,66,247,0,'FF',9,0.00,NULL,NULL,0,0,NULL,3,NULL,'Maximum:',NULL,'on',2,13),(1584,'',0,0,66,0,1,'FF',4,0.00,NULL,NULL,12,0,NULL,1,NULL,'Total',NULL,'',2,14),(1585,'',0,0,66,0,0,'FF',9,0.00,NULL,NULL,12,0,NULL,4,NULL,'Current:',NULL,'',2,15),(1586,'',0,0,66,0,0,'FF',9,0.00,NULL,NULL,12,0,NULL,1,NULL,'Average:',NULL,'',2,16),(1587,'',0,0,66,0,0,'FF',9,0.00,NULL,NULL,12,0,NULL,3,NULL,'Maximum:',NULL,'on',2,17),(1588,'',248,0,67,248,10,'FF',4,0.00,NULL,NULL,0,0,NULL,1,NULL,'waiting for run',NULL,'',2,1),(1589,'',248,0,67,248,0,'FF',9,0.00,NULL,NULL,0,0,NULL,4,NULL,'Current:',NULL,'',2,2),(1590,'',248,0,67,248,0,'FF',9,0.00,NULL,NULL,0,0,NULL,1,NULL,'Average:',NULL,'',2,3),(1591,'',248,0,67,248,0,'FF',9,0.00,NULL,NULL,0,0,NULL,3,NULL,'Maximum:',NULL,'on',2,4),(1592,'',249,0,67,249,48,'FF',4,0.00,NULL,NULL,0,0,NULL,1,NULL,'blocked',NULL,'',2,5),(1593,'',249,0,67,249,0,'FF',9,0.00,NULL,NULL,0,0,NULL,4,NULL,'Current:',NULL,'',2,6),(1594,'',249,0,67,249,0,'FF',9,0.00,NULL,NULL,0,0,NULL,1,NULL,'Average:',NULL,'',2,7),(1595,'',249,0,67,249,0,'FF',9,0.00,NULL,NULL,0,0,NULL,3,NULL,'Maximum:',NULL,'on',2,8),(1596,'',250,0,68,250,10,'FF',7,0.00,NULL,NULL,14,0,NULL,1,NULL,'free',NULL,'',2,1),(1597,'',250,0,68,250,0,'FF',9,0.00,NULL,NULL,14,0,NULL,4,NULL,'Current:',NULL,'',2,2),(1598,'',250,0,68,250,0,'FF',9,0.00,NULL,NULL,14,0,NULL,1,NULL,'Average:',NULL,'',2,3),(1599,'',250,0,68,250,0,'FF',9,0.00,NULL,NULL,14,0,NULL,3,NULL,'Maximum:',NULL,'on',2,4),(1600,'',251,0,69,251,10,'FF',4,0.00,NULL,NULL,0,0,NULL,1,NULL,'swap in',NULL,'',2,1),(1601,'',251,0,69,251,0,'FF',9,0.00,NULL,NULL,0,0,NULL,4,NULL,'Current:',NULL,'',2,2),(1602,'',251,0,69,251,0,'FF',9,0.00,NULL,NULL,0,0,NULL,1,NULL,'Average:',NULL,'',2,3),(1603,'',251,0,69,251,0,'FF',9,0.00,NULL,NULL,0,0,NULL,3,NULL,'Maximum:',NULL,'on',2,4),(1604,'',252,0,69,252,48,'FF',4,0.00,NULL,NULL,0,0,NULL,1,NULL,'swap out',NULL,'',2,5),(1605,'',252,0,69,252,0,'FF',9,0.00,NULL,NULL,0,0,NULL,4,NULL,'Current:',NULL,'',2,6),(1606,'',252,0,69,252,0,'FF',9,0.00,NULL,NULL,0,0,NULL,1,NULL,'Average:',NULL,'',2,7),(1607,'',252,0,69,252,0,'FF',9,0.00,NULL,NULL,0,0,NULL,3,NULL,'Maximum:',NULL,'on',2,8),(1608,'',254,0,70,254,10,'FF',5,0.00,NULL,NULL,0,0,NULL,1,NULL,'PercentFree',NULL,'',2,1),(1609,'',254,0,70,254,0,'FF',9,0.00,NULL,NULL,0,0,NULL,4,NULL,'Current:',NULL,'',2,2),(1610,'',254,0,70,254,0,'FF',9,0.00,NULL,NULL,0,0,NULL,1,NULL,'Average:',NULL,'',2,3),(1611,'',254,0,70,254,0,'FF',9,0.00,NULL,NULL,0,0,NULL,3,NULL,'Maximum:',NULL,'on',2,4),(1612,'',254,0,71,254,10,'FF',5,0.00,NULL,NULL,0,0,NULL,1,NULL,'PercentFree',NULL,'',2,1),(1613,'',254,0,71,254,0,'FF',9,0.00,NULL,NULL,0,0,NULL,4,NULL,'Current:',NULL,'',2,2),(1614,'',254,0,71,254,0,'FF',9,0.00,NULL,NULL,0,0,NULL,1,NULL,'Average:',NULL,'',2,3),(1615,'',254,0,71,254,0,'FF',9,0.00,NULL,NULL,0,0,NULL,3,NULL,'Maximum:',NULL,'on',2,4),(1616,'',256,0,71,256,48,'FF',5,0.00,NULL,NULL,0,0,NULL,1,NULL,'PercentFree',NULL,'',2,5),(1617,'',256,0,71,256,0,'FF',9,0.00,NULL,NULL,0,0,NULL,4,NULL,'Current:',NULL,'',2,6),(1618,'',256,0,71,256,0,'FF',9,0.00,NULL,NULL,0,0,NULL,1,NULL,'Average:',NULL,'',2,7),(1619,'',256,0,71,256,0,'FF',9,0.00,NULL,NULL,0,0,NULL,3,NULL,'Maximum:',NULL,'on',2,8),(1620,'',254,0,72,254,10,'FF',5,0.00,NULL,NULL,0,0,NULL,1,NULL,'PercentFree',NULL,'',2,1),(1621,'',254,0,72,254,0,'FF',9,0.00,NULL,NULL,0,0,NULL,4,NULL,'Current:',NULL,'',2,2),(1622,'',254,0,72,254,0,'FF',9,0.00,NULL,NULL,0,0,NULL,1,NULL,'Average:',NULL,'',2,3),(1623,'',254,0,72,254,0,'FF',9,0.00,NULL,NULL,0,0,NULL,3,NULL,'Maximum:',NULL,'on',2,4),(1624,'',256,0,72,256,48,'FF',5,0.00,NULL,NULL,0,0,NULL,1,NULL,'PercentFree',NULL,'',2,5),(1625,'',256,0,72,256,0,'FF',9,0.00,NULL,NULL,0,0,NULL,4,NULL,'Current:',NULL,'',2,6),(1626,'',256,0,72,256,0,'FF',9,0.00,NULL,NULL,0,0,NULL,1,NULL,'Average:',NULL,'',2,7),(1627,'',256,0,72,256,0,'FF',9,0.00,NULL,NULL,0,0,NULL,3,NULL,'Maximum:',NULL,'on',2,8),(1628,'',258,0,72,258,93,'FF',5,0.00,NULL,NULL,0,0,NULL,1,NULL,'PercentFree',NULL,'',2,9),(1629,'',258,0,72,258,0,'FF',9,0.00,NULL,NULL,0,0,NULL,4,NULL,'Current:',NULL,'',2,10),(1630,'',258,0,72,258,0,'FF',9,0.00,NULL,NULL,0,0,NULL,1,NULL,'Average:',NULL,'',2,11),(1631,'',258,0,72,258,0,'FF',9,0.00,NULL,NULL,0,0,NULL,3,NULL,'Maximum:',NULL,'on',2,12),(1632,'',254,0,73,254,10,'FF',5,0.00,NULL,NULL,0,0,NULL,1,NULL,'PercentFree',NULL,'',2,1),(1633,'',254,0,73,254,0,'FF',9,0.00,NULL,NULL,0,0,NULL,4,NULL,'Current:',NULL,'',2,2),(1634,'',254,0,73,254,0,'FF',9,0.00,NULL,NULL,0,0,NULL,1,NULL,'Average:',NULL,'',2,3),(1635,'',254,0,73,254,0,'FF',9,0.00,NULL,NULL,0,0,NULL,3,NULL,'Maximum:',NULL,'on',2,4),(1636,'',256,0,73,256,48,'FF',5,0.00,NULL,NULL,0,0,NULL,1,NULL,'PercentFree',NULL,'',2,5),(1637,'',256,0,73,256,0,'FF',9,0.00,NULL,NULL,0,0,NULL,4,NULL,'Current:',NULL,'',2,6),(1638,'',256,0,73,256,0,'FF',9,0.00,NULL,NULL,0,0,NULL,1,NULL,'Average:',NULL,'',2,7),(1639,'',256,0,73,256,0,'FF',9,0.00,NULL,NULL,0,0,NULL,3,NULL,'Maximum:',NULL,'on',2,8),(1640,'',258,0,73,258,93,'FF',5,0.00,NULL,NULL,0,0,NULL,1,NULL,'PercentFree',NULL,'',2,9),(1641,'',258,0,73,258,0,'FF',9,0.00,NULL,NULL,0,0,NULL,4,NULL,'Current:',NULL,'',2,10),(1642,'',258,0,73,258,0,'FF',9,0.00,NULL,NULL,0,0,NULL,1,NULL,'Average:',NULL,'',2,11),(1643,'',258,0,73,258,0,'FF',9,0.00,NULL,NULL,0,0,NULL,3,NULL,'Maximum:',NULL,'on',2,12),(1644,'',260,0,73,260,35,'FF',5,0.00,NULL,NULL,0,0,NULL,1,NULL,'PercentFree',NULL,'',2,13),(1645,'',260,0,73,260,0,'FF',9,0.00,NULL,NULL,0,0,NULL,4,NULL,'Current:',NULL,'',2,14),(1646,'',260,0,73,260,0,'FF',9,0.00,NULL,NULL,0,0,NULL,1,NULL,'Average:',NULL,'',2,15),(1647,'',260,0,73,260,0,'FF',9,0.00,NULL,NULL,0,0,NULL,3,NULL,'Maximum:',NULL,'on',2,16),(1648,'',254,0,74,254,10,'FF',5,0.00,NULL,NULL,0,0,NULL,1,NULL,'PercentFree',NULL,'',2,1),(1649,'',254,0,74,254,0,'FF',9,0.00,NULL,NULL,0,0,NULL,4,NULL,'Current:',NULL,'',2,2),(1650,'',254,0,74,254,0,'FF',9,0.00,NULL,NULL,0,0,NULL,1,NULL,'Average:',NULL,'',2,3),(1651,'',254,0,74,254,0,'FF',9,0.00,NULL,NULL,0,0,NULL,3,NULL,'Maximum:',NULL,'on',2,4),(1652,'',256,0,74,256,48,'FF',5,0.00,NULL,NULL,0,0,NULL,1,NULL,'PercentFree',NULL,'',2,5),(1653,'',256,0,74,256,0,'FF',9,0.00,NULL,NULL,0,0,NULL,4,NULL,'Current:',NULL,'',2,6),(1654,'',256,0,74,256,0,'FF',9,0.00,NULL,NULL,0,0,NULL,1,NULL,'Average:',NULL,'',2,7),(1655,'',256,0,74,256,0,'FF',9,0.00,NULL,NULL,0,0,NULL,3,NULL,'Maximum:',NULL,'on',2,8),(1656,'',258,0,74,258,93,'FF',5,0.00,NULL,NULL,0,0,NULL,1,NULL,'PercentFree',NULL,'',2,9),(1657,'',258,0,74,258,0,'FF',9,0.00,NULL,NULL,0,0,NULL,4,NULL,'Current:',NULL,'',2,10),(1658,'',258,0,74,258,0,'FF',9,0.00,NULL,NULL,0,0,NULL,1,NULL,'Average:',NULL,'',2,11),(1659,'',258,0,74,258,0,'FF',9,0.00,NULL,NULL,0,0,NULL,3,NULL,'Maximum:',NULL,'on',2,12),(1660,'',260,0,74,260,35,'FF',5,0.00,NULL,NULL,0,0,NULL,1,NULL,'PercentFree',NULL,'',2,13),(1661,'',260,0,74,260,0,'FF',9,0.00,NULL,NULL,0,0,NULL,4,NULL,'Current:',NULL,'',2,14),(1662,'',260,0,74,260,0,'FF',9,0.00,NULL,NULL,0,0,NULL,1,NULL,'Average:',NULL,'',2,15),(1663,'',260,0,74,260,0,'FF',9,0.00,NULL,NULL,0,0,NULL,3,NULL,'Maximum:',NULL,'on',2,16),(1664,'',262,0,74,262,25,'FF',5,0.00,NULL,NULL,0,0,NULL,1,NULL,'PercentFree',NULL,'',2,17),(1665,'',262,0,74,262,0,'FF',9,0.00,NULL,NULL,0,0,NULL,4,NULL,'Current:',NULL,'',2,18),(1666,'',262,0,74,262,0,'FF',9,0.00,NULL,NULL,0,0,NULL,1,NULL,'Average:',NULL,'',2,19),(1667,'',262,0,74,262,0,'FF',9,0.00,NULL,NULL,0,0,NULL,3,NULL,'Maximum:',NULL,'on',2,20),(1668,'',254,0,75,254,10,'FF',5,0.00,NULL,NULL,0,0,NULL,1,NULL,'PercentFree',NULL,'',2,1),(1669,'',254,0,75,254,0,'FF',9,0.00,NULL,NULL,0,0,NULL,4,NULL,'Current:',NULL,'',2,2),(1670,'',254,0,75,254,0,'FF',9,0.00,NULL,NULL,0,0,NULL,1,NULL,'Average:',NULL,'',2,3),(1671,'',254,0,75,254,0,'FF',9,0.00,NULL,NULL,0,0,NULL,3,NULL,'Maximum:',NULL,'on',2,4),(1672,'',256,0,75,256,48,'FF',5,0.00,NULL,NULL,0,0,NULL,1,NULL,'PercentFree',NULL,'',2,5),(1673,'',256,0,75,256,0,'FF',9,0.00,NULL,NULL,0,0,NULL,4,NULL,'Current:',NULL,'',2,6),(1674,'',256,0,75,256,0,'FF',9,0.00,NULL,NULL,0,0,NULL,1,NULL,'Average:',NULL,'',2,7),(1675,'',256,0,75,256,0,'FF',9,0.00,NULL,NULL,0,0,NULL,3,NULL,'Maximum:',NULL,'on',2,8),(1676,'',258,0,75,258,93,'FF',5,0.00,NULL,NULL,0,0,NULL,1,NULL,'PercentFree',NULL,'',2,9),(1677,'',258,0,75,258,0,'FF',9,0.00,NULL,NULL,0,0,NULL,4,NULL,'Current:',NULL,'',2,10),(1678,'',258,0,75,258,0,'FF',9,0.00,NULL,NULL,0,0,NULL,1,NULL,'Average:',NULL,'',2,11),(1679,'',258,0,75,258,0,'FF',9,0.00,NULL,NULL,0,0,NULL,3,NULL,'Maximum:',NULL,'on',2,12),(1680,'',260,0,75,260,35,'FF',5,0.00,NULL,NULL,0,0,NULL,1,NULL,'PercentFree',NULL,'',2,13),(1681,'',260,0,75,260,0,'FF',9,0.00,NULL,NULL,0,0,NULL,4,NULL,'Current:',NULL,'',2,14),(1682,'',260,0,75,260,0,'FF',9,0.00,NULL,NULL,0,0,NULL,1,NULL,'Average:',NULL,'',2,15),(1683,'',260,0,75,260,0,'FF',9,0.00,NULL,NULL,0,0,NULL,3,NULL,'Maximum:',NULL,'on',2,16),(1684,'',262,0,75,262,25,'FF',5,0.00,NULL,NULL,0,0,NULL,1,NULL,'PercentFree',NULL,'',2,17),(1685,'',262,0,75,262,0,'FF',9,0.00,NULL,NULL,0,0,NULL,4,NULL,'Current:',NULL,'',2,18),(1686,'',262,0,75,262,0,'FF',9,0.00,NULL,NULL,0,0,NULL,1,NULL,'Average:',NULL,'',2,19),(1687,'',262,0,75,262,0,'FF',9,0.00,NULL,NULL,0,0,NULL,3,NULL,'Maximum:',NULL,'on',2,20),(1688,'',264,0,75,264,7,'FF',5,0.00,NULL,NULL,0,0,NULL,1,NULL,'PercentFree',NULL,'',2,21),(1689,'',264,0,75,264,0,'FF',9,0.00,NULL,NULL,0,0,NULL,4,NULL,'Current:',NULL,'',2,22),(1690,'',264,0,75,264,0,'FF',9,0.00,NULL,NULL,0,0,NULL,1,NULL,'Average:',NULL,'',2,23),(1691,'',264,0,75,264,0,'FF',9,0.00,NULL,NULL,0,0,NULL,3,NULL,'Maximum:',NULL,'on',2,24),(1692,'',254,0,76,254,10,'FF',5,0.00,NULL,NULL,0,0,NULL,1,NULL,'PercentFree',NULL,'',2,1),(1693,'',254,0,76,254,0,'FF',9,0.00,NULL,NULL,0,0,NULL,4,NULL,'Current:',NULL,'',2,2),(1694,'',254,0,76,254,0,'FF',9,0.00,NULL,NULL,0,0,NULL,1,NULL,'Average:',NULL,'',2,3),(1695,'',254,0,76,254,0,'FF',9,0.00,NULL,NULL,0,0,NULL,3,NULL,'Maximum:',NULL,'on',2,4),(1696,'',256,0,76,256,48,'FF',5,0.00,NULL,NULL,0,0,NULL,1,NULL,'PercentFree',NULL,'',2,5),(1697,'',256,0,76,256,0,'FF',9,0.00,NULL,NULL,0,0,NULL,4,NULL,'Current:',NULL,'',2,6),(1698,'',256,0,76,256,0,'FF',9,0.00,NULL,NULL,0,0,NULL,1,NULL,'Average:',NULL,'',2,7),(1699,'',256,0,76,256,0,'FF',9,0.00,NULL,NULL,0,0,NULL,3,NULL,'Maximum:',NULL,'on',2,8),(1700,'',258,0,76,258,93,'FF',5,0.00,NULL,NULL,0,0,NULL,1,NULL,'PercentFree',NULL,'',2,9),(1701,'',258,0,76,258,0,'FF',9,0.00,NULL,NULL,0,0,NULL,4,NULL,'Current:',NULL,'',2,10),(1702,'',258,0,76,258,0,'FF',9,0.00,NULL,NULL,0,0,NULL,1,NULL,'Average:',NULL,'',2,11),(1703,'',258,0,76,258,0,'FF',9,0.00,NULL,NULL,0,0,NULL,3,NULL,'Maximum:',NULL,'on',2,12),(1704,'',260,0,76,260,35,'FF',5,0.00,NULL,NULL,0,0,NULL,1,NULL,'PercentFree',NULL,'',2,13),(1705,'',260,0,76,260,0,'FF',9,0.00,NULL,NULL,0,0,NULL,4,NULL,'Current:',NULL,'',2,14),(1706,'',260,0,76,260,0,'FF',9,0.00,NULL,NULL,0,0,NULL,1,NULL,'Average:',NULL,'',2,15),(1707,'',260,0,76,260,0,'FF',9,0.00,NULL,NULL,0,0,NULL,3,NULL,'Maximum:',NULL,'on',2,16),(1708,'',262,0,76,262,25,'FF',5,0.00,NULL,NULL,0,0,NULL,1,NULL,'PercentFree',NULL,'',2,17),(1709,'',262,0,76,262,0,'FF',9,0.00,NULL,NULL,0,0,NULL,4,NULL,'Current:',NULL,'',2,18),(1710,'',262,0,76,262,0,'FF',9,0.00,NULL,NULL,0,0,NULL,1,NULL,'Average:',NULL,'',2,19),(1711,'',262,0,76,262,0,'FF',9,0.00,NULL,NULL,0,0,NULL,3,NULL,'Maximum:',NULL,'on',2,20),(1712,'',264,0,76,264,7,'FF',5,0.00,NULL,NULL,0,0,NULL,1,NULL,'PercentFree',NULL,'',2,21),(1713,'',264,0,76,264,0,'FF',9,0.00,NULL,NULL,0,0,NULL,4,NULL,'Current:',NULL,'',2,22),(1714,'',264,0,76,264,0,'FF',9,0.00,NULL,NULL,0,0,NULL,1,NULL,'Average:',NULL,'',2,23),(1715,'',264,0,76,264,0,'FF',9,0.00,NULL,NULL,0,0,NULL,3,NULL,'Maximum:',NULL,'on',2,24),(1716,'',266,0,76,266,8,'FF',5,0.00,NULL,NULL,0,0,NULL,1,NULL,'PercentFree',NULL,'',2,25),(1717,'',266,0,76,266,0,'FF',9,0.00,NULL,NULL,0,0,NULL,4,NULL,'Current:',NULL,'',2,26),(1718,'',266,0,76,266,0,'FF',9,0.00,NULL,NULL,0,0,NULL,1,NULL,'Average:',NULL,'',2,27),(1719,'',266,0,76,266,0,'FF',9,0.00,NULL,NULL,0,0,NULL,3,NULL,'Maximum:',NULL,'on',2,28),(1720,'',254,0,77,254,10,'FF',5,0.00,NULL,NULL,0,0,NULL,1,NULL,'PercentFree',NULL,'',2,1),(1721,'',254,0,77,254,0,'FF',9,0.00,NULL,NULL,0,0,NULL,4,NULL,'Current:',NULL,'',2,2),(1722,'',254,0,77,254,0,'FF',9,0.00,NULL,NULL,0,0,NULL,1,NULL,'Average:',NULL,'',2,3),(1723,'',254,0,77,254,0,'FF',9,0.00,NULL,NULL,0,0,NULL,3,NULL,'Maximum:',NULL,'on',2,4),(1724,'',256,0,77,256,48,'FF',5,0.00,NULL,NULL,0,0,NULL,1,NULL,'PercentFree',NULL,'',2,5),(1725,'',256,0,77,256,0,'FF',9,0.00,NULL,NULL,0,0,NULL,4,NULL,'Current:',NULL,'',2,6),(1726,'',256,0,77,256,0,'FF',9,0.00,NULL,NULL,0,0,NULL,1,NULL,'Average:',NULL,'',2,7),(1727,'',256,0,77,256,0,'FF',9,0.00,NULL,NULL,0,0,NULL,3,NULL,'Maximum:',NULL,'on',2,8),(1728,'',258,0,77,258,93,'FF',5,0.00,NULL,NULL,0,0,NULL,1,NULL,'PercentFree',NULL,'',2,9),(1729,'',258,0,77,258,0,'FF',9,0.00,NULL,NULL,0,0,NULL,4,NULL,'Current:',NULL,'',2,10),(1730,'',258,0,77,258,0,'FF',9,0.00,NULL,NULL,0,0,NULL,1,NULL,'Average:',NULL,'',2,11),(1731,'',258,0,77,258,0,'FF',9,0.00,NULL,NULL,0,0,NULL,3,NULL,'Maximum:',NULL,'on',2,12),(1732,'',260,0,77,260,35,'FF',5,0.00,NULL,NULL,0,0,NULL,1,NULL,'PercentFree',NULL,'',2,13),(1733,'',260,0,77,260,0,'FF',9,0.00,NULL,NULL,0,0,NULL,4,NULL,'Current:',NULL,'',2,14),(1734,'',260,0,77,260,0,'FF',9,0.00,NULL,NULL,0,0,NULL,1,NULL,'Average:',NULL,'',2,15),(1735,'',260,0,77,260,0,'FF',9,0.00,NULL,NULL,0,0,NULL,3,NULL,'Maximum:',NULL,'on',2,16),(1736,'',262,0,77,262,25,'FF',5,0.00,NULL,NULL,0,0,NULL,1,NULL,'PercentFree',NULL,'',2,17),(1737,'',262,0,77,262,0,'FF',9,0.00,NULL,NULL,0,0,NULL,4,NULL,'Current:',NULL,'',2,18),(1738,'',262,0,77,262,0,'FF',9,0.00,NULL,NULL,0,0,NULL,1,NULL,'Average:',NULL,'',2,19),(1739,'',262,0,77,262,0,'FF',9,0.00,NULL,NULL,0,0,NULL,3,NULL,'Maximum:',NULL,'on',2,20),(1740,'',264,0,77,264,7,'FF',5,0.00,NULL,NULL,0,0,NULL,1,NULL,'PercentFree',NULL,'',2,21),(1741,'',264,0,77,264,0,'FF',9,0.00,NULL,NULL,0,0,NULL,4,NULL,'Current:',NULL,'',2,22),(1742,'',264,0,77,264,0,'FF',9,0.00,NULL,NULL,0,0,NULL,1,NULL,'Average:',NULL,'',2,23),(1743,'',264,0,77,264,0,'FF',9,0.00,NULL,NULL,0,0,NULL,3,NULL,'Maximum:',NULL,'on',2,24),(1744,'',266,0,77,266,8,'FF',5,0.00,NULL,NULL,0,0,NULL,1,NULL,'PercentFree',NULL,'',2,25),(1745,'',266,0,77,266,0,'FF',9,0.00,NULL,NULL,0,0,NULL,4,NULL,'Current:',NULL,'',2,26),(1746,'',266,0,77,266,0,'FF',9,0.00,NULL,NULL,0,0,NULL,1,NULL,'Average:',NULL,'',2,27),(1747,'',266,0,77,266,0,'FF',9,0.00,NULL,NULL,0,0,NULL,3,NULL,'Maximum:',NULL,'on',2,28),(1748,'',268,0,77,268,20,'FF',5,0.00,NULL,NULL,0,0,NULL,1,NULL,'PercentFree',NULL,'',2,29),(1749,'',268,0,77,268,0,'FF',9,0.00,NULL,NULL,0,0,NULL,4,NULL,'Current:',NULL,'',2,30),(1750,'',268,0,77,268,0,'FF',9,0.00,NULL,NULL,0,0,NULL,1,NULL,'Average:',NULL,'',2,31),(1751,'',268,0,77,268,0,'FF',9,0.00,NULL,NULL,0,0,NULL,3,NULL,'Maximum:',NULL,'on',2,32),(1752,'',254,0,78,254,10,'FF',5,0.00,NULL,NULL,0,0,NULL,1,NULL,'PercentFree',NULL,'',2,1),(1753,'',254,0,78,254,0,'FF',9,0.00,NULL,NULL,0,0,NULL,4,NULL,'Current:',NULL,'',2,2),(1754,'',254,0,78,254,0,'FF',9,0.00,NULL,NULL,0,0,NULL,1,NULL,'Average:',NULL,'',2,3),(1755,'',254,0,78,254,0,'FF',9,0.00,NULL,NULL,0,0,NULL,3,NULL,'Maximum:',NULL,'on',2,4),(1756,'',256,0,78,256,48,'FF',5,0.00,NULL,NULL,0,0,NULL,1,NULL,'PercentFree',NULL,'',2,5),(1757,'',256,0,78,256,0,'FF',9,0.00,NULL,NULL,0,0,NULL,4,NULL,'Current:',NULL,'',2,6),(1758,'',256,0,78,256,0,'FF',9,0.00,NULL,NULL,0,0,NULL,1,NULL,'Average:',NULL,'',2,7),(1759,'',256,0,78,256,0,'FF',9,0.00,NULL,NULL,0,0,NULL,3,NULL,'Maximum:',NULL,'on',2,8),(1760,'',258,0,78,258,93,'FF',5,0.00,NULL,NULL,0,0,NULL,1,NULL,'PercentFree',NULL,'',2,9),(1761,'',258,0,78,258,0,'FF',9,0.00,NULL,NULL,0,0,NULL,4,NULL,'Current:',NULL,'',2,10),(1762,'',258,0,78,258,0,'FF',9,0.00,NULL,NULL,0,0,NULL,1,NULL,'Average:',NULL,'',2,11),(1763,'',258,0,78,258,0,'FF',9,0.00,NULL,NULL,0,0,NULL,3,NULL,'Maximum:',NULL,'on',2,12),(1764,'',260,0,78,260,35,'FF',5,0.00,NULL,NULL,0,0,NULL,1,NULL,'PercentFree',NULL,'',2,13),(1765,'',260,0,78,260,0,'FF',9,0.00,NULL,NULL,0,0,NULL,4,NULL,'Current:',NULL,'',2,14),(1766,'',260,0,78,260,0,'FF',9,0.00,NULL,NULL,0,0,NULL,1,NULL,'Average:',NULL,'',2,15),(1767,'',260,0,78,260,0,'FF',9,0.00,NULL,NULL,0,0,NULL,3,NULL,'Maximum:',NULL,'on',2,16),(1768,'',262,0,78,262,25,'FF',5,0.00,NULL,NULL,0,0,NULL,1,NULL,'PercentFree',NULL,'',2,17),(1769,'',262,0,78,262,0,'FF',9,0.00,NULL,NULL,0,0,NULL,4,NULL,'Current:',NULL,'',2,18),(1770,'',262,0,78,262,0,'FF',9,0.00,NULL,NULL,0,0,NULL,1,NULL,'Average:',NULL,'',2,19),(1771,'',262,0,78,262,0,'FF',9,0.00,NULL,NULL,0,0,NULL,3,NULL,'Maximum:',NULL,'on',2,20),(1772,'',264,0,78,264,7,'FF',5,0.00,NULL,NULL,0,0,NULL,1,NULL,'PercentFree',NULL,'',2,21),(1773,'',264,0,78,264,0,'FF',9,0.00,NULL,NULL,0,0,NULL,4,NULL,'Current:',NULL,'',2,22),(1774,'',264,0,78,264,0,'FF',9,0.00,NULL,NULL,0,0,NULL,1,NULL,'Average:',NULL,'',2,23),(1775,'',264,0,78,264,0,'FF',9,0.00,NULL,NULL,0,0,NULL,3,NULL,'Maximum:',NULL,'on',2,24),(1776,'',266,0,78,266,8,'FF',5,0.00,NULL,NULL,0,0,NULL,1,NULL,'PercentFree',NULL,'',2,25),(1777,'',266,0,78,266,0,'FF',9,0.00,NULL,NULL,0,0,NULL,4,NULL,'Current:',NULL,'',2,26),(1778,'',266,0,78,266,0,'FF',9,0.00,NULL,NULL,0,0,NULL,1,NULL,'Average:',NULL,'',2,27),(1779,'',266,0,78,266,0,'FF',9,0.00,NULL,NULL,0,0,NULL,3,NULL,'Maximum:',NULL,'on',2,28),(1780,'',268,0,78,268,20,'FF',5,0.00,NULL,NULL,0,0,NULL,1,NULL,'PercentFree',NULL,'',2,29),(1781,'',268,0,78,268,0,'FF',9,0.00,NULL,NULL,0,0,NULL,4,NULL,'Current:',NULL,'',2,30),(1782,'',268,0,78,268,0,'FF',9,0.00,NULL,NULL,0,0,NULL,1,NULL,'Average:',NULL,'',2,31),(1783,'',268,0,78,268,0,'FF',9,0.00,NULL,NULL,0,0,NULL,3,NULL,'Maximum:',NULL,'on',2,32),(1784,'',270,0,78,270,13,'FF',5,0.00,NULL,NULL,0,0,NULL,1,NULL,'PercentFree',NULL,'',2,33),(1785,'',270,0,78,270,0,'FF',9,0.00,NULL,NULL,0,0,NULL,4,NULL,'Current:',NULL,'',2,34),(1786,'',270,0,78,270,0,'FF',9,0.00,NULL,NULL,0,0,NULL,1,NULL,'Average:',NULL,'',2,35),(1787,'',270,0,78,270,0,'FF',9,0.00,NULL,NULL,0,0,NULL,3,NULL,'Maximum:',NULL,'on',2,36),(1788,'',254,0,79,254,10,'FF',5,0.00,NULL,NULL,0,0,NULL,1,NULL,'PercentFree',NULL,'',2,1),(1789,'',254,0,79,254,0,'FF',9,0.00,NULL,NULL,0,0,NULL,4,NULL,'Current:',NULL,'',2,2),(1790,'',254,0,79,254,0,'FF',9,0.00,NULL,NULL,0,0,NULL,1,NULL,'Average:',NULL,'',2,3),(1791,'',254,0,79,254,0,'FF',9,0.00,NULL,NULL,0,0,NULL,3,NULL,'Maximum:',NULL,'on',2,4),(1792,'',256,0,79,256,48,'FF',5,0.00,NULL,NULL,0,0,NULL,1,NULL,'PercentFree',NULL,'',2,5),(1793,'',256,0,79,256,0,'FF',9,0.00,NULL,NULL,0,0,NULL,4,NULL,'Current:',NULL,'',2,6),(1794,'',256,0,79,256,0,'FF',9,0.00,NULL,NULL,0,0,NULL,1,NULL,'Average:',NULL,'',2,7),(1795,'',256,0,79,256,0,'FF',9,0.00,NULL,NULL,0,0,NULL,3,NULL,'Maximum:',NULL,'on',2,8),(1796,'',258,0,79,258,93,'FF',5,0.00,NULL,NULL,0,0,NULL,1,NULL,'PercentFree',NULL,'',2,9),(1797,'',258,0,79,258,0,'FF',9,0.00,NULL,NULL,0,0,NULL,4,NULL,'Current:',NULL,'',2,10),(1798,'',258,0,79,258,0,'FF',9,0.00,NULL,NULL,0,0,NULL,1,NULL,'Average:',NULL,'',2,11),(1799,'',258,0,79,258,0,'FF',9,0.00,NULL,NULL,0,0,NULL,3,NULL,'Maximum:',NULL,'on',2,12),(1800,'',260,0,79,260,35,'FF',5,0.00,NULL,NULL,0,0,NULL,1,NULL,'PercentFree',NULL,'',2,13),(1801,'',260,0,79,260,0,'FF',9,0.00,NULL,NULL,0,0,NULL,4,NULL,'Current:',NULL,'',2,14),(1802,'',260,0,79,260,0,'FF',9,0.00,NULL,NULL,0,0,NULL,1,NULL,'Average:',NULL,'',2,15),(1803,'',260,0,79,260,0,'FF',9,0.00,NULL,NULL,0,0,NULL,3,NULL,'Maximum:',NULL,'on',2,16),(1804,'',262,0,79,262,25,'FF',5,0.00,NULL,NULL,0,0,NULL,1,NULL,'PercentFree',NULL,'',2,17),(1805,'',262,0,79,262,0,'FF',9,0.00,NULL,NULL,0,0,NULL,4,NULL,'Current:',NULL,'',2,18),(1806,'',262,0,79,262,0,'FF',9,0.00,NULL,NULL,0,0,NULL,1,NULL,'Average:',NULL,'',2,19),(1807,'',262,0,79,262,0,'FF',9,0.00,NULL,NULL,0,0,NULL,3,NULL,'Maximum:',NULL,'on',2,20),(1808,'',264,0,79,264,7,'FF',5,0.00,NULL,NULL,0,0,NULL,1,NULL,'PercentFree',NULL,'',2,21),(1809,'',264,0,79,264,0,'FF',9,0.00,NULL,NULL,0,0,NULL,4,NULL,'Current:',NULL,'',2,22),(1810,'',264,0,79,264,0,'FF',9,0.00,NULL,NULL,0,0,NULL,1,NULL,'Average:',NULL,'',2,23),(1811,'',264,0,79,264,0,'FF',9,0.00,NULL,NULL,0,0,NULL,3,NULL,'Maximum:',NULL,'on',2,24),(1812,'',266,0,79,266,8,'FF',5,0.00,NULL,NULL,0,0,NULL,1,NULL,'PercentFree',NULL,'',2,25),(1813,'',266,0,79,266,0,'FF',9,0.00,NULL,NULL,0,0,NULL,4,NULL,'Current:',NULL,'',2,26),(1814,'',266,0,79,266,0,'FF',9,0.00,NULL,NULL,0,0,NULL,1,NULL,'Average:',NULL,'',2,27),(1815,'',266,0,79,266,0,'FF',9,0.00,NULL,NULL,0,0,NULL,3,NULL,'Maximum:',NULL,'on',2,28),(1816,'',268,0,79,268,20,'FF',5,0.00,NULL,NULL,0,0,NULL,1,NULL,'PercentFree',NULL,'',2,29),(1817,'',268,0,79,268,0,'FF',9,0.00,NULL,NULL,0,0,NULL,4,NULL,'Current:',NULL,'',2,30),(1818,'',268,0,79,268,0,'FF',9,0.00,NULL,NULL,0,0,NULL,1,NULL,'Average:',NULL,'',2,31),(1819,'',268,0,79,268,0,'FF',9,0.00,NULL,NULL,0,0,NULL,3,NULL,'Maximum:',NULL,'on',2,32),(1820,'',270,0,79,270,13,'FF',5,0.00,NULL,NULL,0,0,NULL,1,NULL,'PercentFree',NULL,'',2,33),(1821,'',270,0,79,270,0,'FF',9,0.00,NULL,NULL,0,0,NULL,4,NULL,'Current:',NULL,'',2,34),(1822,'',270,0,79,270,0,'FF',9,0.00,NULL,NULL,0,0,NULL,1,NULL,'Average:',NULL,'',2,35),(1823,'',270,0,79,270,0,'FF',9,0.00,NULL,NULL,0,0,NULL,3,NULL,'Maximum:',NULL,'on',2,36),(1824,'',272,0,79,272,14,'FF',5,0.00,NULL,NULL,0,0,NULL,1,NULL,'PercentFree',NULL,'',2,37),(1825,'',272,0,79,272,0,'FF',9,0.00,NULL,NULL,0,0,NULL,4,NULL,'Current:',NULL,'',2,38),(1826,'',272,0,79,272,0,'FF',9,0.00,NULL,NULL,0,0,NULL,1,NULL,'Average:',NULL,'',2,39),(1827,'',272,0,79,272,0,'FF',9,0.00,NULL,NULL,0,0,NULL,3,NULL,'Maximum:',NULL,'on',2,40),(1828,'',254,0,80,254,10,'FF',5,0.00,NULL,NULL,0,0,NULL,1,NULL,'PercentFree',NULL,'',2,1),(1829,'',254,0,80,254,0,'FF',9,0.00,NULL,NULL,0,0,NULL,4,NULL,'Current:',NULL,'',2,2),(1830,'',254,0,80,254,0,'FF',9,0.00,NULL,NULL,0,0,NULL,1,NULL,'Average:',NULL,'',2,3),(1831,'',254,0,80,254,0,'FF',9,0.00,NULL,NULL,0,0,NULL,3,NULL,'Maximum:',NULL,'on',2,4),(1832,'',256,0,80,256,48,'FF',5,0.00,NULL,NULL,0,0,NULL,1,NULL,'PercentFree',NULL,'',2,5),(1833,'',256,0,80,256,0,'FF',9,0.00,NULL,NULL,0,0,NULL,4,NULL,'Current:',NULL,'',2,6),(1834,'',256,0,80,256,0,'FF',9,0.00,NULL,NULL,0,0,NULL,1,NULL,'Average:',NULL,'',2,7),(1835,'',256,0,80,256,0,'FF',9,0.00,NULL,NULL,0,0,NULL,3,NULL,'Maximum:',NULL,'on',2,8),(1836,'',258,0,80,258,93,'FF',5,0.00,NULL,NULL,0,0,NULL,1,NULL,'PercentFree',NULL,'',2,9),(1837,'',258,0,80,258,0,'FF',9,0.00,NULL,NULL,0,0,NULL,4,NULL,'Current:',NULL,'',2,10),(1838,'',258,0,80,258,0,'FF',9,0.00,NULL,NULL,0,0,NULL,1,NULL,'Average:',NULL,'',2,11),(1839,'',258,0,80,258,0,'FF',9,0.00,NULL,NULL,0,0,NULL,3,NULL,'Maximum:',NULL,'on',2,12),(1840,'',260,0,80,260,35,'FF',5,0.00,NULL,NULL,0,0,NULL,1,NULL,'PercentFree',NULL,'',2,13),(1841,'',260,0,80,260,0,'FF',9,0.00,NULL,NULL,0,0,NULL,4,NULL,'Current:',NULL,'',2,14),(1842,'',260,0,80,260,0,'FF',9,0.00,NULL,NULL,0,0,NULL,1,NULL,'Average:',NULL,'',2,15),(1843,'',260,0,80,260,0,'FF',9,0.00,NULL,NULL,0,0,NULL,3,NULL,'Maximum:',NULL,'on',2,16),(1844,'',262,0,80,262,25,'FF',5,0.00,NULL,NULL,0,0,NULL,1,NULL,'PercentFree',NULL,'',2,17),(1845,'',262,0,80,262,0,'FF',9,0.00,NULL,NULL,0,0,NULL,4,NULL,'Current:',NULL,'',2,18),(1846,'',262,0,80,262,0,'FF',9,0.00,NULL,NULL,0,0,NULL,1,NULL,'Average:',NULL,'',2,19),(1847,'',262,0,80,262,0,'FF',9,0.00,NULL,NULL,0,0,NULL,3,NULL,'Maximum:',NULL,'on',2,20),(1848,'',264,0,80,264,7,'FF',5,0.00,NULL,NULL,0,0,NULL,1,NULL,'PercentFree',NULL,'',2,21),(1849,'',264,0,80,264,0,'FF',9,0.00,NULL,NULL,0,0,NULL,4,NULL,'Current:',NULL,'',2,22),(1850,'',264,0,80,264,0,'FF',9,0.00,NULL,NULL,0,0,NULL,1,NULL,'Average:',NULL,'',2,23),(1851,'',264,0,80,264,0,'FF',9,0.00,NULL,NULL,0,0,NULL,3,NULL,'Maximum:',NULL,'on',2,24),(1852,'',266,0,80,266,8,'FF',5,0.00,NULL,NULL,0,0,NULL,1,NULL,'PercentFree',NULL,'',2,25),(1853,'',266,0,80,266,0,'FF',9,0.00,NULL,NULL,0,0,NULL,4,NULL,'Current:',NULL,'',2,26),(1854,'',266,0,80,266,0,'FF',9,0.00,NULL,NULL,0,0,NULL,1,NULL,'Average:',NULL,'',2,27),(1855,'',266,0,80,266,0,'FF',9,0.00,NULL,NULL,0,0,NULL,3,NULL,'Maximum:',NULL,'on',2,28),(1856,'',268,0,80,268,20,'FF',5,0.00,NULL,NULL,0,0,NULL,1,NULL,'PercentFree',NULL,'',2,29),(1857,'',268,0,80,268,0,'FF',9,0.00,NULL,NULL,0,0,NULL,4,NULL,'Current:',NULL,'',2,30),(1858,'',268,0,80,268,0,'FF',9,0.00,NULL,NULL,0,0,NULL,1,NULL,'Average:',NULL,'',2,31),(1859,'',268,0,80,268,0,'FF',9,0.00,NULL,NULL,0,0,NULL,3,NULL,'Maximum:',NULL,'on',2,32),(1860,'',270,0,80,270,13,'FF',5,0.00,NULL,NULL,0,0,NULL,1,NULL,'PercentFree',NULL,'',2,33),(1861,'',270,0,80,270,0,'FF',9,0.00,NULL,NULL,0,0,NULL,4,NULL,'Current:',NULL,'',2,34),(1862,'',270,0,80,270,0,'FF',9,0.00,NULL,NULL,0,0,NULL,1,NULL,'Average:',NULL,'',2,35),(1863,'',270,0,80,270,0,'FF',9,0.00,NULL,NULL,0,0,NULL,3,NULL,'Maximum:',NULL,'on',2,36),(1864,'',272,0,80,272,14,'FF',5,0.00,NULL,NULL,0,0,NULL,1,NULL,'PercentFree',NULL,'',2,37),(1865,'',272,0,80,272,0,'FF',9,0.00,NULL,NULL,0,0,NULL,4,NULL,'Current:',NULL,'',2,38),(1866,'',272,0,80,272,0,'FF',9,0.00,NULL,NULL,0,0,NULL,1,NULL,'Average:',NULL,'',2,39),(1867,'',272,0,80,272,0,'FF',9,0.00,NULL,NULL,0,0,NULL,3,NULL,'Maximum:',NULL,'on',2,40),(1868,'',274,0,80,274,16,'FF',5,0.00,NULL,NULL,0,0,NULL,1,NULL,'PercentFree',NULL,'',2,41),(1869,'',274,0,80,274,0,'FF',9,0.00,NULL,NULL,0,0,NULL,4,NULL,'Current:',NULL,'',2,42),(1870,'',274,0,80,274,0,'FF',9,0.00,NULL,NULL,0,0,NULL,1,NULL,'Average:',NULL,'',2,43),(1871,'',274,0,80,274,0,'FF',9,0.00,NULL,NULL,0,0,NULL,3,NULL,'Maximum:',NULL,'on',2,44),(1872,'',254,0,81,254,10,'FF',5,0.00,NULL,NULL,0,0,NULL,1,NULL,'PercentFree',NULL,'',2,1),(1873,'',254,0,81,254,0,'FF',9,0.00,NULL,NULL,0,0,NULL,4,NULL,'Current:',NULL,'',2,2),(1874,'',254,0,81,254,0,'FF',9,0.00,NULL,NULL,0,0,NULL,1,NULL,'Average:',NULL,'',2,3),(1875,'',254,0,81,254,0,'FF',9,0.00,NULL,NULL,0,0,NULL,3,NULL,'Maximum:',NULL,'on',2,4),(1876,'',256,0,81,256,48,'FF',5,0.00,NULL,NULL,0,0,NULL,1,NULL,'PercentFree',NULL,'',2,5),(1877,'',256,0,81,256,0,'FF',9,0.00,NULL,NULL,0,0,NULL,4,NULL,'Current:',NULL,'',2,6),(1878,'',256,0,81,256,0,'FF',9,0.00,NULL,NULL,0,0,NULL,1,NULL,'Average:',NULL,'',2,7),(1879,'',256,0,81,256,0,'FF',9,0.00,NULL,NULL,0,0,NULL,3,NULL,'Maximum:',NULL,'on',2,8),(1880,'',258,0,81,258,93,'FF',5,0.00,NULL,NULL,0,0,NULL,1,NULL,'PercentFree',NULL,'',2,9),(1881,'',258,0,81,258,0,'FF',9,0.00,NULL,NULL,0,0,NULL,4,NULL,'Current:',NULL,'',2,10),(1882,'',258,0,81,258,0,'FF',9,0.00,NULL,NULL,0,0,NULL,1,NULL,'Average:',NULL,'',2,11),(1883,'',258,0,81,258,0,'FF',9,0.00,NULL,NULL,0,0,NULL,3,NULL,'Maximum:',NULL,'on',2,12),(1884,'',260,0,81,260,35,'FF',5,0.00,NULL,NULL,0,0,NULL,1,NULL,'PercentFree',NULL,'',2,13),(1885,'',260,0,81,260,0,'FF',9,0.00,NULL,NULL,0,0,NULL,4,NULL,'Current:',NULL,'',2,14),(1886,'',260,0,81,260,0,'FF',9,0.00,NULL,NULL,0,0,NULL,1,NULL,'Average:',NULL,'',2,15),(1887,'',260,0,81,260,0,'FF',9,0.00,NULL,NULL,0,0,NULL,3,NULL,'Maximum:',NULL,'on',2,16),(1888,'',262,0,81,262,25,'FF',5,0.00,NULL,NULL,0,0,NULL,1,NULL,'PercentFree',NULL,'',2,17),(1889,'',262,0,81,262,0,'FF',9,0.00,NULL,NULL,0,0,NULL,4,NULL,'Current:',NULL,'',2,18),(1890,'',262,0,81,262,0,'FF',9,0.00,NULL,NULL,0,0,NULL,1,NULL,'Average:',NULL,'',2,19),(1891,'',262,0,81,262,0,'FF',9,0.00,NULL,NULL,0,0,NULL,3,NULL,'Maximum:',NULL,'on',2,20),(1892,'',264,0,81,264,7,'FF',5,0.00,NULL,NULL,0,0,NULL,1,NULL,'PercentFree',NULL,'',2,21),(1893,'',264,0,81,264,0,'FF',9,0.00,NULL,NULL,0,0,NULL,4,NULL,'Current:',NULL,'',2,22),(1894,'',264,0,81,264,0,'FF',9,0.00,NULL,NULL,0,0,NULL,1,NULL,'Average:',NULL,'',2,23),(1895,'',264,0,81,264,0,'FF',9,0.00,NULL,NULL,0,0,NULL,3,NULL,'Maximum:',NULL,'on',2,24),(1896,'',266,0,81,266,8,'FF',5,0.00,NULL,NULL,0,0,NULL,1,NULL,'PercentFree',NULL,'',2,25),(1897,'',266,0,81,266,0,'FF',9,0.00,NULL,NULL,0,0,NULL,4,NULL,'Current:',NULL,'',2,26),(1898,'',266,0,81,266,0,'FF',9,0.00,NULL,NULL,0,0,NULL,1,NULL,'Average:',NULL,'',2,27),(1899,'',266,0,81,266,0,'FF',9,0.00,NULL,NULL,0,0,NULL,3,NULL,'Maximum:',NULL,'on',2,28),(1900,'',268,0,81,268,20,'FF',5,0.00,NULL,NULL,0,0,NULL,1,NULL,'PercentFree',NULL,'',2,29),(1901,'',268,0,81,268,0,'FF',9,0.00,NULL,NULL,0,0,NULL,4,NULL,'Current:',NULL,'',2,30),(1902,'',268,0,81,268,0,'FF',9,0.00,NULL,NULL,0,0,NULL,1,NULL,'Average:',NULL,'',2,31),(1903,'',268,0,81,268,0,'FF',9,0.00,NULL,NULL,0,0,NULL,3,NULL,'Maximum:',NULL,'on',2,32),(1904,'',270,0,81,270,13,'FF',5,0.00,NULL,NULL,0,0,NULL,1,NULL,'PercentFree',NULL,'',2,33),(1905,'',270,0,81,270,0,'FF',9,0.00,NULL,NULL,0,0,NULL,4,NULL,'Current:',NULL,'',2,34),(1906,'',270,0,81,270,0,'FF',9,0.00,NULL,NULL,0,0,NULL,1,NULL,'Average:',NULL,'',2,35),(1907,'',270,0,81,270,0,'FF',9,0.00,NULL,NULL,0,0,NULL,3,NULL,'Maximum:',NULL,'on',2,36),(1908,'',272,0,81,272,14,'FF',5,0.00,NULL,NULL,0,0,NULL,1,NULL,'PercentFree',NULL,'',2,37),(1909,'',272,0,81,272,0,'FF',9,0.00,NULL,NULL,0,0,NULL,4,NULL,'Current:',NULL,'',2,38),(1910,'',272,0,81,272,0,'FF',9,0.00,NULL,NULL,0,0,NULL,1,NULL,'Average:',NULL,'',2,39),(1911,'',272,0,81,272,0,'FF',9,0.00,NULL,NULL,0,0,NULL,3,NULL,'Maximum:',NULL,'on',2,40),(1912,'',274,0,81,274,16,'FF',5,0.00,NULL,NULL,0,0,NULL,1,NULL,'PercentFree',NULL,'',2,41),(1913,'',274,0,81,274,0,'FF',9,0.00,NULL,NULL,0,0,NULL,4,NULL,'Current:',NULL,'',2,42),(1914,'',274,0,81,274,0,'FF',9,0.00,NULL,NULL,0,0,NULL,1,NULL,'Average:',NULL,'',2,43),(1915,'',274,0,81,274,0,'FF',9,0.00,NULL,NULL,0,0,NULL,3,NULL,'Maximum:',NULL,'on',2,44),(1916,'',276,0,81,276,6,'FF',5,0.00,NULL,NULL,0,0,NULL,1,NULL,'PercentFree',NULL,'',2,45),(1917,'',276,0,81,276,0,'FF',9,0.00,NULL,NULL,0,0,NULL,4,NULL,'Current:',NULL,'',2,46),(1918,'',276,0,81,276,0,'FF',9,0.00,NULL,NULL,0,0,NULL,1,NULL,'Average:',NULL,'',2,47),(1919,'',276,0,81,276,0,'FF',9,0.00,NULL,NULL,0,0,NULL,3,NULL,'Maximum:',NULL,'on',2,48),(1920,'',254,0,82,254,10,'FF',5,0.00,NULL,NULL,0,0,NULL,1,NULL,'PercentFree',NULL,'',2,1),(1921,'',254,0,82,254,0,'FF',9,0.00,NULL,NULL,0,0,NULL,4,NULL,'Current:',NULL,'',2,2),(1922,'',254,0,82,254,0,'FF',9,0.00,NULL,NULL,0,0,NULL,1,NULL,'Average:',NULL,'',2,3),(1923,'',254,0,82,254,0,'FF',9,0.00,NULL,NULL,0,0,NULL,3,NULL,'Maximum:',NULL,'on',2,4),(1924,'',256,0,82,256,48,'FF',5,0.00,NULL,NULL,0,0,NULL,1,NULL,'PercentFree',NULL,'',2,5),(1925,'',256,0,82,256,0,'FF',9,0.00,NULL,NULL,0,0,NULL,4,NULL,'Current:',NULL,'',2,6),(1926,'',256,0,82,256,0,'FF',9,0.00,NULL,NULL,0,0,NULL,1,NULL,'Average:',NULL,'',2,7),(1927,'',256,0,82,256,0,'FF',9,0.00,NULL,NULL,0,0,NULL,3,NULL,'Maximum:',NULL,'on',2,8),(1928,'',258,0,82,258,93,'FF',5,0.00,NULL,NULL,0,0,NULL,1,NULL,'PercentFree',NULL,'',2,9),(1929,'',258,0,82,258,0,'FF',9,0.00,NULL,NULL,0,0,NULL,4,NULL,'Current:',NULL,'',2,10),(1930,'',258,0,82,258,0,'FF',9,0.00,NULL,NULL,0,0,NULL,1,NULL,'Average:',NULL,'',2,11),(1931,'',258,0,82,258,0,'FF',9,0.00,NULL,NULL,0,0,NULL,3,NULL,'Maximum:',NULL,'on',2,12),(1932,'',260,0,82,260,35,'FF',5,0.00,NULL,NULL,0,0,NULL,1,NULL,'PercentFree',NULL,'',2,13),(1933,'',260,0,82,260,0,'FF',9,0.00,NULL,NULL,0,0,NULL,4,NULL,'Current:',NULL,'',2,14),(1934,'',260,0,82,260,0,'FF',9,0.00,NULL,NULL,0,0,NULL,1,NULL,'Average:',NULL,'',2,15),(1935,'',260,0,82,260,0,'FF',9,0.00,NULL,NULL,0,0,NULL,3,NULL,'Maximum:',NULL,'on',2,16),(1936,'',262,0,82,262,25,'FF',5,0.00,NULL,NULL,0,0,NULL,1,NULL,'PercentFree',NULL,'',2,17),(1937,'',262,0,82,262,0,'FF',9,0.00,NULL,NULL,0,0,NULL,4,NULL,'Current:',NULL,'',2,18),(1938,'',262,0,82,262,0,'FF',9,0.00,NULL,NULL,0,0,NULL,1,NULL,'Average:',NULL,'',2,19),(1939,'',262,0,82,262,0,'FF',9,0.00,NULL,NULL,0,0,NULL,3,NULL,'Maximum:',NULL,'on',2,20),(1940,'',264,0,82,264,7,'FF',5,0.00,NULL,NULL,0,0,NULL,1,NULL,'PercentFree',NULL,'',2,21),(1941,'',264,0,82,264,0,'FF',9,0.00,NULL,NULL,0,0,NULL,4,NULL,'Current:',NULL,'',2,22),(1942,'',264,0,82,264,0,'FF',9,0.00,NULL,NULL,0,0,NULL,1,NULL,'Average:',NULL,'',2,23),(1943,'',264,0,82,264,0,'FF',9,0.00,NULL,NULL,0,0,NULL,3,NULL,'Maximum:',NULL,'on',2,24),(1944,'',266,0,82,266,8,'FF',5,0.00,NULL,NULL,0,0,NULL,1,NULL,'PercentFree',NULL,'',2,25),(1945,'',266,0,82,266,0,'FF',9,0.00,NULL,NULL,0,0,NULL,4,NULL,'Current:',NULL,'',2,26),(1946,'',266,0,82,266,0,'FF',9,0.00,NULL,NULL,0,0,NULL,1,NULL,'Average:',NULL,'',2,27),(1947,'',266,0,82,266,0,'FF',9,0.00,NULL,NULL,0,0,NULL,3,NULL,'Maximum:',NULL,'on',2,28),(1948,'',268,0,82,268,20,'FF',5,0.00,NULL,NULL,0,0,NULL,1,NULL,'PercentFree',NULL,'',2,29),(1949,'',268,0,82,268,0,'FF',9,0.00,NULL,NULL,0,0,NULL,4,NULL,'Current:',NULL,'',2,30),(1950,'',268,0,82,268,0,'FF',9,0.00,NULL,NULL,0,0,NULL,1,NULL,'Average:',NULL,'',2,31),(1951,'',268,0,82,268,0,'FF',9,0.00,NULL,NULL,0,0,NULL,3,NULL,'Maximum:',NULL,'on',2,32),(1952,'',270,0,82,270,13,'FF',5,0.00,NULL,NULL,0,0,NULL,1,NULL,'PercentFree',NULL,'',2,33),(1953,'',270,0,82,270,0,'FF',9,0.00,NULL,NULL,0,0,NULL,4,NULL,'Current:',NULL,'',2,34),(1954,'',270,0,82,270,0,'FF',9,0.00,NULL,NULL,0,0,NULL,1,NULL,'Average:',NULL,'',2,35),(1955,'',270,0,82,270,0,'FF',9,0.00,NULL,NULL,0,0,NULL,3,NULL,'Maximum:',NULL,'on',2,36),(1956,'',272,0,82,272,14,'FF',5,0.00,NULL,NULL,0,0,NULL,1,NULL,'PercentFree',NULL,'',2,37),(1957,'',272,0,82,272,0,'FF',9,0.00,NULL,NULL,0,0,NULL,4,NULL,'Current:',NULL,'',2,38),(1958,'',272,0,82,272,0,'FF',9,0.00,NULL,NULL,0,0,NULL,1,NULL,'Average:',NULL,'',2,39),(1959,'',272,0,82,272,0,'FF',9,0.00,NULL,NULL,0,0,NULL,3,NULL,'Maximum:',NULL,'on',2,40),(1960,'',274,0,82,274,16,'FF',5,0.00,NULL,NULL,0,0,NULL,1,NULL,'PercentFree',NULL,'',2,41),(1961,'',274,0,82,274,0,'FF',9,0.00,NULL,NULL,0,0,NULL,4,NULL,'Current:',NULL,'',2,42),(1962,'',274,0,82,274,0,'FF',9,0.00,NULL,NULL,0,0,NULL,1,NULL,'Average:',NULL,'',2,43),(1963,'',274,0,82,274,0,'FF',9,0.00,NULL,NULL,0,0,NULL,3,NULL,'Maximum:',NULL,'on',2,44),(1964,'',276,0,82,276,6,'FF',5,0.00,NULL,NULL,0,0,NULL,1,NULL,'PercentFree',NULL,'',2,45),(1965,'',276,0,82,276,0,'FF',9,0.00,NULL,NULL,0,0,NULL,4,NULL,'Current:',NULL,'',2,46),(1966,'',276,0,82,276,0,'FF',9,0.00,NULL,NULL,0,0,NULL,1,NULL,'Average:',NULL,'',2,47),(1967,'',276,0,82,276,0,'FF',9,0.00,NULL,NULL,0,0,NULL,3,NULL,'Maximum:',NULL,'on',2,48),(1968,'',278,0,82,278,17,'FF',5,0.00,NULL,NULL,0,0,NULL,1,NULL,'PercentFree',NULL,'',2,49),(1969,'',278,0,82,278,0,'FF',9,0.00,NULL,NULL,0,0,NULL,4,NULL,'Current:',NULL,'',2,50),(1970,'',278,0,82,278,0,'FF',9,0.00,NULL,NULL,0,0,NULL,1,NULL,'Average:',NULL,'',2,51),(1971,'',278,0,82,278,0,'FF',9,0.00,NULL,NULL,0,0,NULL,3,NULL,'Maximum:',NULL,'on',2,52),(1972,'',254,0,83,254,10,'FF',5,0.00,NULL,NULL,0,0,NULL,1,NULL,'PercentFree',NULL,'',2,1),(1973,'',254,0,83,254,0,'FF',9,0.00,NULL,NULL,0,0,NULL,4,NULL,'Current:',NULL,'',2,2),(1974,'',254,0,83,254,0,'FF',9,0.00,NULL,NULL,0,0,NULL,1,NULL,'Average:',NULL,'',2,3),(1975,'',254,0,83,254,0,'FF',9,0.00,NULL,NULL,0,0,NULL,3,NULL,'Maximum:',NULL,'on',2,4),(1976,'',256,0,83,256,48,'FF',5,0.00,NULL,NULL,0,0,NULL,1,NULL,'PercentFree',NULL,'',2,5),(1977,'',256,0,83,256,0,'FF',9,0.00,NULL,NULL,0,0,NULL,4,NULL,'Current:',NULL,'',2,6),(1978,'',256,0,83,256,0,'FF',9,0.00,NULL,NULL,0,0,NULL,1,NULL,'Average:',NULL,'',2,7),(1979,'',256,0,83,256,0,'FF',9,0.00,NULL,NULL,0,0,NULL,3,NULL,'Maximum:',NULL,'on',2,8),(1980,'',258,0,83,258,93,'FF',5,0.00,NULL,NULL,0,0,NULL,1,NULL,'PercentFree',NULL,'',2,9),(1981,'',258,0,83,258,0,'FF',9,0.00,NULL,NULL,0,0,NULL,4,NULL,'Current:',NULL,'',2,10),(1982,'',258,0,83,258,0,'FF',9,0.00,NULL,NULL,0,0,NULL,1,NULL,'Average:',NULL,'',2,11),(1983,'',258,0,83,258,0,'FF',9,0.00,NULL,NULL,0,0,NULL,3,NULL,'Maximum:',NULL,'on',2,12),(1984,'',260,0,83,260,35,'FF',5,0.00,NULL,NULL,0,0,NULL,1,NULL,'PercentFree',NULL,'',2,13),(1985,'',260,0,83,260,0,'FF',9,0.00,NULL,NULL,0,0,NULL,4,NULL,'Current:',NULL,'',2,14),(1986,'',260,0,83,260,0,'FF',9,0.00,NULL,NULL,0,0,NULL,1,NULL,'Average:',NULL,'',2,15),(1987,'',260,0,83,260,0,'FF',9,0.00,NULL,NULL,0,0,NULL,3,NULL,'Maximum:',NULL,'on',2,16),(1988,'',262,0,83,262,25,'FF',5,0.00,NULL,NULL,0,0,NULL,1,NULL,'PercentFree',NULL,'',2,17),(1989,'',262,0,83,262,0,'FF',9,0.00,NULL,NULL,0,0,NULL,4,NULL,'Current:',NULL,'',2,18),(1990,'',262,0,83,262,0,'FF',9,0.00,NULL,NULL,0,0,NULL,1,NULL,'Average:',NULL,'',2,19),(1991,'',262,0,83,262,0,'FF',9,0.00,NULL,NULL,0,0,NULL,3,NULL,'Maximum:',NULL,'on',2,20),(1992,'',264,0,83,264,7,'FF',5,0.00,NULL,NULL,0,0,NULL,1,NULL,'PercentFree',NULL,'',2,21),(1993,'',264,0,83,264,0,'FF',9,0.00,NULL,NULL,0,0,NULL,4,NULL,'Current:',NULL,'',2,22),(1994,'',264,0,83,264,0,'FF',9,0.00,NULL,NULL,0,0,NULL,1,NULL,'Average:',NULL,'',2,23),(1995,'',264,0,83,264,0,'FF',9,0.00,NULL,NULL,0,0,NULL,3,NULL,'Maximum:',NULL,'on',2,24),(1996,'',266,0,83,266,8,'FF',5,0.00,NULL,NULL,0,0,NULL,1,NULL,'PercentFree',NULL,'',2,25),(1997,'',266,0,83,266,0,'FF',9,0.00,NULL,NULL,0,0,NULL,4,NULL,'Current:',NULL,'',2,26),(1998,'',266,0,83,266,0,'FF',9,0.00,NULL,NULL,0,0,NULL,1,NULL,'Average:',NULL,'',2,27),(1999,'',266,0,83,266,0,'FF',9,0.00,NULL,NULL,0,0,NULL,3,NULL,'Maximum:',NULL,'on',2,28),(2000,'',268,0,83,268,20,'FF',5,0.00,NULL,NULL,0,0,NULL,1,NULL,'PercentFree',NULL,'',2,29),(2001,'',268,0,83,268,0,'FF',9,0.00,NULL,NULL,0,0,NULL,4,NULL,'Current:',NULL,'',2,30),(2002,'',268,0,83,268,0,'FF',9,0.00,NULL,NULL,0,0,NULL,1,NULL,'Average:',NULL,'',2,31),(2003,'',268,0,83,268,0,'FF',9,0.00,NULL,NULL,0,0,NULL,3,NULL,'Maximum:',NULL,'on',2,32),(2004,'',270,0,83,270,13,'FF',5,0.00,NULL,NULL,0,0,NULL,1,NULL,'PercentFree',NULL,'',2,33),(2005,'',270,0,83,270,0,'FF',9,0.00,NULL,NULL,0,0,NULL,4,NULL,'Current:',NULL,'',2,34),(2006,'',270,0,83,270,0,'FF',9,0.00,NULL,NULL,0,0,NULL,1,NULL,'Average:',NULL,'',2,35),(2007,'',270,0,83,270,0,'FF',9,0.00,NULL,NULL,0,0,NULL,3,NULL,'Maximum:',NULL,'on',2,36),(2008,'',272,0,83,272,14,'FF',5,0.00,NULL,NULL,0,0,NULL,1,NULL,'PercentFree',NULL,'',2,37),(2009,'',272,0,83,272,0,'FF',9,0.00,NULL,NULL,0,0,NULL,4,NULL,'Current:',NULL,'',2,38),(2010,'',272,0,83,272,0,'FF',9,0.00,NULL,NULL,0,0,NULL,1,NULL,'Average:',NULL,'',2,39),(2011,'',272,0,83,272,0,'FF',9,0.00,NULL,NULL,0,0,NULL,3,NULL,'Maximum:',NULL,'on',2,40),(2012,'',274,0,83,274,16,'FF',5,0.00,NULL,NULL,0,0,NULL,1,NULL,'PercentFree',NULL,'',2,41),(2013,'',274,0,83,274,0,'FF',9,0.00,NULL,NULL,0,0,NULL,4,NULL,'Current:',NULL,'',2,42),(2014,'',274,0,83,274,0,'FF',9,0.00,NULL,NULL,0,0,NULL,1,NULL,'Average:',NULL,'',2,43),(2015,'',274,0,83,274,0,'FF',9,0.00,NULL,NULL,0,0,NULL,3,NULL,'Maximum:',NULL,'on',2,44),(2016,'',276,0,83,276,6,'FF',5,0.00,NULL,NULL,0,0,NULL,1,NULL,'PercentFree',NULL,'',2,45),(2017,'',276,0,83,276,0,'FF',9,0.00,NULL,NULL,0,0,NULL,4,NULL,'Current:',NULL,'',2,46),(2018,'',276,0,83,276,0,'FF',9,0.00,NULL,NULL,0,0,NULL,1,NULL,'Average:',NULL,'',2,47),(2019,'',276,0,83,276,0,'FF',9,0.00,NULL,NULL,0,0,NULL,3,NULL,'Maximum:',NULL,'on',2,48),(2020,'',278,0,83,278,17,'FF',5,0.00,NULL,NULL,0,0,NULL,1,NULL,'PercentFree',NULL,'',2,49),(2021,'',278,0,83,278,0,'FF',9,0.00,NULL,NULL,0,0,NULL,4,NULL,'Current:',NULL,'',2,50),(2022,'',278,0,83,278,0,'FF',9,0.00,NULL,NULL,0,0,NULL,1,NULL,'Average:',NULL,'',2,51),(2023,'',278,0,83,278,0,'FF',9,0.00,NULL,NULL,0,0,NULL,3,NULL,'Maximum:',NULL,'on',2,52),(2024,'',280,0,83,280,27,'FF',5,0.00,NULL,NULL,0,0,NULL,1,NULL,'PercentFree',NULL,'',2,53),(2025,'',280,0,83,280,0,'FF',9,0.00,NULL,NULL,0,0,NULL,4,NULL,'Current:',NULL,'',2,54),(2026,'',280,0,83,280,0,'FF',9,0.00,NULL,NULL,0,0,NULL,1,NULL,'Average:',NULL,'',2,55),(2027,'',280,0,83,280,0,'FF',9,0.00,NULL,NULL,0,0,NULL,3,NULL,'Maximum:',NULL,'on',2,56),(2028,'',254,0,84,254,10,'FF',5,0.00,NULL,NULL,0,0,NULL,1,NULL,'PercentFree',NULL,'',2,1),(2029,'',254,0,84,254,0,'FF',9,0.00,NULL,NULL,0,0,NULL,4,NULL,'Current:',NULL,'',2,2),(2030,'',254,0,84,254,0,'FF',9,0.00,NULL,NULL,0,0,NULL,1,NULL,'Average:',NULL,'',2,3),(2031,'',254,0,84,254,0,'FF',9,0.00,NULL,NULL,0,0,NULL,3,NULL,'Maximum:',NULL,'on',2,4),(2032,'',256,0,84,256,48,'FF',5,0.00,NULL,NULL,0,0,NULL,1,NULL,'PercentFree',NULL,'',2,5),(2033,'',256,0,84,256,0,'FF',9,0.00,NULL,NULL,0,0,NULL,4,NULL,'Current:',NULL,'',2,6),(2034,'',256,0,84,256,0,'FF',9,0.00,NULL,NULL,0,0,NULL,1,NULL,'Average:',NULL,'',2,7),(2035,'',256,0,84,256,0,'FF',9,0.00,NULL,NULL,0,0,NULL,3,NULL,'Maximum:',NULL,'on',2,8),(2036,'',258,0,84,258,93,'FF',5,0.00,NULL,NULL,0,0,NULL,1,NULL,'PercentFree',NULL,'',2,9),(2037,'',258,0,84,258,0,'FF',9,0.00,NULL,NULL,0,0,NULL,4,NULL,'Current:',NULL,'',2,10),(2038,'',258,0,84,258,0,'FF',9,0.00,NULL,NULL,0,0,NULL,1,NULL,'Average:',NULL,'',2,11),(2039,'',258,0,84,258,0,'FF',9,0.00,NULL,NULL,0,0,NULL,3,NULL,'Maximum:',NULL,'on',2,12),(2040,'',260,0,84,260,35,'FF',5,0.00,NULL,NULL,0,0,NULL,1,NULL,'PercentFree',NULL,'',2,13),(2041,'',260,0,84,260,0,'FF',9,0.00,NULL,NULL,0,0,NULL,4,NULL,'Current:',NULL,'',2,14),(2042,'',260,0,84,260,0,'FF',9,0.00,NULL,NULL,0,0,NULL,1,NULL,'Average:',NULL,'',2,15),(2043,'',260,0,84,260,0,'FF',9,0.00,NULL,NULL,0,0,NULL,3,NULL,'Maximum:',NULL,'on',2,16),(2044,'',262,0,84,262,25,'FF',5,0.00,NULL,NULL,0,0,NULL,1,NULL,'PercentFree',NULL,'',2,17),(2045,'',262,0,84,262,0,'FF',9,0.00,NULL,NULL,0,0,NULL,4,NULL,'Current:',NULL,'',2,18),(2046,'',262,0,84,262,0,'FF',9,0.00,NULL,NULL,0,0,NULL,1,NULL,'Average:',NULL,'',2,19),(2047,'',262,0,84,262,0,'FF',9,0.00,NULL,NULL,0,0,NULL,3,NULL,'Maximum:',NULL,'on',2,20),(2048,'',264,0,84,264,7,'FF',5,0.00,NULL,NULL,0,0,NULL,1,NULL,'PercentFree',NULL,'',2,21),(2049,'',264,0,84,264,0,'FF',9,0.00,NULL,NULL,0,0,NULL,4,NULL,'Current:',NULL,'',2,22),(2050,'',264,0,84,264,0,'FF',9,0.00,NULL,NULL,0,0,NULL,1,NULL,'Average:',NULL,'',2,23),(2051,'',264,0,84,264,0,'FF',9,0.00,NULL,NULL,0,0,NULL,3,NULL,'Maximum:',NULL,'on',2,24),(2052,'',266,0,84,266,8,'FF',5,0.00,NULL,NULL,0,0,NULL,1,NULL,'PercentFree',NULL,'',2,25),(2053,'',266,0,84,266,0,'FF',9,0.00,NULL,NULL,0,0,NULL,4,NULL,'Current:',NULL,'',2,26),(2054,'',266,0,84,266,0,'FF',9,0.00,NULL,NULL,0,0,NULL,1,NULL,'Average:',NULL,'',2,27),(2055,'',266,0,84,266,0,'FF',9,0.00,NULL,NULL,0,0,NULL,3,NULL,'Maximum:',NULL,'on',2,28),(2056,'',268,0,84,268,20,'FF',5,0.00,NULL,NULL,0,0,NULL,1,NULL,'PercentFree',NULL,'',2,29),(2057,'',268,0,84,268,0,'FF',9,0.00,NULL,NULL,0,0,NULL,4,NULL,'Current:',NULL,'',2,30),(2058,'',268,0,84,268,0,'FF',9,0.00,NULL,NULL,0,0,NULL,1,NULL,'Average:',NULL,'',2,31),(2059,'',268,0,84,268,0,'FF',9,0.00,NULL,NULL,0,0,NULL,3,NULL,'Maximum:',NULL,'on',2,32),(2060,'',270,0,84,270,13,'FF',5,0.00,NULL,NULL,0,0,NULL,1,NULL,'PercentFree',NULL,'',2,33),(2061,'',270,0,84,270,0,'FF',9,0.00,NULL,NULL,0,0,NULL,4,NULL,'Current:',NULL,'',2,34),(2062,'',270,0,84,270,0,'FF',9,0.00,NULL,NULL,0,0,NULL,1,NULL,'Average:',NULL,'',2,35),(2063,'',270,0,84,270,0,'FF',9,0.00,NULL,NULL,0,0,NULL,3,NULL,'Maximum:',NULL,'on',2,36),(2064,'',272,0,84,272,14,'FF',5,0.00,NULL,NULL,0,0,NULL,1,NULL,'PercentFree',NULL,'',2,37),(2065,'',272,0,84,272,0,'FF',9,0.00,NULL,NULL,0,0,NULL,4,NULL,'Current:',NULL,'',2,38),(2066,'',272,0,84,272,0,'FF',9,0.00,NULL,NULL,0,0,NULL,1,NULL,'Average:',NULL,'',2,39),(2067,'',272,0,84,272,0,'FF',9,0.00,NULL,NULL,0,0,NULL,3,NULL,'Maximum:',NULL,'on',2,40),(2068,'',274,0,84,274,16,'FF',5,0.00,NULL,NULL,0,0,NULL,1,NULL,'PercentFree',NULL,'',2,41),(2069,'',274,0,84,274,0,'FF',9,0.00,NULL,NULL,0,0,NULL,4,NULL,'Current:',NULL,'',2,42),(2070,'',274,0,84,274,0,'FF',9,0.00,NULL,NULL,0,0,NULL,1,NULL,'Average:',NULL,'',2,43),(2071,'',274,0,84,274,0,'FF',9,0.00,NULL,NULL,0,0,NULL,3,NULL,'Maximum:',NULL,'on',2,44),(2072,'',276,0,84,276,6,'FF',5,0.00,NULL,NULL,0,0,NULL,1,NULL,'PercentFree',NULL,'',2,45),(2073,'',276,0,84,276,0,'FF',9,0.00,NULL,NULL,0,0,NULL,4,NULL,'Current:',NULL,'',2,46),(2074,'',276,0,84,276,0,'FF',9,0.00,NULL,NULL,0,0,NULL,1,NULL,'Average:',NULL,'',2,47),(2075,'',276,0,84,276,0,'FF',9,0.00,NULL,NULL,0,0,NULL,3,NULL,'Maximum:',NULL,'on',2,48),(2076,'',278,0,84,278,17,'FF',5,0.00,NULL,NULL,0,0,NULL,1,NULL,'PercentFree',NULL,'',2,49),(2077,'',278,0,84,278,0,'FF',9,0.00,NULL,NULL,0,0,NULL,4,NULL,'Current:',NULL,'',2,50),(2078,'',278,0,84,278,0,'FF',9,0.00,NULL,NULL,0,0,NULL,1,NULL,'Average:',NULL,'',2,51),(2079,'',278,0,84,278,0,'FF',9,0.00,NULL,NULL,0,0,NULL,3,NULL,'Maximum:',NULL,'on',2,52),(2080,'',280,0,84,280,27,'FF',5,0.00,NULL,NULL,0,0,NULL,1,NULL,'PercentFree',NULL,'',2,53),(2081,'',280,0,84,280,0,'FF',9,0.00,NULL,NULL,0,0,NULL,4,NULL,'Current:',NULL,'',2,54),(2082,'',280,0,84,280,0,'FF',9,0.00,NULL,NULL,0,0,NULL,1,NULL,'Average:',NULL,'',2,55),(2083,'',280,0,84,280,0,'FF',9,0.00,NULL,NULL,0,0,NULL,3,NULL,'Maximum:',NULL,'on',2,56),(2084,'',282,0,84,282,56,'FF',5,0.00,NULL,NULL,0,0,NULL,1,NULL,'PercentFree',NULL,'',2,57),(2085,'',282,0,84,282,0,'FF',9,0.00,NULL,NULL,0,0,NULL,4,NULL,'Current:',NULL,'',2,58),(2086,'',282,0,84,282,0,'FF',9,0.00,NULL,NULL,0,0,NULL,1,NULL,'Average:',NULL,'',2,59),(2087,'',282,0,84,282,0,'FF',9,0.00,NULL,NULL,0,0,NULL,3,NULL,'Maximum:',NULL,'on',2,60),(2088,'',0,0,85,0,0,'FF',1,0.00,NULL,NULL,0,0,NULL,1,NULL,'comment',NULL,'on',2,1),(2089,'',0,0,85,0,9,'FF',2,0.00,NULL,NULL,0,0,NULL,1,NULL,'threshold',NULL,'on',2,2),(2090,'',284,0,85,284,10,'FF',7,0.00,NULL,NULL,0,0,NULL,1,NULL,'Committed',NULL,'',2,3),(2091,'',284,0,85,284,0,'FF',9,0.00,NULL,NULL,0,0,NULL,4,NULL,'Current:',NULL,'',2,4),(2092,'',284,0,85,284,0,'FF',9,0.00,NULL,NULL,0,0,NULL,1,NULL,'Average:',NULL,'',2,5),(2093,'',284,0,85,284,0,'FF',9,0.00,NULL,NULL,0,0,NULL,3,NULL,'Maximum:',NULL,'on',2,6),(2094,'',285,0,85,285,48,'FF',8,0.00,NULL,NULL,0,0,NULL,1,NULL,'Available',NULL,'',2,7),(2095,'',285,0,85,285,0,'FF',9,0.00,NULL,NULL,0,0,NULL,4,NULL,'Current:',NULL,'',2,8),(2096,'',285,0,85,285,0,'FF',9,0.00,NULL,NULL,0,0,NULL,1,NULL,'Average:',NULL,'',2,9),(2097,'',285,0,85,285,0,'FF',9,0.00,NULL,NULL,0,0,NULL,3,NULL,'Maximum:',NULL,'on',2,10),(2098,'',285,0,86,285,10,'FF',7,0.00,NULL,NULL,0,0,NULL,1,NULL,'Available',NULL,'',2,1),(2099,'',285,0,86,285,0,'FF',9,0.00,NULL,NULL,0,0,NULL,4,NULL,'Current:',NULL,'',2,2),(2100,'',285,0,86,285,0,'FF',9,0.00,NULL,NULL,0,0,NULL,1,NULL,'Average:',NULL,'',2,3),(2101,'',285,0,86,285,0,'FF',9,0.00,NULL,NULL,0,0,NULL,3,NULL,'Maximum:',NULL,'on',2,4),(2102,'',287,0,87,287,10,'FF',4,0.00,NULL,NULL,0,0,NULL,1,NULL,'BytesRecivedSec',NULL,'',2,1),(2103,'',287,0,87,287,0,'FF',9,0.00,NULL,NULL,0,0,NULL,4,NULL,'Current:',NULL,'',2,2),(2104,'',287,0,87,287,0,'FF',9,0.00,NULL,NULL,0,0,NULL,1,NULL,'Average:',NULL,'',2,3),(2105,'',287,0,87,287,0,'FF',9,0.00,NULL,NULL,0,0,NULL,3,NULL,'Maximum:',NULL,'on',2,4),(2106,'',287,0,88,287,10,'FF',4,0.00,NULL,NULL,0,0,NULL,1,NULL,'BytesRecivedSec',NULL,'',2,1),(2107,'',287,0,88,287,0,'FF',9,0.00,NULL,NULL,0,0,NULL,4,NULL,'Current:',NULL,'',2,2),(2108,'',287,0,88,287,0,'FF',9,0.00,NULL,NULL,0,0,NULL,1,NULL,'Average:',NULL,'',2,3),(2109,'',287,0,88,287,0,'FF',9,0.00,NULL,NULL,0,0,NULL,3,NULL,'Maximum:',NULL,'on',2,4),(2110,'',289,0,88,289,48,'FF',4,0.00,NULL,NULL,0,0,NULL,1,NULL,'BytesRecivedSec',NULL,'',2,5),(2111,'',289,0,88,289,0,'FF',9,0.00,NULL,NULL,0,0,NULL,4,NULL,'Current:',NULL,'',2,6),(2112,'',289,0,88,289,0,'FF',9,0.00,NULL,NULL,0,0,NULL,1,NULL,'Average:',NULL,'',2,7),(2113,'',289,0,88,289,0,'FF',9,0.00,NULL,NULL,0,0,NULL,3,NULL,'Maximum:',NULL,'on',2,8),(2114,'',287,0,89,287,10,'FF',4,0.00,NULL,NULL,0,0,NULL,1,NULL,'BytesRecivedSec',NULL,'',2,1),(2115,'',287,0,89,287,0,'FF',9,0.00,NULL,NULL,0,0,NULL,4,NULL,'Current:',NULL,'',2,2),(2116,'',287,0,89,287,0,'FF',9,0.00,NULL,NULL,0,0,NULL,1,NULL,'Average:',NULL,'',2,3),(2117,'',287,0,89,287,0,'FF',9,0.00,NULL,NULL,0,0,NULL,3,NULL,'Maximum:',NULL,'on',2,4),(2118,'',289,0,89,289,48,'FF',4,0.00,NULL,NULL,0,0,NULL,1,NULL,'BytesRecivedSec',NULL,'',2,5),(2119,'',289,0,89,289,0,'FF',9,0.00,NULL,NULL,0,0,NULL,4,NULL,'Current:',NULL,'',2,6),(2120,'',289,0,89,289,0,'FF',9,0.00,NULL,NULL,0,0,NULL,1,NULL,'Average:',NULL,'',2,7),(2121,'',289,0,89,289,0,'FF',9,0.00,NULL,NULL,0,0,NULL,3,NULL,'Maximum:',NULL,'on',2,8),(2122,'',291,0,89,291,93,'FF',4,0.00,NULL,NULL,0,0,NULL,1,NULL,'BytesRecivedSec',NULL,'',2,9),(2123,'',291,0,89,291,0,'FF',9,0.00,NULL,NULL,0,0,NULL,4,NULL,'Current:',NULL,'',2,10),(2124,'',291,0,89,291,0,'FF',9,0.00,NULL,NULL,0,0,NULL,1,NULL,'Average:',NULL,'',2,11),(2125,'',291,0,89,291,0,'FF',9,0.00,NULL,NULL,0,0,NULL,3,NULL,'Maximum:',NULL,'on',2,12),(2126,'',287,0,90,287,10,'FF',4,0.00,NULL,NULL,0,0,NULL,1,NULL,'BytesRecivedSec',NULL,'',2,1),(2127,'',287,0,90,287,0,'FF',9,0.00,NULL,NULL,0,0,NULL,4,NULL,'Current:',NULL,'',2,2),(2128,'',287,0,90,287,0,'FF',9,0.00,NULL,NULL,0,0,NULL,1,NULL,'Average:',NULL,'',2,3),(2129,'',287,0,90,287,0,'FF',9,0.00,NULL,NULL,0,0,NULL,3,NULL,'Maximum:',NULL,'on',2,4),(2130,'',289,0,90,289,48,'FF',4,0.00,NULL,NULL,0,0,NULL,1,NULL,'BytesRecivedSec',NULL,'',2,5),(2131,'',289,0,90,289,0,'FF',9,0.00,NULL,NULL,0,0,NULL,4,NULL,'Current:',NULL,'',2,6),(2132,'',289,0,90,289,0,'FF',9,0.00,NULL,NULL,0,0,NULL,1,NULL,'Average:',NULL,'',2,7),(2133,'',289,0,90,289,0,'FF',9,0.00,NULL,NULL,0,0,NULL,3,NULL,'Maximum:',NULL,'on',2,8),(2134,'',291,0,90,291,93,'FF',4,0.00,NULL,NULL,0,0,NULL,1,NULL,'BytesRecivedSec',NULL,'',2,9),(2135,'',291,0,90,291,0,'FF',9,0.00,NULL,NULL,0,0,NULL,4,NULL,'Current:',NULL,'',2,10),(2136,'',291,0,90,291,0,'FF',9,0.00,NULL,NULL,0,0,NULL,1,NULL,'Average:',NULL,'',2,11),(2137,'',291,0,90,291,0,'FF',9,0.00,NULL,NULL,0,0,NULL,3,NULL,'Maximum:',NULL,'on',2,12),(2138,'',293,0,90,293,35,'FF',4,0.00,NULL,NULL,0,0,NULL,1,NULL,'BytesRecivedSec',NULL,'',2,13),(2139,'',293,0,90,293,0,'FF',9,0.00,NULL,NULL,0,0,NULL,4,NULL,'Current:',NULL,'',2,14),(2140,'',293,0,90,293,0,'FF',9,0.00,NULL,NULL,0,0,NULL,1,NULL,'Average:',NULL,'',2,15),(2141,'',293,0,90,293,0,'FF',9,0.00,NULL,NULL,0,0,NULL,3,NULL,'Maximum:',NULL,'on',2,16),(2142,'',287,0,91,287,10,'FF',4,0.00,NULL,NULL,0,0,NULL,1,NULL,'BytesRecivedSec',NULL,'',2,1),(2143,'',287,0,91,287,0,'FF',9,0.00,NULL,NULL,0,0,NULL,4,NULL,'Current:',NULL,'',2,2),(2144,'',287,0,91,287,0,'FF',9,0.00,NULL,NULL,0,0,NULL,1,NULL,'Average:',NULL,'',2,3),(2145,'',287,0,91,287,0,'FF',9,0.00,NULL,NULL,0,0,NULL,3,NULL,'Maximum:',NULL,'on',2,4),(2146,'',289,0,91,289,48,'FF',4,0.00,NULL,NULL,0,0,NULL,1,NULL,'BytesRecivedSec',NULL,'',2,5),(2147,'',289,0,91,289,0,'FF',9,0.00,NULL,NULL,0,0,NULL,4,NULL,'Current:',NULL,'',2,6),(2148,'',289,0,91,289,0,'FF',9,0.00,NULL,NULL,0,0,NULL,1,NULL,'Average:',NULL,'',2,7),(2149,'',289,0,91,289,0,'FF',9,0.00,NULL,NULL,0,0,NULL,3,NULL,'Maximum:',NULL,'on',2,8),(2150,'',291,0,91,291,93,'FF',4,0.00,NULL,NULL,0,0,NULL,1,NULL,'BytesRecivedSec',NULL,'',2,9),(2151,'',291,0,91,291,0,'FF',9,0.00,NULL,NULL,0,0,NULL,4,NULL,'Current:',NULL,'',2,10),(2152,'',291,0,91,291,0,'FF',9,0.00,NULL,NULL,0,0,NULL,1,NULL,'Average:',NULL,'',2,11),(2153,'',291,0,91,291,0,'FF',9,0.00,NULL,NULL,0,0,NULL,3,NULL,'Maximum:',NULL,'on',2,12),(2154,'',293,0,91,293,35,'FF',4,0.00,NULL,NULL,0,0,NULL,1,NULL,'BytesRecivedSec',NULL,'',2,13),(2155,'',293,0,91,293,0,'FF',9,0.00,NULL,NULL,0,0,NULL,4,NULL,'Current:',NULL,'',2,14),(2156,'',293,0,91,293,0,'FF',9,0.00,NULL,NULL,0,0,NULL,1,NULL,'Average:',NULL,'',2,15),(2157,'',293,0,91,293,0,'FF',9,0.00,NULL,NULL,0,0,NULL,3,NULL,'Maximum:',NULL,'on',2,16),(2158,'',295,0,91,295,25,'FF',4,0.00,NULL,NULL,0,0,NULL,1,NULL,'BytesRecivedSec',NULL,'',2,17),(2159,'',295,0,91,295,0,'FF',9,0.00,NULL,NULL,0,0,NULL,4,NULL,'Current:',NULL,'',2,18),(2160,'',295,0,91,295,0,'FF',9,0.00,NULL,NULL,0,0,NULL,1,NULL,'Average:',NULL,'',2,19),(2161,'',295,0,91,295,0,'FF',9,0.00,NULL,NULL,0,0,NULL,3,NULL,'Maximum:',NULL,'on',2,20),(2162,'',296,0,92,296,10,'FF',4,0.00,NULL,NULL,0,0,NULL,1,NULL,'BytesSentSec',NULL,'',2,1),(2163,'',296,0,92,296,0,'FF',9,0.00,NULL,NULL,0,0,NULL,4,NULL,'Current:',NULL,'',2,2),(2164,'',296,0,92,296,0,'FF',9,0.00,NULL,NULL,0,0,NULL,1,NULL,'Average:',NULL,'',2,3),(2165,'',296,0,92,296,0,'FF',9,0.00,NULL,NULL,0,0,NULL,3,NULL,'Maximum:',NULL,'on',2,4),(2166,'',296,0,93,296,10,'FF',4,0.00,NULL,NULL,0,0,NULL,1,NULL,'BytesSentSec',NULL,'',2,1),(2167,'',296,0,93,296,0,'FF',9,0.00,NULL,NULL,0,0,NULL,4,NULL,'Current:',NULL,'',2,2),(2168,'',296,0,93,296,0,'FF',9,0.00,NULL,NULL,0,0,NULL,1,NULL,'Average:',NULL,'',2,3),(2169,'',296,0,93,296,0,'FF',9,0.00,NULL,NULL,0,0,NULL,3,NULL,'Maximum:',NULL,'on',2,4),(2170,'',297,0,93,297,48,'FF',4,0.00,NULL,NULL,0,0,NULL,1,NULL,'BytesSentSec',NULL,'',2,5),(2171,'',297,0,93,297,0,'FF',9,0.00,NULL,NULL,0,0,NULL,4,NULL,'Current:',NULL,'',2,6),(2172,'',297,0,93,297,0,'FF',9,0.00,NULL,NULL,0,0,NULL,1,NULL,'Average:',NULL,'',2,7),(2173,'',297,0,93,297,0,'FF',9,0.00,NULL,NULL,0,0,NULL,3,NULL,'Maximum:',NULL,'on',2,8),(2174,'',296,0,94,296,10,'FF',4,0.00,NULL,NULL,0,0,NULL,1,NULL,'BytesSentSec',NULL,'',2,1),(2175,'',296,0,94,296,0,'FF',9,0.00,NULL,NULL,0,0,NULL,4,NULL,'Current:',NULL,'',2,2),(2176,'',296,0,94,296,0,'FF',9,0.00,NULL,NULL,0,0,NULL,1,NULL,'Average:',NULL,'',2,3),(2177,'',296,0,94,296,0,'FF',9,0.00,NULL,NULL,0,0,NULL,3,NULL,'Maximum:',NULL,'on',2,4),(2178,'',297,0,94,297,48,'FF',4,0.00,NULL,NULL,0,0,NULL,1,NULL,'BytesSentSec',NULL,'',2,5),(2179,'',297,0,94,297,0,'FF',9,0.00,NULL,NULL,0,0,NULL,4,NULL,'Current:',NULL,'',2,6),(2180,'',297,0,94,297,0,'FF',9,0.00,NULL,NULL,0,0,NULL,1,NULL,'Average:',NULL,'',2,7),(2181,'',297,0,94,297,0,'FF',9,0.00,NULL,NULL,0,0,NULL,3,NULL,'Maximum:',NULL,'on',2,8),(2182,'',298,0,94,298,93,'FF',4,0.00,NULL,NULL,0,0,NULL,1,NULL,'BytesSentSec',NULL,'',2,9),(2183,'',298,0,94,298,0,'FF',9,0.00,NULL,NULL,0,0,NULL,4,NULL,'Current:',NULL,'',2,10),(2184,'',298,0,94,298,0,'FF',9,0.00,NULL,NULL,0,0,NULL,1,NULL,'Average:',NULL,'',2,11),(2185,'',298,0,94,298,0,'FF',9,0.00,NULL,NULL,0,0,NULL,3,NULL,'Maximum:',NULL,'on',2,12),(2186,'',296,0,95,296,10,'FF',4,0.00,NULL,NULL,0,0,NULL,1,NULL,'BytesSentSec',NULL,'',2,1),(2187,'',296,0,95,296,0,'FF',9,0.00,NULL,NULL,0,0,NULL,4,NULL,'Current:',NULL,'',2,2),(2188,'',296,0,95,296,0,'FF',9,0.00,NULL,NULL,0,0,NULL,1,NULL,'Average:',NULL,'',2,3),(2189,'',296,0,95,296,0,'FF',9,0.00,NULL,NULL,0,0,NULL,3,NULL,'Maximum:',NULL,'on',2,4),(2190,'',297,0,95,297,48,'FF',4,0.00,NULL,NULL,0,0,NULL,1,NULL,'BytesSentSec',NULL,'',2,5),(2191,'',297,0,95,297,0,'FF',9,0.00,NULL,NULL,0,0,NULL,4,NULL,'Current:',NULL,'',2,6),(2192,'',297,0,95,297,0,'FF',9,0.00,NULL,NULL,0,0,NULL,1,NULL,'Average:',NULL,'',2,7),(2193,'',297,0,95,297,0,'FF',9,0.00,NULL,NULL,0,0,NULL,3,NULL,'Maximum:',NULL,'on',2,8),(2194,'',298,0,95,298,93,'FF',4,0.00,NULL,NULL,0,0,NULL,1,NULL,'BytesSentSec',NULL,'',2,9),(2195,'',298,0,95,298,0,'FF',9,0.00,NULL,NULL,0,0,NULL,4,NULL,'Current:',NULL,'',2,10),(2196,'',298,0,95,298,0,'FF',9,0.00,NULL,NULL,0,0,NULL,1,NULL,'Average:',NULL,'',2,11),(2197,'',298,0,95,298,0,'FF',9,0.00,NULL,NULL,0,0,NULL,3,NULL,'Maximum:',NULL,'on',2,12),(2198,'',299,0,95,299,35,'FF',4,0.00,NULL,NULL,0,0,NULL,1,NULL,'BytesSentSec',NULL,'',2,13),(2199,'',299,0,95,299,0,'FF',9,0.00,NULL,NULL,0,0,NULL,4,NULL,'Current:',NULL,'',2,14),(2200,'',299,0,95,299,0,'FF',9,0.00,NULL,NULL,0,0,NULL,1,NULL,'Average:',NULL,'',2,15),(2201,'',299,0,95,299,0,'FF',9,0.00,NULL,NULL,0,0,NULL,3,NULL,'Maximum:',NULL,'on',2,16),(2202,'',296,0,96,296,10,'FF',4,0.00,NULL,NULL,0,0,NULL,1,NULL,'BytesSentSec',NULL,'',2,1),(2203,'',296,0,96,296,0,'FF',9,0.00,NULL,NULL,0,0,NULL,4,NULL,'Current:',NULL,'',2,2),(2204,'',296,0,96,296,0,'FF',9,0.00,NULL,NULL,0,0,NULL,1,NULL,'Average:',NULL,'',2,3),(2205,'',296,0,96,296,0,'FF',9,0.00,NULL,NULL,0,0,NULL,3,NULL,'Maximum:',NULL,'on',2,4),(2206,'',297,0,96,297,48,'FF',4,0.00,NULL,NULL,0,0,NULL,1,NULL,'BytesSentSec',NULL,'',2,5),(2207,'',297,0,96,297,0,'FF',9,0.00,NULL,NULL,0,0,NULL,4,NULL,'Current:',NULL,'',2,6),(2208,'',297,0,96,297,0,'FF',9,0.00,NULL,NULL,0,0,NULL,1,NULL,'Average:',NULL,'',2,7),(2209,'',297,0,96,297,0,'FF',9,0.00,NULL,NULL,0,0,NULL,3,NULL,'Maximum:',NULL,'on',2,8),(2210,'',298,0,96,298,93,'FF',4,0.00,NULL,NULL,0,0,NULL,1,NULL,'BytesSentSec',NULL,'',2,9),(2211,'',298,0,96,298,0,'FF',9,0.00,NULL,NULL,0,0,NULL,4,NULL,'Current:',NULL,'',2,10),(2212,'',298,0,96,298,0,'FF',9,0.00,NULL,NULL,0,0,NULL,1,NULL,'Average:',NULL,'',2,11),(2213,'',298,0,96,298,0,'FF',9,0.00,NULL,NULL,0,0,NULL,3,NULL,'Maximum:',NULL,'on',2,12),(2214,'',299,0,96,299,35,'FF',4,0.00,NULL,NULL,0,0,NULL,1,NULL,'BytesSentSec',NULL,'',2,13),(2215,'',299,0,96,299,0,'FF',9,0.00,NULL,NULL,0,0,NULL,4,NULL,'Current:',NULL,'',2,14),(2216,'',299,0,96,299,0,'FF',9,0.00,NULL,NULL,0,0,NULL,1,NULL,'Average:',NULL,'',2,15),(2217,'',299,0,96,299,0,'FF',9,0.00,NULL,NULL,0,0,NULL,3,NULL,'Maximum:',NULL,'on',2,16),(2218,'',300,0,96,300,25,'FF',4,0.00,NULL,NULL,0,0,NULL,1,NULL,'BytesSentSec',NULL,'',2,17),(2219,'',300,0,96,300,0,'FF',9,0.00,NULL,NULL,0,0,NULL,4,NULL,'Current:',NULL,'',2,18),(2220,'',300,0,96,300,0,'FF',9,0.00,NULL,NULL,0,0,NULL,1,NULL,'Average:',NULL,'',2,19),(2221,'',300,0,96,300,0,'FF',9,0.00,NULL,NULL,0,0,NULL,3,NULL,'Maximum:',NULL,'on',2,20),(2222,'',302,0,97,302,10,'FF',4,0.00,NULL,NULL,0,0,NULL,1,NULL,'Recived transfer',NULL,'',2,1),(2223,'',302,0,97,302,0,'FF',9,0.00,NULL,NULL,0,0,NULL,4,NULL,'Current:',NULL,'',2,2),(2224,'',302,0,97,302,0,'FF',9,0.00,NULL,NULL,0,0,NULL,1,NULL,'Average:',NULL,'',2,3),(2225,'',302,0,97,302,0,'FF',9,0.00,NULL,NULL,0,0,NULL,3,NULL,'Maximum:',NULL,'on',2,4),(2226,'',303,0,97,303,48,'FF',4,0.00,NULL,NULL,0,0,NULL,1,NULL,'Sent transfer',NULL,'',2,5),(2227,'',303,0,97,303,0,'FF',9,0.00,NULL,NULL,0,0,NULL,4,NULL,'Current:',NULL,'',2,6),(2228,'',303,0,97,303,0,'FF',9,0.00,NULL,NULL,0,0,NULL,1,NULL,'Average:',NULL,'',2,7),(2229,'',303,0,97,303,0,'FF',9,0.00,NULL,NULL,0,0,NULL,3,NULL,'Maximum:',NULL,'on',2,8),(2230,'',304,0,98,304,10,'FF',4,0.00,NULL,NULL,0,0,NULL,1,NULL,'Recived/sec',NULL,'',2,1),(2231,'',304,0,98,304,0,'FF',9,0.00,NULL,NULL,0,0,NULL,4,NULL,'Current:',NULL,'',2,2),(2232,'',304,0,98,304,0,'FF',9,0.00,NULL,NULL,0,0,NULL,1,NULL,'Average:',NULL,'',2,3),(2233,'',304,0,98,304,0,'FF',9,0.00,NULL,NULL,0,0,NULL,3,NULL,'Maximum:',NULL,'on',2,4),(2234,'',305,0,98,305,48,'FF',4,0.00,NULL,NULL,0,0,NULL,1,NULL,'Sent/sec',NULL,'',2,5),(2235,'',305,0,98,305,0,'FF',9,0.00,NULL,NULL,0,0,NULL,4,NULL,'Current:',NULL,'',2,6),(2236,'',305,0,98,305,0,'FF',9,0.00,NULL,NULL,0,0,NULL,1,NULL,'Average:',NULL,'',2,7),(2237,'',305,0,98,305,0,'FF',9,0.00,NULL,NULL,0,0,NULL,3,NULL,'Maximum:',NULL,'on',2,8),(2238,'',306,0,99,306,10,'FF',5,0.00,NULL,NULL,0,0,NULL,1,NULL,'RecievedDiscarded',NULL,'',2,1),(2239,'',306,0,99,306,0,'FF',9,0.00,NULL,NULL,0,0,NULL,4,NULL,'Current:',NULL,'',2,2),(2240,'',306,0,99,306,0,'FF',9,0.00,NULL,NULL,0,0,NULL,1,NULL,'Average:',NULL,'',2,3),(2241,'',306,0,99,306,0,'FF',9,0.00,NULL,NULL,0,0,NULL,3,NULL,'Maximum:',NULL,'on',2,4),(2242,'',307,0,99,307,48,'FF',5,0.00,NULL,NULL,0,0,NULL,1,NULL,'RecievedErrors',NULL,'',2,5),(2243,'',307,0,99,307,0,'FF',9,0.00,NULL,NULL,0,0,NULL,4,NULL,'Current:',NULL,'',2,6),(2244,'',307,0,99,307,0,'FF',9,0.00,NULL,NULL,0,0,NULL,1,NULL,'Average:',NULL,'',2,7),(2245,'',307,0,99,307,0,'FF',9,0.00,NULL,NULL,0,0,NULL,3,NULL,'Maximum:',NULL,'on',2,8),(2246,'',308,0,99,308,93,'FF',5,0.00,NULL,NULL,0,0,NULL,1,NULL,'OutboundDiscarded',NULL,'',2,9),(2247,'',308,0,99,308,0,'FF',9,0.00,NULL,NULL,0,0,NULL,4,NULL,'Current:',NULL,'',2,10),(2248,'',308,0,99,308,0,'FF',9,0.00,NULL,NULL,0,0,NULL,1,NULL,'Average:',NULL,'',2,11),(2249,'',308,0,99,308,0,'FF',9,0.00,NULL,NULL,0,0,NULL,3,NULL,'Maximum:',NULL,'on',2,12),(2250,'',309,0,99,309,35,'FF',5,0.00,NULL,NULL,0,0,NULL,1,NULL,'OutboundErrors',NULL,'',2,13),(2251,'',309,0,99,309,0,'FF',9,0.00,NULL,NULL,0,0,NULL,4,NULL,'Current:',NULL,'',2,14),(2252,'',309,0,99,309,0,'FF',9,0.00,NULL,NULL,0,0,NULL,1,NULL,'Average:',NULL,'',2,15),(2253,'',309,0,99,309,0,'FF',9,0.00,NULL,NULL,0,0,NULL,3,NULL,'Maximum:',NULL,'on',2,16),(2254,'',311,0,100,311,10,'FF',5,0.00,NULL,NULL,0,0,NULL,1,NULL,'DiskIdleTime',NULL,'',2,1),(2255,'',311,0,100,311,0,'FF',9,0.00,NULL,NULL,0,0,NULL,4,NULL,'Current:',NULL,'',2,2),(2256,'',311,0,100,311,0,'FF',9,0.00,NULL,NULL,0,0,NULL,1,NULL,'Average:',NULL,'',2,3),(2257,'',311,0,100,311,0,'FF',9,0.00,NULL,NULL,0,0,NULL,3,NULL,'Maximum:',NULL,'on',2,4),(2258,'',311,0,101,311,10,'FF',5,0.00,NULL,NULL,0,0,NULL,1,NULL,'DiskIdleTime',NULL,'',2,1),(2259,'',311,0,101,311,0,'FF',9,0.00,NULL,NULL,0,0,NULL,4,NULL,'Current:',NULL,'',2,2),(2260,'',311,0,101,311,0,'FF',9,0.00,NULL,NULL,0,0,NULL,1,NULL,'Average:',NULL,'',2,3),(2261,'',311,0,101,311,0,'FF',9,0.00,NULL,NULL,0,0,NULL,3,NULL,'Maximum:',NULL,'on',2,4),(2262,'',313,0,101,313,48,'FF',5,0.00,NULL,NULL,0,0,NULL,1,NULL,'DiskIdleTime',NULL,'',2,5),(2263,'',313,0,101,313,0,'FF',9,0.00,NULL,NULL,0,0,NULL,4,NULL,'Current:',NULL,'',2,6),(2264,'',313,0,101,313,0,'FF',9,0.00,NULL,NULL,0,0,NULL,1,NULL,'Average:',NULL,'',2,7),(2265,'',313,0,101,313,0,'FF',9,0.00,NULL,NULL,0,0,NULL,3,NULL,'Maximum:',NULL,'on',2,8),(2266,'',311,0,102,311,10,'FF',5,0.00,NULL,NULL,0,0,NULL,1,NULL,'DiskIdleTime',NULL,'',2,1),(2267,'',311,0,102,311,0,'FF',9,0.00,NULL,NULL,0,0,NULL,4,NULL,'Current:',NULL,'',2,2),(2268,'',311,0,102,311,0,'FF',9,0.00,NULL,NULL,0,0,NULL,1,NULL,'Average:',NULL,'',2,3),(2269,'',311,0,102,311,0,'FF',9,0.00,NULL,NULL,0,0,NULL,3,NULL,'Maximum:',NULL,'on',2,4),(2270,'',313,0,102,313,48,'FF',5,0.00,NULL,NULL,0,0,NULL,1,NULL,'DiskIdleTime',NULL,'',2,5),(2271,'',313,0,102,313,0,'FF',9,0.00,NULL,NULL,0,0,NULL,4,NULL,'Current:',NULL,'',2,6),(2272,'',313,0,102,313,0,'FF',9,0.00,NULL,NULL,0,0,NULL,1,NULL,'Average:',NULL,'',2,7),(2273,'',313,0,102,313,0,'FF',9,0.00,NULL,NULL,0,0,NULL,3,NULL,'Maximum:',NULL,'on',2,8),(2274,'',315,0,102,315,93,'FF',5,0.00,NULL,NULL,0,0,NULL,1,NULL,'DiskIdleTime',NULL,'',2,9),(2275,'',315,0,102,315,0,'FF',9,0.00,NULL,NULL,0,0,NULL,4,NULL,'Current:',NULL,'',2,10),(2276,'',315,0,102,315,0,'FF',9,0.00,NULL,NULL,0,0,NULL,1,NULL,'Average:',NULL,'',2,11),(2277,'',315,0,102,315,0,'FF',9,0.00,NULL,NULL,0,0,NULL,3,NULL,'Maximum:',NULL,'on',2,12),(2278,'',311,0,103,311,10,'FF',5,0.00,NULL,NULL,0,0,NULL,1,NULL,'DiskIdleTime',NULL,'',2,1),(2279,'',311,0,103,311,0,'FF',9,0.00,NULL,NULL,0,0,NULL,4,NULL,'Current:',NULL,'',2,2),(2280,'',311,0,103,311,0,'FF',9,0.00,NULL,NULL,0,0,NULL,1,NULL,'Average:',NULL,'',2,3),(2281,'',311,0,103,311,0,'FF',9,0.00,NULL,NULL,0,0,NULL,3,NULL,'Maximum:',NULL,'on',2,4),(2282,'',313,0,103,313,48,'FF',5,0.00,NULL,NULL,0,0,NULL,1,NULL,'DiskIdleTime',NULL,'',2,5),(2283,'',313,0,103,313,0,'FF',9,0.00,NULL,NULL,0,0,NULL,4,NULL,'Current:',NULL,'',2,6),(2284,'',313,0,103,313,0,'FF',9,0.00,NULL,NULL,0,0,NULL,1,NULL,'Average:',NULL,'',2,7),(2285,'',313,0,103,313,0,'FF',9,0.00,NULL,NULL,0,0,NULL,3,NULL,'Maximum:',NULL,'on',2,8),(2286,'',315,0,103,315,93,'FF',5,0.00,NULL,NULL,0,0,NULL,1,NULL,'DiskIdleTime',NULL,'',2,9),(2287,'',315,0,103,315,0,'FF',9,0.00,NULL,NULL,0,0,NULL,4,NULL,'Current:',NULL,'',2,10),(2288,'',315,0,103,315,0,'FF',9,0.00,NULL,NULL,0,0,NULL,1,NULL,'Average:',NULL,'',2,11),(2289,'',315,0,103,315,0,'FF',9,0.00,NULL,NULL,0,0,NULL,3,NULL,'Maximum:',NULL,'on',2,12),(2290,'',317,0,103,317,35,'FF',5,0.00,NULL,NULL,0,0,NULL,1,NULL,'DiskIdleTime',NULL,'',2,13),(2291,'',317,0,103,317,0,'FF',9,0.00,NULL,NULL,0,0,NULL,4,NULL,'Current:',NULL,'',2,14),(2292,'',317,0,103,317,0,'FF',9,0.00,NULL,NULL,0,0,NULL,1,NULL,'Average:',NULL,'',2,15),(2293,'',317,0,103,317,0,'FF',9,0.00,NULL,NULL,0,0,NULL,3,NULL,'Maximum:',NULL,'on',2,16),(2294,'',311,0,104,311,10,'FF',5,0.00,NULL,NULL,0,0,NULL,1,NULL,'DiskIdleTime',NULL,'',2,1),(2295,'',311,0,104,311,0,'FF',9,0.00,NULL,NULL,0,0,NULL,4,NULL,'Current:',NULL,'',2,2),(2296,'',311,0,104,311,0,'FF',9,0.00,NULL,NULL,0,0,NULL,1,NULL,'Average:',NULL,'',2,3),(2297,'',311,0,104,311,0,'FF',9,0.00,NULL,NULL,0,0,NULL,3,NULL,'Maximum:',NULL,'on',2,4),(2298,'',313,0,104,313,48,'FF',5,0.00,NULL,NULL,0,0,NULL,1,NULL,'DiskIdleTime',NULL,'',2,5),(2299,'',313,0,104,313,0,'FF',9,0.00,NULL,NULL,0,0,NULL,4,NULL,'Current:',NULL,'',2,6),(2300,'',313,0,104,313,0,'FF',9,0.00,NULL,NULL,0,0,NULL,1,NULL,'Average:',NULL,'',2,7),(2301,'',313,0,104,313,0,'FF',9,0.00,NULL,NULL,0,0,NULL,3,NULL,'Maximum:',NULL,'on',2,8),(2302,'',315,0,104,315,93,'FF',5,0.00,NULL,NULL,0,0,NULL,1,NULL,'DiskIdleTime',NULL,'',2,9),(2303,'',315,0,104,315,0,'FF',9,0.00,NULL,NULL,0,0,NULL,4,NULL,'Current:',NULL,'',2,10),(2304,'',315,0,104,315,0,'FF',9,0.00,NULL,NULL,0,0,NULL,1,NULL,'Average:',NULL,'',2,11),(2305,'',315,0,104,315,0,'FF',9,0.00,NULL,NULL,0,0,NULL,3,NULL,'Maximum:',NULL,'on',2,12),(2306,'',317,0,104,317,35,'FF',5,0.00,NULL,NULL,0,0,NULL,1,NULL,'DiskIdleTime',NULL,'',2,13),(2307,'',317,0,104,317,0,'FF',9,0.00,NULL,NULL,0,0,NULL,4,NULL,'Current:',NULL,'',2,14),(2308,'',317,0,104,317,0,'FF',9,0.00,NULL,NULL,0,0,NULL,1,NULL,'Average:',NULL,'',2,15),(2309,'',317,0,104,317,0,'FF',9,0.00,NULL,NULL,0,0,NULL,3,NULL,'Maximum:',NULL,'on',2,16),(2310,'',319,0,104,319,25,'FF',5,0.00,NULL,NULL,0,0,NULL,1,NULL,'DiskIdleTime',NULL,'',2,17),(2311,'',319,0,104,319,0,'FF',9,0.00,NULL,NULL,0,0,NULL,4,NULL,'Current:',NULL,'',2,18),(2312,'',319,0,104,319,0,'FF',9,0.00,NULL,NULL,0,0,NULL,1,NULL,'Average:',NULL,'',2,19),(2313,'',319,0,104,319,0,'FF',9,0.00,NULL,NULL,0,0,NULL,3,NULL,'Maximum:',NULL,'on',2,20),(2314,'',311,0,105,311,10,'FF',5,0.00,NULL,NULL,0,0,NULL,1,NULL,'DiskIdleTime',NULL,'',2,1),(2315,'',311,0,105,311,0,'FF',9,0.00,NULL,NULL,0,0,NULL,4,NULL,'Current:',NULL,'',2,2),(2316,'',311,0,105,311,0,'FF',9,0.00,NULL,NULL,0,0,NULL,1,NULL,'Average:',NULL,'',2,3),(2317,'',311,0,105,311,0,'FF',9,0.00,NULL,NULL,0,0,NULL,3,NULL,'Maximum:',NULL,'on',2,4),(2318,'',313,0,105,313,48,'FF',5,0.00,NULL,NULL,0,0,NULL,1,NULL,'DiskIdleTime',NULL,'',2,5),(2319,'',313,0,105,313,0,'FF',9,0.00,NULL,NULL,0,0,NULL,4,NULL,'Current:',NULL,'',2,6),(2320,'',313,0,105,313,0,'FF',9,0.00,NULL,NULL,0,0,NULL,1,NULL,'Average:',NULL,'',2,7),(2321,'',313,0,105,313,0,'FF',9,0.00,NULL,NULL,0,0,NULL,3,NULL,'Maximum:',NULL,'on',2,8),(2322,'',315,0,105,315,93,'FF',5,0.00,NULL,NULL,0,0,NULL,1,NULL,'DiskIdleTime',NULL,'',2,9),(2323,'',315,0,105,315,0,'FF',9,0.00,NULL,NULL,0,0,NULL,4,NULL,'Current:',NULL,'',2,10),(2324,'',315,0,105,315,0,'FF',9,0.00,NULL,NULL,0,0,NULL,1,NULL,'Average:',NULL,'',2,11),(2325,'',315,0,105,315,0,'FF',9,0.00,NULL,NULL,0,0,NULL,3,NULL,'Maximum:',NULL,'on',2,12),(2326,'',317,0,105,317,35,'FF',5,0.00,NULL,NULL,0,0,NULL,1,NULL,'DiskIdleTime',NULL,'',2,13),(2327,'',317,0,105,317,0,'FF',9,0.00,NULL,NULL,0,0,NULL,4,NULL,'Current:',NULL,'',2,14),(2328,'',317,0,105,317,0,'FF',9,0.00,NULL,NULL,0,0,NULL,1,NULL,'Average:',NULL,'',2,15),(2329,'',317,0,105,317,0,'FF',9,0.00,NULL,NULL,0,0,NULL,3,NULL,'Maximum:',NULL,'on',2,16),(2330,'',319,0,105,319,25,'FF',5,0.00,NULL,NULL,0,0,NULL,1,NULL,'DiskIdleTime',NULL,'',2,17),(2331,'',319,0,105,319,0,'FF',9,0.00,NULL,NULL,0,0,NULL,4,NULL,'Current:',NULL,'',2,18),(2332,'',319,0,105,319,0,'FF',9,0.00,NULL,NULL,0,0,NULL,1,NULL,'Average:',NULL,'',2,19),(2333,'',319,0,105,319,0,'FF',9,0.00,NULL,NULL,0,0,NULL,3,NULL,'Maximum:',NULL,'on',2,20),(2334,'',321,0,105,321,7,'FF',5,0.00,NULL,NULL,0,0,NULL,1,NULL,'DiskIdleTime',NULL,'',2,21),(2335,'',321,0,105,321,0,'FF',9,0.00,NULL,NULL,0,0,NULL,4,NULL,'Current:',NULL,'',2,22),(2336,'',321,0,105,321,0,'FF',9,0.00,NULL,NULL,0,0,NULL,1,NULL,'Average:',NULL,'',2,23),(2337,'',321,0,105,321,0,'FF',9,0.00,NULL,NULL,0,0,NULL,3,NULL,'Maximum:',NULL,'on',2,24),(2338,'',311,0,106,311,10,'FF',5,0.00,NULL,NULL,0,0,NULL,1,NULL,'DiskIdleTime',NULL,'',2,1),(2339,'',311,0,106,311,0,'FF',9,0.00,NULL,NULL,0,0,NULL,4,NULL,'Current:',NULL,'',2,2),(2340,'',311,0,106,311,0,'FF',9,0.00,NULL,NULL,0,0,NULL,1,NULL,'Average:',NULL,'',2,3),(2341,'',311,0,106,311,0,'FF',9,0.00,NULL,NULL,0,0,NULL,3,NULL,'Maximum:',NULL,'on',2,4),(2342,'',313,0,106,313,48,'FF',5,0.00,NULL,NULL,0,0,NULL,1,NULL,'DiskIdleTime',NULL,'',2,5),(2343,'',313,0,106,313,0,'FF',9,0.00,NULL,NULL,0,0,NULL,4,NULL,'Current:',NULL,'',2,6),(2344,'',313,0,106,313,0,'FF',9,0.00,NULL,NULL,0,0,NULL,1,NULL,'Average:',NULL,'',2,7),(2345,'',313,0,106,313,0,'FF',9,0.00,NULL,NULL,0,0,NULL,3,NULL,'Maximum:',NULL,'on',2,8),(2346,'',315,0,106,315,93,'FF',5,0.00,NULL,NULL,0,0,NULL,1,NULL,'DiskIdleTime',NULL,'',2,9),(2347,'',315,0,106,315,0,'FF',9,0.00,NULL,NULL,0,0,NULL,4,NULL,'Current:',NULL,'',2,10),(2348,'',315,0,106,315,0,'FF',9,0.00,NULL,NULL,0,0,NULL,1,NULL,'Average:',NULL,'',2,11),(2349,'',315,0,106,315,0,'FF',9,0.00,NULL,NULL,0,0,NULL,3,NULL,'Maximum:',NULL,'on',2,12),(2350,'',317,0,106,317,35,'FF',5,0.00,NULL,NULL,0,0,NULL,1,NULL,'DiskIdleTime',NULL,'',2,13),(2351,'',317,0,106,317,0,'FF',9,0.00,NULL,NULL,0,0,NULL,4,NULL,'Current:',NULL,'',2,14),(2352,'',317,0,106,317,0,'FF',9,0.00,NULL,NULL,0,0,NULL,1,NULL,'Average:',NULL,'',2,15),(2353,'',317,0,106,317,0,'FF',9,0.00,NULL,NULL,0,0,NULL,3,NULL,'Maximum:',NULL,'on',2,16),(2354,'',319,0,106,319,25,'FF',5,0.00,NULL,NULL,0,0,NULL,1,NULL,'DiskIdleTime',NULL,'',2,17),(2355,'',319,0,106,319,0,'FF',9,0.00,NULL,NULL,0,0,NULL,4,NULL,'Current:',NULL,'',2,18),(2356,'',319,0,106,319,0,'FF',9,0.00,NULL,NULL,0,0,NULL,1,NULL,'Average:',NULL,'',2,19),(2357,'',319,0,106,319,0,'FF',9,0.00,NULL,NULL,0,0,NULL,3,NULL,'Maximum:',NULL,'on',2,20),(2358,'',321,0,106,321,7,'FF',5,0.00,NULL,NULL,0,0,NULL,1,NULL,'DiskIdleTime',NULL,'',2,21),(2359,'',321,0,106,321,0,'FF',9,0.00,NULL,NULL,0,0,NULL,4,NULL,'Current:',NULL,'',2,22),(2360,'',321,0,106,321,0,'FF',9,0.00,NULL,NULL,0,0,NULL,1,NULL,'Average:',NULL,'',2,23),(2361,'',321,0,106,321,0,'FF',9,0.00,NULL,NULL,0,0,NULL,3,NULL,'Maximum:',NULL,'on',2,24),(2362,'',323,0,106,323,8,'FF',5,0.00,NULL,NULL,0,0,NULL,1,NULL,'DiskIdleTime',NULL,'',2,25),(2363,'',323,0,106,323,0,'FF',9,0.00,NULL,NULL,0,0,NULL,4,NULL,'Current:',NULL,'',2,26),(2364,'',323,0,106,323,0,'FF',9,0.00,NULL,NULL,0,0,NULL,1,NULL,'Average:',NULL,'',2,27),(2365,'',323,0,106,323,0,'FF',9,0.00,NULL,NULL,0,0,NULL,3,NULL,'Maximum:',NULL,'on',2,28),(2366,'',311,0,107,311,10,'FF',5,0.00,NULL,NULL,0,0,NULL,1,NULL,'DiskIdleTime',NULL,'',2,1),(2367,'',311,0,107,311,0,'FF',9,0.00,NULL,NULL,0,0,NULL,4,NULL,'Current:',NULL,'',2,2),(2368,'',311,0,107,311,0,'FF',9,0.00,NULL,NULL,0,0,NULL,1,NULL,'Average:',NULL,'',2,3),(2369,'',311,0,107,311,0,'FF',9,0.00,NULL,NULL,0,0,NULL,3,NULL,'Maximum:',NULL,'on',2,4),(2370,'',313,0,107,313,48,'FF',5,0.00,NULL,NULL,0,0,NULL,1,NULL,'DiskIdleTime',NULL,'',2,5),(2371,'',313,0,107,313,0,'FF',9,0.00,NULL,NULL,0,0,NULL,4,NULL,'Current:',NULL,'',2,6),(2372,'',313,0,107,313,0,'FF',9,0.00,NULL,NULL,0,0,NULL,1,NULL,'Average:',NULL,'',2,7),(2373,'',313,0,107,313,0,'FF',9,0.00,NULL,NULL,0,0,NULL,3,NULL,'Maximum:',NULL,'on',2,8),(2374,'',315,0,107,315,93,'FF',5,0.00,NULL,NULL,0,0,NULL,1,NULL,'DiskIdleTime',NULL,'',2,9),(2375,'',315,0,107,315,0,'FF',9,0.00,NULL,NULL,0,0,NULL,4,NULL,'Current:',NULL,'',2,10),(2376,'',315,0,107,315,0,'FF',9,0.00,NULL,NULL,0,0,NULL,1,NULL,'Average:',NULL,'',2,11),(2377,'',315,0,107,315,0,'FF',9,0.00,NULL,NULL,0,0,NULL,3,NULL,'Maximum:',NULL,'on',2,12),(2378,'',317,0,107,317,35,'FF',5,0.00,NULL,NULL,0,0,NULL,1,NULL,'DiskIdleTime',NULL,'',2,13),(2379,'',317,0,107,317,0,'FF',9,0.00,NULL,NULL,0,0,NULL,4,NULL,'Current:',NULL,'',2,14),(2380,'',317,0,107,317,0,'FF',9,0.00,NULL,NULL,0,0,NULL,1,NULL,'Average:',NULL,'',2,15),(2381,'',317,0,107,317,0,'FF',9,0.00,NULL,NULL,0,0,NULL,3,NULL,'Maximum:',NULL,'on',2,16),(2382,'',319,0,107,319,25,'FF',5,0.00,NULL,NULL,0,0,NULL,1,NULL,'DiskIdleTime',NULL,'',2,17),(2383,'',319,0,107,319,0,'FF',9,0.00,NULL,NULL,0,0,NULL,4,NULL,'Current:',NULL,'',2,18),(2384,'',319,0,107,319,0,'FF',9,0.00,NULL,NULL,0,0,NULL,1,NULL,'Average:',NULL,'',2,19),(2385,'',319,0,107,319,0,'FF',9,0.00,NULL,NULL,0,0,NULL,3,NULL,'Maximum:',NULL,'on',2,20),(2386,'',321,0,107,321,7,'FF',5,0.00,NULL,NULL,0,0,NULL,1,NULL,'DiskIdleTime',NULL,'',2,21),(2387,'',321,0,107,321,0,'FF',9,0.00,NULL,NULL,0,0,NULL,4,NULL,'Current:',NULL,'',2,22),(2388,'',321,0,107,321,0,'FF',9,0.00,NULL,NULL,0,0,NULL,1,NULL,'Average:',NULL,'',2,23),(2389,'',321,0,107,321,0,'FF',9,0.00,NULL,NULL,0,0,NULL,3,NULL,'Maximum:',NULL,'on',2,24),(2390,'',323,0,107,323,8,'FF',5,0.00,NULL,NULL,0,0,NULL,1,NULL,'DiskIdleTime',NULL,'',2,25),(2391,'',323,0,107,323,0,'FF',9,0.00,NULL,NULL,0,0,NULL,4,NULL,'Current:',NULL,'',2,26),(2392,'',323,0,107,323,0,'FF',9,0.00,NULL,NULL,0,0,NULL,1,NULL,'Average:',NULL,'',2,27),(2393,'',323,0,107,323,0,'FF',9,0.00,NULL,NULL,0,0,NULL,3,NULL,'Maximum:',NULL,'on',2,28),(2394,'',325,0,107,325,20,'FF',5,0.00,NULL,NULL,0,0,NULL,1,NULL,'DiskIdleTime',NULL,'',2,29),(2395,'',325,0,107,325,0,'FF',9,0.00,NULL,NULL,0,0,NULL,4,NULL,'Current:',NULL,'',2,30),(2396,'',325,0,107,325,0,'FF',9,0.00,NULL,NULL,0,0,NULL,1,NULL,'Average:',NULL,'',2,31),(2397,'',325,0,107,325,0,'FF',9,0.00,NULL,NULL,0,0,NULL,3,NULL,'Maximum:',NULL,'on',2,32),(2398,'',311,0,108,311,10,'FF',5,0.00,NULL,NULL,0,0,NULL,1,NULL,'DiskIdleTime',NULL,'',2,1),(2399,'',311,0,108,311,0,'FF',9,0.00,NULL,NULL,0,0,NULL,4,NULL,'Current:',NULL,'',2,2),(2400,'',311,0,108,311,0,'FF',9,0.00,NULL,NULL,0,0,NULL,1,NULL,'Average:',NULL,'',2,3),(2401,'',311,0,108,311,0,'FF',9,0.00,NULL,NULL,0,0,NULL,3,NULL,'Maximum:',NULL,'on',2,4),(2402,'',313,0,108,313,48,'FF',5,0.00,NULL,NULL,0,0,NULL,1,NULL,'DiskIdleTime',NULL,'',2,5),(2403,'',313,0,108,313,0,'FF',9,0.00,NULL,NULL,0,0,NULL,4,NULL,'Current:',NULL,'',2,6),(2404,'',313,0,108,313,0,'FF',9,0.00,NULL,NULL,0,0,NULL,1,NULL,'Average:',NULL,'',2,7),(2405,'',313,0,108,313,0,'FF',9,0.00,NULL,NULL,0,0,NULL,3,NULL,'Maximum:',NULL,'on',2,8),(2406,'',315,0,108,315,93,'FF',5,0.00,NULL,NULL,0,0,NULL,1,NULL,'DiskIdleTime',NULL,'',2,9),(2407,'',315,0,108,315,0,'FF',9,0.00,NULL,NULL,0,0,NULL,4,NULL,'Current:',NULL,'',2,10),(2408,'',315,0,108,315,0,'FF',9,0.00,NULL,NULL,0,0,NULL,1,NULL,'Average:',NULL,'',2,11),(2409,'',315,0,108,315,0,'FF',9,0.00,NULL,NULL,0,0,NULL,3,NULL,'Maximum:',NULL,'on',2,12),(2410,'',317,0,108,317,35,'FF',5,0.00,NULL,NULL,0,0,NULL,1,NULL,'DiskIdleTime',NULL,'',2,13),(2411,'',317,0,108,317,0,'FF',9,0.00,NULL,NULL,0,0,NULL,4,NULL,'Current:',NULL,'',2,14),(2412,'',317,0,108,317,0,'FF',9,0.00,NULL,NULL,0,0,NULL,1,NULL,'Average:',NULL,'',2,15),(2413,'',317,0,108,317,0,'FF',9,0.00,NULL,NULL,0,0,NULL,3,NULL,'Maximum:',NULL,'on',2,16),(2414,'',319,0,108,319,25,'FF',5,0.00,NULL,NULL,0,0,NULL,1,NULL,'DiskIdleTime',NULL,'',2,17),(2415,'',319,0,108,319,0,'FF',9,0.00,NULL,NULL,0,0,NULL,4,NULL,'Current:',NULL,'',2,18),(2416,'',319,0,108,319,0,'FF',9,0.00,NULL,NULL,0,0,NULL,1,NULL,'Average:',NULL,'',2,19),(2417,'',319,0,108,319,0,'FF',9,0.00,NULL,NULL,0,0,NULL,3,NULL,'Maximum:',NULL,'on',2,20),(2418,'',321,0,108,321,7,'FF',5,0.00,NULL,NULL,0,0,NULL,1,NULL,'DiskIdleTime',NULL,'',2,21),(2419,'',321,0,108,321,0,'FF',9,0.00,NULL,NULL,0,0,NULL,4,NULL,'Current:',NULL,'',2,22),(2420,'',321,0,108,321,0,'FF',9,0.00,NULL,NULL,0,0,NULL,1,NULL,'Average:',NULL,'',2,23),(2421,'',321,0,108,321,0,'FF',9,0.00,NULL,NULL,0,0,NULL,3,NULL,'Maximum:',NULL,'on',2,24),(2422,'',323,0,108,323,8,'FF',5,0.00,NULL,NULL,0,0,NULL,1,NULL,'DiskIdleTime',NULL,'',2,25),(2423,'',323,0,108,323,0,'FF',9,0.00,NULL,NULL,0,0,NULL,4,NULL,'Current:',NULL,'',2,26),(2424,'',323,0,108,323,0,'FF',9,0.00,NULL,NULL,0,0,NULL,1,NULL,'Average:',NULL,'',2,27),(2425,'',323,0,108,323,0,'FF',9,0.00,NULL,NULL,0,0,NULL,3,NULL,'Maximum:',NULL,'on',2,28),(2426,'',325,0,108,325,20,'FF',5,0.00,NULL,NULL,0,0,NULL,1,NULL,'DiskIdleTime',NULL,'',2,29),(2427,'',325,0,108,325,0,'FF',9,0.00,NULL,NULL,0,0,NULL,4,NULL,'Current:',NULL,'',2,30),(2428,'',325,0,108,325,0,'FF',9,0.00,NULL,NULL,0,0,NULL,1,NULL,'Average:',NULL,'',2,31),(2429,'',325,0,108,325,0,'FF',9,0.00,NULL,NULL,0,0,NULL,3,NULL,'Maximum:',NULL,'on',2,32),(2430,'',327,0,108,327,13,'FF',5,0.00,NULL,NULL,0,0,NULL,1,NULL,'DiskIdleTime',NULL,'',2,33),(2431,'',327,0,108,327,0,'FF',9,0.00,NULL,NULL,0,0,NULL,4,NULL,'Current:',NULL,'',2,34),(2432,'',327,0,108,327,0,'FF',9,0.00,NULL,NULL,0,0,NULL,1,NULL,'Average:',NULL,'',2,35),(2433,'',327,0,108,327,0,'FF',9,0.00,NULL,NULL,0,0,NULL,3,NULL,'Maximum:',NULL,'on',2,36),(2434,'',311,0,109,311,10,'FF',5,0.00,NULL,NULL,0,0,NULL,1,NULL,'DiskIdleTime',NULL,'',2,1),(2435,'',311,0,109,311,0,'FF',9,0.00,NULL,NULL,0,0,NULL,4,NULL,'Current:',NULL,'',2,2),(2436,'',311,0,109,311,0,'FF',9,0.00,NULL,NULL,0,0,NULL,1,NULL,'Average:',NULL,'',2,3),(2437,'',311,0,109,311,0,'FF',9,0.00,NULL,NULL,0,0,NULL,3,NULL,'Maximum:',NULL,'on',2,4),(2438,'',313,0,109,313,48,'FF',5,0.00,NULL,NULL,0,0,NULL,1,NULL,'DiskIdleTime',NULL,'',2,5),(2439,'',313,0,109,313,0,'FF',9,0.00,NULL,NULL,0,0,NULL,4,NULL,'Current:',NULL,'',2,6),(2440,'',313,0,109,313,0,'FF',9,0.00,NULL,NULL,0,0,NULL,1,NULL,'Average:',NULL,'',2,7),(2441,'',313,0,109,313,0,'FF',9,0.00,NULL,NULL,0,0,NULL,3,NULL,'Maximum:',NULL,'on',2,8),(2442,'',315,0,109,315,93,'FF',5,0.00,NULL,NULL,0,0,NULL,1,NULL,'DiskIdleTime',NULL,'',2,9),(2443,'',315,0,109,315,0,'FF',9,0.00,NULL,NULL,0,0,NULL,4,NULL,'Current:',NULL,'',2,10),(2444,'',315,0,109,315,0,'FF',9,0.00,NULL,NULL,0,0,NULL,1,NULL,'Average:',NULL,'',2,11),(2445,'',315,0,109,315,0,'FF',9,0.00,NULL,NULL,0,0,NULL,3,NULL,'Maximum:',NULL,'on',2,12),(2446,'',317,0,109,317,35,'FF',5,0.00,NULL,NULL,0,0,NULL,1,NULL,'DiskIdleTime',NULL,'',2,13),(2447,'',317,0,109,317,0,'FF',9,0.00,NULL,NULL,0,0,NULL,4,NULL,'Current:',NULL,'',2,14),(2448,'',317,0,109,317,0,'FF',9,0.00,NULL,NULL,0,0,NULL,1,NULL,'Average:',NULL,'',2,15),(2449,'',317,0,109,317,0,'FF',9,0.00,NULL,NULL,0,0,NULL,3,NULL,'Maximum:',NULL,'on',2,16),(2450,'',319,0,109,319,25,'FF',5,0.00,NULL,NULL,0,0,NULL,1,NULL,'DiskIdleTime',NULL,'',2,17),(2451,'',319,0,109,319,0,'FF',9,0.00,NULL,NULL,0,0,NULL,4,NULL,'Current:',NULL,'',2,18),(2452,'',319,0,109,319,0,'FF',9,0.00,NULL,NULL,0,0,NULL,1,NULL,'Average:',NULL,'',2,19),(2453,'',319,0,109,319,0,'FF',9,0.00,NULL,NULL,0,0,NULL,3,NULL,'Maximum:',NULL,'on',2,20),(2454,'',321,0,109,321,7,'FF',5,0.00,NULL,NULL,0,0,NULL,1,NULL,'DiskIdleTime',NULL,'',2,21),(2455,'',321,0,109,321,0,'FF',9,0.00,NULL,NULL,0,0,NULL,4,NULL,'Current:',NULL,'',2,22),(2456,'',321,0,109,321,0,'FF',9,0.00,NULL,NULL,0,0,NULL,1,NULL,'Average:',NULL,'',2,23),(2457,'',321,0,109,321,0,'FF',9,0.00,NULL,NULL,0,0,NULL,3,NULL,'Maximum:',NULL,'on',2,24),(2458,'',323,0,109,323,8,'FF',5,0.00,NULL,NULL,0,0,NULL,1,NULL,'DiskIdleTime',NULL,'',2,25),(2459,'',323,0,109,323,0,'FF',9,0.00,NULL,NULL,0,0,NULL,4,NULL,'Current:',NULL,'',2,26),(2460,'',323,0,109,323,0,'FF',9,0.00,NULL,NULL,0,0,NULL,1,NULL,'Average:',NULL,'',2,27),(2461,'',323,0,109,323,0,'FF',9,0.00,NULL,NULL,0,0,NULL,3,NULL,'Maximum:',NULL,'on',2,28),(2462,'',325,0,109,325,20,'FF',5,0.00,NULL,NULL,0,0,NULL,1,NULL,'DiskIdleTime',NULL,'',2,29),(2463,'',325,0,109,325,0,'FF',9,0.00,NULL,NULL,0,0,NULL,4,NULL,'Current:',NULL,'',2,30),(2464,'',325,0,109,325,0,'FF',9,0.00,NULL,NULL,0,0,NULL,1,NULL,'Average:',NULL,'',2,31),(2465,'',325,0,109,325,0,'FF',9,0.00,NULL,NULL,0,0,NULL,3,NULL,'Maximum:',NULL,'on',2,32),(2466,'',327,0,109,327,13,'FF',5,0.00,NULL,NULL,0,0,NULL,1,NULL,'DiskIdleTime',NULL,'',2,33),(2467,'',327,0,109,327,0,'FF',9,0.00,NULL,NULL,0,0,NULL,4,NULL,'Current:',NULL,'',2,34),(2468,'',327,0,109,327,0,'FF',9,0.00,NULL,NULL,0,0,NULL,1,NULL,'Average:',NULL,'',2,35),(2469,'',327,0,109,327,0,'FF',9,0.00,NULL,NULL,0,0,NULL,3,NULL,'Maximum:',NULL,'on',2,36),(2470,'',329,0,109,329,14,'FF',5,0.00,NULL,NULL,0,0,NULL,1,NULL,'DiskIdleTime',NULL,'',2,37),(2471,'',329,0,109,329,0,'FF',9,0.00,NULL,NULL,0,0,NULL,4,NULL,'Current:',NULL,'',2,38),(2472,'',329,0,109,329,0,'FF',9,0.00,NULL,NULL,0,0,NULL,1,NULL,'Average:',NULL,'',2,39),(2473,'',329,0,109,329,0,'FF',9,0.00,NULL,NULL,0,0,NULL,3,NULL,'Maximum:',NULL,'on',2,40),(2474,'',311,0,110,311,10,'FF',5,0.00,NULL,NULL,0,0,NULL,1,NULL,'DiskIdleTime',NULL,'',2,1),(2475,'',311,0,110,311,0,'FF',9,0.00,NULL,NULL,0,0,NULL,4,NULL,'Current:',NULL,'',2,2),(2476,'',311,0,110,311,0,'FF',9,0.00,NULL,NULL,0,0,NULL,1,NULL,'Average:',NULL,'',2,3),(2477,'',311,0,110,311,0,'FF',9,0.00,NULL,NULL,0,0,NULL,3,NULL,'Maximum:',NULL,'on',2,4),(2478,'',313,0,110,313,48,'FF',5,0.00,NULL,NULL,0,0,NULL,1,NULL,'DiskIdleTime',NULL,'',2,5),(2479,'',313,0,110,313,0,'FF',9,0.00,NULL,NULL,0,0,NULL,4,NULL,'Current:',NULL,'',2,6),(2480,'',313,0,110,313,0,'FF',9,0.00,NULL,NULL,0,0,NULL,1,NULL,'Average:',NULL,'',2,7),(2481,'',313,0,110,313,0,'FF',9,0.00,NULL,NULL,0,0,NULL,3,NULL,'Maximum:',NULL,'on',2,8),(2482,'',315,0,110,315,93,'FF',5,0.00,NULL,NULL,0,0,NULL,1,NULL,'DiskIdleTime',NULL,'',2,9),(2483,'',315,0,110,315,0,'FF',9,0.00,NULL,NULL,0,0,NULL,4,NULL,'Current:',NULL,'',2,10),(2484,'',315,0,110,315,0,'FF',9,0.00,NULL,NULL,0,0,NULL,1,NULL,'Average:',NULL,'',2,11),(2485,'',315,0,110,315,0,'FF',9,0.00,NULL,NULL,0,0,NULL,3,NULL,'Maximum:',NULL,'on',2,12),(2486,'',317,0,110,317,35,'FF',5,0.00,NULL,NULL,0,0,NULL,1,NULL,'DiskIdleTime',NULL,'',2,13),(2487,'',317,0,110,317,0,'FF',9,0.00,NULL,NULL,0,0,NULL,4,NULL,'Current:',NULL,'',2,14),(2488,'',317,0,110,317,0,'FF',9,0.00,NULL,NULL,0,0,NULL,1,NULL,'Average:',NULL,'',2,15),(2489,'',317,0,110,317,0,'FF',9,0.00,NULL,NULL,0,0,NULL,3,NULL,'Maximum:',NULL,'on',2,16),(2490,'',319,0,110,319,25,'FF',5,0.00,NULL,NULL,0,0,NULL,1,NULL,'DiskIdleTime',NULL,'',2,17),(2491,'',319,0,110,319,0,'FF',9,0.00,NULL,NULL,0,0,NULL,4,NULL,'Current:',NULL,'',2,18),(2492,'',319,0,110,319,0,'FF',9,0.00,NULL,NULL,0,0,NULL,1,NULL,'Average:',NULL,'',2,19),(2493,'',319,0,110,319,0,'FF',9,0.00,NULL,NULL,0,0,NULL,3,NULL,'Maximum:',NULL,'on',2,20),(2494,'',321,0,110,321,7,'FF',5,0.00,NULL,NULL,0,0,NULL,1,NULL,'DiskIdleTime',NULL,'',2,21),(2495,'',321,0,110,321,0,'FF',9,0.00,NULL,NULL,0,0,NULL,4,NULL,'Current:',NULL,'',2,22),(2496,'',321,0,110,321,0,'FF',9,0.00,NULL,NULL,0,0,NULL,1,NULL,'Average:',NULL,'',2,23),(2497,'',321,0,110,321,0,'FF',9,0.00,NULL,NULL,0,0,NULL,3,NULL,'Maximum:',NULL,'on',2,24),(2498,'',323,0,110,323,8,'FF',5,0.00,NULL,NULL,0,0,NULL,1,NULL,'DiskIdleTime',NULL,'',2,25),(2499,'',323,0,110,323,0,'FF',9,0.00,NULL,NULL,0,0,NULL,4,NULL,'Current:',NULL,'',2,26),(2500,'',323,0,110,323,0,'FF',9,0.00,NULL,NULL,0,0,NULL,1,NULL,'Average:',NULL,'',2,27),(2501,'',323,0,110,323,0,'FF',9,0.00,NULL,NULL,0,0,NULL,3,NULL,'Maximum:',NULL,'on',2,28),(2502,'',325,0,110,325,20,'FF',5,0.00,NULL,NULL,0,0,NULL,1,NULL,'DiskIdleTime',NULL,'',2,29),(2503,'',325,0,110,325,0,'FF',9,0.00,NULL,NULL,0,0,NULL,4,NULL,'Current:',NULL,'',2,30),(2504,'',325,0,110,325,0,'FF',9,0.00,NULL,NULL,0,0,NULL,1,NULL,'Average:',NULL,'',2,31),(2505,'',325,0,110,325,0,'FF',9,0.00,NULL,NULL,0,0,NULL,3,NULL,'Maximum:',NULL,'on',2,32),(2506,'',327,0,110,327,13,'FF',5,0.00,NULL,NULL,0,0,NULL,1,NULL,'DiskIdleTime',NULL,'',2,33),(2507,'',327,0,110,327,0,'FF',9,0.00,NULL,NULL,0,0,NULL,4,NULL,'Current:',NULL,'',2,34),(2508,'',327,0,110,327,0,'FF',9,0.00,NULL,NULL,0,0,NULL,1,NULL,'Average:',NULL,'',2,35),(2509,'',327,0,110,327,0,'FF',9,0.00,NULL,NULL,0,0,NULL,3,NULL,'Maximum:',NULL,'on',2,36),(2510,'',329,0,110,329,14,'FF',5,0.00,NULL,NULL,0,0,NULL,1,NULL,'DiskIdleTime',NULL,'',2,37),(2511,'',329,0,110,329,0,'FF',9,0.00,NULL,NULL,0,0,NULL,4,NULL,'Current:',NULL,'',2,38),(2512,'',329,0,110,329,0,'FF',9,0.00,NULL,NULL,0,0,NULL,1,NULL,'Average:',NULL,'',2,39),(2513,'',329,0,110,329,0,'FF',9,0.00,NULL,NULL,0,0,NULL,3,NULL,'Maximum:',NULL,'on',2,40),(2514,'',331,0,110,331,16,'FF',5,0.00,NULL,NULL,0,0,NULL,1,NULL,'DiskIdleTime',NULL,'',2,41),(2515,'',331,0,110,331,0,'FF',9,0.00,NULL,NULL,0,0,NULL,4,NULL,'Current:',NULL,'',2,42),(2516,'',331,0,110,331,0,'FF',9,0.00,NULL,NULL,0,0,NULL,1,NULL,'Average:',NULL,'',2,43),(2517,'',331,0,110,331,0,'FF',9,0.00,NULL,NULL,0,0,NULL,3,NULL,'Maximum:',NULL,'on',2,44),(2518,'',311,0,111,311,10,'FF',5,0.00,NULL,NULL,0,0,NULL,1,NULL,'DiskIdleTime',NULL,'',2,1),(2519,'',311,0,111,311,0,'FF',9,0.00,NULL,NULL,0,0,NULL,4,NULL,'Current:',NULL,'',2,2),(2520,'',311,0,111,311,0,'FF',9,0.00,NULL,NULL,0,0,NULL,1,NULL,'Average:',NULL,'',2,3),(2521,'',311,0,111,311,0,'FF',9,0.00,NULL,NULL,0,0,NULL,3,NULL,'Maximum:',NULL,'on',2,4),(2522,'',313,0,111,313,48,'FF',5,0.00,NULL,NULL,0,0,NULL,1,NULL,'DiskIdleTime',NULL,'',2,5),(2523,'',313,0,111,313,0,'FF',9,0.00,NULL,NULL,0,0,NULL,4,NULL,'Current:',NULL,'',2,6),(2524,'',313,0,111,313,0,'FF',9,0.00,NULL,NULL,0,0,NULL,1,NULL,'Average:',NULL,'',2,7),(2525,'',313,0,111,313,0,'FF',9,0.00,NULL,NULL,0,0,NULL,3,NULL,'Maximum:',NULL,'on',2,8),(2526,'',315,0,111,315,93,'FF',5,0.00,NULL,NULL,0,0,NULL,1,NULL,'DiskIdleTime',NULL,'',2,9),(2527,'',315,0,111,315,0,'FF',9,0.00,NULL,NULL,0,0,NULL,4,NULL,'Current:',NULL,'',2,10),(2528,'',315,0,111,315,0,'FF',9,0.00,NULL,NULL,0,0,NULL,1,NULL,'Average:',NULL,'',2,11),(2529,'',315,0,111,315,0,'FF',9,0.00,NULL,NULL,0,0,NULL,3,NULL,'Maximum:',NULL,'on',2,12),(2530,'',317,0,111,317,35,'FF',5,0.00,NULL,NULL,0,0,NULL,1,NULL,'DiskIdleTime',NULL,'',2,13),(2531,'',317,0,111,317,0,'FF',9,0.00,NULL,NULL,0,0,NULL,4,NULL,'Current:',NULL,'',2,14),(2532,'',317,0,111,317,0,'FF',9,0.00,NULL,NULL,0,0,NULL,1,NULL,'Average:',NULL,'',2,15),(2533,'',317,0,111,317,0,'FF',9,0.00,NULL,NULL,0,0,NULL,3,NULL,'Maximum:',NULL,'on',2,16),(2534,'',319,0,111,319,25,'FF',5,0.00,NULL,NULL,0,0,NULL,1,NULL,'DiskIdleTime',NULL,'',2,17),(2535,'',319,0,111,319,0,'FF',9,0.00,NULL,NULL,0,0,NULL,4,NULL,'Current:',NULL,'',2,18),(2536,'',319,0,111,319,0,'FF',9,0.00,NULL,NULL,0,0,NULL,1,NULL,'Average:',NULL,'',2,19),(2537,'',319,0,111,319,0,'FF',9,0.00,NULL,NULL,0,0,NULL,3,NULL,'Maximum:',NULL,'on',2,20),(2538,'',321,0,111,321,7,'FF',5,0.00,NULL,NULL,0,0,NULL,1,NULL,'DiskIdleTime',NULL,'',2,21),(2539,'',321,0,111,321,0,'FF',9,0.00,NULL,NULL,0,0,NULL,4,NULL,'Current:',NULL,'',2,22),(2540,'',321,0,111,321,0,'FF',9,0.00,NULL,NULL,0,0,NULL,1,NULL,'Average:',NULL,'',2,23),(2541,'',321,0,111,321,0,'FF',9,0.00,NULL,NULL,0,0,NULL,3,NULL,'Maximum:',NULL,'on',2,24),(2542,'',323,0,111,323,8,'FF',5,0.00,NULL,NULL,0,0,NULL,1,NULL,'DiskIdleTime',NULL,'',2,25),(2543,'',323,0,111,323,0,'FF',9,0.00,NULL,NULL,0,0,NULL,4,NULL,'Current:',NULL,'',2,26),(2544,'',323,0,111,323,0,'FF',9,0.00,NULL,NULL,0,0,NULL,1,NULL,'Average:',NULL,'',2,27),(2545,'',323,0,111,323,0,'FF',9,0.00,NULL,NULL,0,0,NULL,3,NULL,'Maximum:',NULL,'on',2,28),(2546,'',325,0,111,325,20,'FF',5,0.00,NULL,NULL,0,0,NULL,1,NULL,'DiskIdleTime',NULL,'',2,29),(2547,'',325,0,111,325,0,'FF',9,0.00,NULL,NULL,0,0,NULL,4,NULL,'Current:',NULL,'',2,30),(2548,'',325,0,111,325,0,'FF',9,0.00,NULL,NULL,0,0,NULL,1,NULL,'Average:',NULL,'',2,31),(2549,'',325,0,111,325,0,'FF',9,0.00,NULL,NULL,0,0,NULL,3,NULL,'Maximum:',NULL,'on',2,32),(2550,'',327,0,111,327,13,'FF',5,0.00,NULL,NULL,0,0,NULL,1,NULL,'DiskIdleTime',NULL,'',2,33),(2551,'',327,0,111,327,0,'FF',9,0.00,NULL,NULL,0,0,NULL,4,NULL,'Current:',NULL,'',2,34),(2552,'',327,0,111,327,0,'FF',9,0.00,NULL,NULL,0,0,NULL,1,NULL,'Average:',NULL,'',2,35),(2553,'',327,0,111,327,0,'FF',9,0.00,NULL,NULL,0,0,NULL,3,NULL,'Maximum:',NULL,'on',2,36),(2554,'',329,0,111,329,14,'FF',5,0.00,NULL,NULL,0,0,NULL,1,NULL,'DiskIdleTime',NULL,'',2,37),(2555,'',329,0,111,329,0,'FF',9,0.00,NULL,NULL,0,0,NULL,4,NULL,'Current:',NULL,'',2,38),(2556,'',329,0,111,329,0,'FF',9,0.00,NULL,NULL,0,0,NULL,1,NULL,'Average:',NULL,'',2,39),(2557,'',329,0,111,329,0,'FF',9,0.00,NULL,NULL,0,0,NULL,3,NULL,'Maximum:',NULL,'on',2,40),(2558,'',331,0,111,331,16,'FF',5,0.00,NULL,NULL,0,0,NULL,1,NULL,'DiskIdleTime',NULL,'',2,41),(2559,'',331,0,111,331,0,'FF',9,0.00,NULL,NULL,0,0,NULL,4,NULL,'Current:',NULL,'',2,42),(2560,'',331,0,111,331,0,'FF',9,0.00,NULL,NULL,0,0,NULL,1,NULL,'Average:',NULL,'',2,43),(2561,'',331,0,111,331,0,'FF',9,0.00,NULL,NULL,0,0,NULL,3,NULL,'Maximum:',NULL,'on',2,44),(2562,'',333,0,111,333,6,'FF',5,0.00,NULL,NULL,0,0,NULL,1,NULL,'DiskIdleTime',NULL,'',2,45),(2563,'',333,0,111,333,0,'FF',9,0.00,NULL,NULL,0,0,NULL,4,NULL,'Current:',NULL,'',2,46),(2564,'',333,0,111,333,0,'FF',9,0.00,NULL,NULL,0,0,NULL,1,NULL,'Average:',NULL,'',2,47),(2565,'',333,0,111,333,0,'FF',9,0.00,NULL,NULL,0,0,NULL,3,NULL,'Maximum:',NULL,'on',2,48),(2566,'',311,0,112,311,10,'FF',5,0.00,NULL,NULL,0,0,NULL,1,NULL,'DiskIdleTime',NULL,'',2,1),(2567,'',311,0,112,311,0,'FF',9,0.00,NULL,NULL,0,0,NULL,4,NULL,'Current:',NULL,'',2,2),(2568,'',311,0,112,311,0,'FF',9,0.00,NULL,NULL,0,0,NULL,1,NULL,'Average:',NULL,'',2,3),(2569,'',311,0,112,311,0,'FF',9,0.00,NULL,NULL,0,0,NULL,3,NULL,'Maximum:',NULL,'on',2,4),(2570,'',313,0,112,313,48,'FF',5,0.00,NULL,NULL,0,0,NULL,1,NULL,'DiskIdleTime',NULL,'',2,5),(2571,'',313,0,112,313,0,'FF',9,0.00,NULL,NULL,0,0,NULL,4,NULL,'Current:',NULL,'',2,6),(2572,'',313,0,112,313,0,'FF',9,0.00,NULL,NULL,0,0,NULL,1,NULL,'Average:',NULL,'',2,7),(2573,'',313,0,112,313,0,'FF',9,0.00,NULL,NULL,0,0,NULL,3,NULL,'Maximum:',NULL,'on',2,8),(2574,'',315,0,112,315,93,'FF',5,0.00,NULL,NULL,0,0,NULL,1,NULL,'DiskIdleTime',NULL,'',2,9),(2575,'',315,0,112,315,0,'FF',9,0.00,NULL,NULL,0,0,NULL,4,NULL,'Current:',NULL,'',2,10),(2576,'',315,0,112,315,0,'FF',9,0.00,NULL,NULL,0,0,NULL,1,NULL,'Average:',NULL,'',2,11),(2577,'',315,0,112,315,0,'FF',9,0.00,NULL,NULL,0,0,NULL,3,NULL,'Maximum:',NULL,'on',2,12),(2578,'',317,0,112,317,35,'FF',5,0.00,NULL,NULL,0,0,NULL,1,NULL,'DiskIdleTime',NULL,'',2,13),(2579,'',317,0,112,317,0,'FF',9,0.00,NULL,NULL,0,0,NULL,4,NULL,'Current:',NULL,'',2,14),(2580,'',317,0,112,317,0,'FF',9,0.00,NULL,NULL,0,0,NULL,1,NULL,'Average:',NULL,'',2,15),(2581,'',317,0,112,317,0,'FF',9,0.00,NULL,NULL,0,0,NULL,3,NULL,'Maximum:',NULL,'on',2,16),(2582,'',319,0,112,319,25,'FF',5,0.00,NULL,NULL,0,0,NULL,1,NULL,'DiskIdleTime',NULL,'',2,17),(2583,'',319,0,112,319,0,'FF',9,0.00,NULL,NULL,0,0,NULL,4,NULL,'Current:',NULL,'',2,18),(2584,'',319,0,112,319,0,'FF',9,0.00,NULL,NULL,0,0,NULL,1,NULL,'Average:',NULL,'',2,19),(2585,'',319,0,112,319,0,'FF',9,0.00,NULL,NULL,0,0,NULL,3,NULL,'Maximum:',NULL,'on',2,20),(2586,'',321,0,112,321,7,'FF',5,0.00,NULL,NULL,0,0,NULL,1,NULL,'DiskIdleTime',NULL,'',2,21),(2587,'',321,0,112,321,0,'FF',9,0.00,NULL,NULL,0,0,NULL,4,NULL,'Current:',NULL,'',2,22),(2588,'',321,0,112,321,0,'FF',9,0.00,NULL,NULL,0,0,NULL,1,NULL,'Average:',NULL,'',2,23),(2589,'',321,0,112,321,0,'FF',9,0.00,NULL,NULL,0,0,NULL,3,NULL,'Maximum:',NULL,'on',2,24),(2590,'',323,0,112,323,8,'FF',5,0.00,NULL,NULL,0,0,NULL,1,NULL,'DiskIdleTime',NULL,'',2,25),(2591,'',323,0,112,323,0,'FF',9,0.00,NULL,NULL,0,0,NULL,4,NULL,'Current:',NULL,'',2,26),(2592,'',323,0,112,323,0,'FF',9,0.00,NULL,NULL,0,0,NULL,1,NULL,'Average:',NULL,'',2,27),(2593,'',323,0,112,323,0,'FF',9,0.00,NULL,NULL,0,0,NULL,3,NULL,'Maximum:',NULL,'on',2,28),(2594,'',325,0,112,325,20,'FF',5,0.00,NULL,NULL,0,0,NULL,1,NULL,'DiskIdleTime',NULL,'',2,29),(2595,'',325,0,112,325,0,'FF',9,0.00,NULL,NULL,0,0,NULL,4,NULL,'Current:',NULL,'',2,30),(2596,'',325,0,112,325,0,'FF',9,0.00,NULL,NULL,0,0,NULL,1,NULL,'Average:',NULL,'',2,31),(2597,'',325,0,112,325,0,'FF',9,0.00,NULL,NULL,0,0,NULL,3,NULL,'Maximum:',NULL,'on',2,32),(2598,'',327,0,112,327,13,'FF',5,0.00,NULL,NULL,0,0,NULL,1,NULL,'DiskIdleTime',NULL,'',2,33),(2599,'',327,0,112,327,0,'FF',9,0.00,NULL,NULL,0,0,NULL,4,NULL,'Current:',NULL,'',2,34),(2600,'',327,0,112,327,0,'FF',9,0.00,NULL,NULL,0,0,NULL,1,NULL,'Average:',NULL,'',2,35),(2601,'',327,0,112,327,0,'FF',9,0.00,NULL,NULL,0,0,NULL,3,NULL,'Maximum:',NULL,'on',2,36),(2602,'',329,0,112,329,14,'FF',5,0.00,NULL,NULL,0,0,NULL,1,NULL,'DiskIdleTime',NULL,'',2,37),(2603,'',329,0,112,329,0,'FF',9,0.00,NULL,NULL,0,0,NULL,4,NULL,'Current:',NULL,'',2,38),(2604,'',329,0,112,329,0,'FF',9,0.00,NULL,NULL,0,0,NULL,1,NULL,'Average:',NULL,'',2,39),(2605,'',329,0,112,329,0,'FF',9,0.00,NULL,NULL,0,0,NULL,3,NULL,'Maximum:',NULL,'on',2,40),(2606,'',331,0,112,331,16,'FF',5,0.00,NULL,NULL,0,0,NULL,1,NULL,'DiskIdleTime',NULL,'',2,41),(2607,'',331,0,112,331,0,'FF',9,0.00,NULL,NULL,0,0,NULL,4,NULL,'Current:',NULL,'',2,42),(2608,'',331,0,112,331,0,'FF',9,0.00,NULL,NULL,0,0,NULL,1,NULL,'Average:',NULL,'',2,43),(2609,'',331,0,112,331,0,'FF',9,0.00,NULL,NULL,0,0,NULL,3,NULL,'Maximum:',NULL,'on',2,44),(2610,'',333,0,112,333,6,'FF',5,0.00,NULL,NULL,0,0,NULL,1,NULL,'DiskIdleTime',NULL,'',2,45),(2611,'',333,0,112,333,0,'FF',9,0.00,NULL,NULL,0,0,NULL,4,NULL,'Current:',NULL,'',2,46),(2612,'',333,0,112,333,0,'FF',9,0.00,NULL,NULL,0,0,NULL,1,NULL,'Average:',NULL,'',2,47),(2613,'',333,0,112,333,0,'FF',9,0.00,NULL,NULL,0,0,NULL,3,NULL,'Maximum:',NULL,'on',2,48),(2614,'',335,0,112,335,17,'FF',5,0.00,NULL,NULL,0,0,NULL,1,NULL,'DiskIdleTime',NULL,'',2,49),(2615,'',335,0,112,335,0,'FF',9,0.00,NULL,NULL,0,0,NULL,4,NULL,'Current:',NULL,'',2,50),(2616,'',335,0,112,335,0,'FF',9,0.00,NULL,NULL,0,0,NULL,1,NULL,'Average:',NULL,'',2,51),(2617,'',335,0,112,335,0,'FF',9,0.00,NULL,NULL,0,0,NULL,3,NULL,'Maximum:',NULL,'on',2,52),(2618,'',311,0,113,311,10,'FF',5,0.00,NULL,NULL,0,0,NULL,1,NULL,'DiskIdleTime',NULL,'',2,1),(2619,'',311,0,113,311,0,'FF',9,0.00,NULL,NULL,0,0,NULL,4,NULL,'Current:',NULL,'',2,2),(2620,'',311,0,113,311,0,'FF',9,0.00,NULL,NULL,0,0,NULL,1,NULL,'Average:',NULL,'',2,3),(2621,'',311,0,113,311,0,'FF',9,0.00,NULL,NULL,0,0,NULL,3,NULL,'Maximum:',NULL,'on',2,4),(2622,'',313,0,113,313,48,'FF',5,0.00,NULL,NULL,0,0,NULL,1,NULL,'DiskIdleTime',NULL,'',2,5),(2623,'',313,0,113,313,0,'FF',9,0.00,NULL,NULL,0,0,NULL,4,NULL,'Current:',NULL,'',2,6),(2624,'',313,0,113,313,0,'FF',9,0.00,NULL,NULL,0,0,NULL,1,NULL,'Average:',NULL,'',2,7),(2625,'',313,0,113,313,0,'FF',9,0.00,NULL,NULL,0,0,NULL,3,NULL,'Maximum:',NULL,'on',2,8),(2626,'',315,0,113,315,93,'FF',5,0.00,NULL,NULL,0,0,NULL,1,NULL,'DiskIdleTime',NULL,'',2,9),(2627,'',315,0,113,315,0,'FF',9,0.00,NULL,NULL,0,0,NULL,4,NULL,'Current:',NULL,'',2,10),(2628,'',315,0,113,315,0,'FF',9,0.00,NULL,NULL,0,0,NULL,1,NULL,'Average:',NULL,'',2,11),(2629,'',315,0,113,315,0,'FF',9,0.00,NULL,NULL,0,0,NULL,3,NULL,'Maximum:',NULL,'on',2,12),(2630,'',317,0,113,317,35,'FF',5,0.00,NULL,NULL,0,0,NULL,1,NULL,'DiskIdleTime',NULL,'',2,13),(2631,'',317,0,113,317,0,'FF',9,0.00,NULL,NULL,0,0,NULL,4,NULL,'Current:',NULL,'',2,14),(2632,'',317,0,113,317,0,'FF',9,0.00,NULL,NULL,0,0,NULL,1,NULL,'Average:',NULL,'',2,15),(2633,'',317,0,113,317,0,'FF',9,0.00,NULL,NULL,0,0,NULL,3,NULL,'Maximum:',NULL,'on',2,16),(2634,'',319,0,113,319,25,'FF',5,0.00,NULL,NULL,0,0,NULL,1,NULL,'DiskIdleTime',NULL,'',2,17),(2635,'',319,0,113,319,0,'FF',9,0.00,NULL,NULL,0,0,NULL,4,NULL,'Current:',NULL,'',2,18),(2636,'',319,0,113,319,0,'FF',9,0.00,NULL,NULL,0,0,NULL,1,NULL,'Average:',NULL,'',2,19),(2637,'',319,0,113,319,0,'FF',9,0.00,NULL,NULL,0,0,NULL,3,NULL,'Maximum:',NULL,'on',2,20),(2638,'',321,0,113,321,7,'FF',5,0.00,NULL,NULL,0,0,NULL,1,NULL,'DiskIdleTime',NULL,'',2,21),(2639,'',321,0,113,321,0,'FF',9,0.00,NULL,NULL,0,0,NULL,4,NULL,'Current:',NULL,'',2,22),(2640,'',321,0,113,321,0,'FF',9,0.00,NULL,NULL,0,0,NULL,1,NULL,'Average:',NULL,'',2,23),(2641,'',321,0,113,321,0,'FF',9,0.00,NULL,NULL,0,0,NULL,3,NULL,'Maximum:',NULL,'on',2,24),(2642,'',323,0,113,323,8,'FF',5,0.00,NULL,NULL,0,0,NULL,1,NULL,'DiskIdleTime',NULL,'',2,25),(2643,'',323,0,113,323,0,'FF',9,0.00,NULL,NULL,0,0,NULL,4,NULL,'Current:',NULL,'',2,26),(2644,'',323,0,113,323,0,'FF',9,0.00,NULL,NULL,0,0,NULL,1,NULL,'Average:',NULL,'',2,27),(2645,'',323,0,113,323,0,'FF',9,0.00,NULL,NULL,0,0,NULL,3,NULL,'Maximum:',NULL,'on',2,28),(2646,'',325,0,113,325,20,'FF',5,0.00,NULL,NULL,0,0,NULL,1,NULL,'DiskIdleTime',NULL,'',2,29),(2647,'',325,0,113,325,0,'FF',9,0.00,NULL,NULL,0,0,NULL,4,NULL,'Current:',NULL,'',2,30),(2648,'',325,0,113,325,0,'FF',9,0.00,NULL,NULL,0,0,NULL,1,NULL,'Average:',NULL,'',2,31),(2649,'',325,0,113,325,0,'FF',9,0.00,NULL,NULL,0,0,NULL,3,NULL,'Maximum:',NULL,'on',2,32),(2650,'',327,0,113,327,13,'FF',5,0.00,NULL,NULL,0,0,NULL,1,NULL,'DiskIdleTime',NULL,'',2,33),(2651,'',327,0,113,327,0,'FF',9,0.00,NULL,NULL,0,0,NULL,4,NULL,'Current:',NULL,'',2,34),(2652,'',327,0,113,327,0,'FF',9,0.00,NULL,NULL,0,0,NULL,1,NULL,'Average:',NULL,'',2,35),(2653,'',327,0,113,327,0,'FF',9,0.00,NULL,NULL,0,0,NULL,3,NULL,'Maximum:',NULL,'on',2,36),(2654,'',329,0,113,329,14,'FF',5,0.00,NULL,NULL,0,0,NULL,1,NULL,'DiskIdleTime',NULL,'',2,37),(2655,'',329,0,113,329,0,'FF',9,0.00,NULL,NULL,0,0,NULL,4,NULL,'Current:',NULL,'',2,38),(2656,'',329,0,113,329,0,'FF',9,0.00,NULL,NULL,0,0,NULL,1,NULL,'Average:',NULL,'',2,39),(2657,'',329,0,113,329,0,'FF',9,0.00,NULL,NULL,0,0,NULL,3,NULL,'Maximum:',NULL,'on',2,40),(2658,'',331,0,113,331,16,'FF',5,0.00,NULL,NULL,0,0,NULL,1,NULL,'DiskIdleTime',NULL,'',2,41),(2659,'',331,0,113,331,0,'FF',9,0.00,NULL,NULL,0,0,NULL,4,NULL,'Current:',NULL,'',2,42),(2660,'',331,0,113,331,0,'FF',9,0.00,NULL,NULL,0,0,NULL,1,NULL,'Average:',NULL,'',2,43),(2661,'',331,0,113,331,0,'FF',9,0.00,NULL,NULL,0,0,NULL,3,NULL,'Maximum:',NULL,'on',2,44),(2662,'',333,0,113,333,6,'FF',5,0.00,NULL,NULL,0,0,NULL,1,NULL,'DiskIdleTime',NULL,'',2,45),(2663,'',333,0,113,333,0,'FF',9,0.00,NULL,NULL,0,0,NULL,4,NULL,'Current:',NULL,'',2,46),(2664,'',333,0,113,333,0,'FF',9,0.00,NULL,NULL,0,0,NULL,1,NULL,'Average:',NULL,'',2,47),(2665,'',333,0,113,333,0,'FF',9,0.00,NULL,NULL,0,0,NULL,3,NULL,'Maximum:',NULL,'on',2,48),(2666,'',335,0,113,335,17,'FF',5,0.00,NULL,NULL,0,0,NULL,1,NULL,'DiskIdleTime',NULL,'',2,49),(2667,'',335,0,113,335,0,'FF',9,0.00,NULL,NULL,0,0,NULL,4,NULL,'Current:',NULL,'',2,50),(2668,'',335,0,113,335,0,'FF',9,0.00,NULL,NULL,0,0,NULL,1,NULL,'Average:',NULL,'',2,51),(2669,'',335,0,113,335,0,'FF',9,0.00,NULL,NULL,0,0,NULL,3,NULL,'Maximum:',NULL,'on',2,52),(2670,'',337,0,113,337,27,'FF',5,0.00,NULL,NULL,0,0,NULL,1,NULL,'DiskIdleTime',NULL,'',2,53),(2671,'',337,0,113,337,0,'FF',9,0.00,NULL,NULL,0,0,NULL,4,NULL,'Current:',NULL,'',2,54),(2672,'',337,0,113,337,0,'FF',9,0.00,NULL,NULL,0,0,NULL,1,NULL,'Average:',NULL,'',2,55),(2673,'',337,0,113,337,0,'FF',9,0.00,NULL,NULL,0,0,NULL,3,NULL,'Maximum:',NULL,'on',2,56),(2674,'',311,0,114,311,10,'FF',5,0.00,NULL,NULL,0,0,NULL,1,NULL,'DiskIdleTime',NULL,'',2,1),(2675,'',311,0,114,311,0,'FF',9,0.00,NULL,NULL,0,0,NULL,4,NULL,'Current:',NULL,'',2,2),(2676,'',311,0,114,311,0,'FF',9,0.00,NULL,NULL,0,0,NULL,1,NULL,'Average:',NULL,'',2,3),(2677,'',311,0,114,311,0,'FF',9,0.00,NULL,NULL,0,0,NULL,3,NULL,'Maximum:',NULL,'on',2,4),(2678,'',313,0,114,313,48,'FF',5,0.00,NULL,NULL,0,0,NULL,1,NULL,'DiskIdleTime',NULL,'',2,5),(2679,'',313,0,114,313,0,'FF',9,0.00,NULL,NULL,0,0,NULL,4,NULL,'Current:',NULL,'',2,6),(2680,'',313,0,114,313,0,'FF',9,0.00,NULL,NULL,0,0,NULL,1,NULL,'Average:',NULL,'',2,7),(2681,'',313,0,114,313,0,'FF',9,0.00,NULL,NULL,0,0,NULL,3,NULL,'Maximum:',NULL,'on',2,8),(2682,'',315,0,114,315,93,'FF',5,0.00,NULL,NULL,0,0,NULL,1,NULL,'DiskIdleTime',NULL,'',2,9),(2683,'',315,0,114,315,0,'FF',9,0.00,NULL,NULL,0,0,NULL,4,NULL,'Current:',NULL,'',2,10),(2684,'',315,0,114,315,0,'FF',9,0.00,NULL,NULL,0,0,NULL,1,NULL,'Average:',NULL,'',2,11),(2685,'',315,0,114,315,0,'FF',9,0.00,NULL,NULL,0,0,NULL,3,NULL,'Maximum:',NULL,'on',2,12),(2686,'',317,0,114,317,35,'FF',5,0.00,NULL,NULL,0,0,NULL,1,NULL,'DiskIdleTime',NULL,'',2,13),(2687,'',317,0,114,317,0,'FF',9,0.00,NULL,NULL,0,0,NULL,4,NULL,'Current:',NULL,'',2,14),(2688,'',317,0,114,317,0,'FF',9,0.00,NULL,NULL,0,0,NULL,1,NULL,'Average:',NULL,'',2,15),(2689,'',317,0,114,317,0,'FF',9,0.00,NULL,NULL,0,0,NULL,3,NULL,'Maximum:',NULL,'on',2,16),(2690,'',319,0,114,319,25,'FF',5,0.00,NULL,NULL,0,0,NULL,1,NULL,'DiskIdleTime',NULL,'',2,17),(2691,'',319,0,114,319,0,'FF',9,0.00,NULL,NULL,0,0,NULL,4,NULL,'Current:',NULL,'',2,18),(2692,'',319,0,114,319,0,'FF',9,0.00,NULL,NULL,0,0,NULL,1,NULL,'Average:',NULL,'',2,19),(2693,'',319,0,114,319,0,'FF',9,0.00,NULL,NULL,0,0,NULL,3,NULL,'Maximum:',NULL,'on',2,20),(2694,'',321,0,114,321,7,'FF',5,0.00,NULL,NULL,0,0,NULL,1,NULL,'DiskIdleTime',NULL,'',2,21),(2695,'',321,0,114,321,0,'FF',9,0.00,NULL,NULL,0,0,NULL,4,NULL,'Current:',NULL,'',2,22),(2696,'',321,0,114,321,0,'FF',9,0.00,NULL,NULL,0,0,NULL,1,NULL,'Average:',NULL,'',2,23),(2697,'',321,0,114,321,0,'FF',9,0.00,NULL,NULL,0,0,NULL,3,NULL,'Maximum:',NULL,'on',2,24),(2698,'',323,0,114,323,8,'FF',5,0.00,NULL,NULL,0,0,NULL,1,NULL,'DiskIdleTime',NULL,'',2,25),(2699,'',323,0,114,323,0,'FF',9,0.00,NULL,NULL,0,0,NULL,4,NULL,'Current:',NULL,'',2,26),(2700,'',323,0,114,323,0,'FF',9,0.00,NULL,NULL,0,0,NULL,1,NULL,'Average:',NULL,'',2,27),(2701,'',323,0,114,323,0,'FF',9,0.00,NULL,NULL,0,0,NULL,3,NULL,'Maximum:',NULL,'on',2,28),(2702,'',325,0,114,325,20,'FF',5,0.00,NULL,NULL,0,0,NULL,1,NULL,'DiskIdleTime',NULL,'',2,29),(2703,'',325,0,114,325,0,'FF',9,0.00,NULL,NULL,0,0,NULL,4,NULL,'Current:',NULL,'',2,30),(2704,'',325,0,114,325,0,'FF',9,0.00,NULL,NULL,0,0,NULL,1,NULL,'Average:',NULL,'',2,31),(2705,'',325,0,114,325,0,'FF',9,0.00,NULL,NULL,0,0,NULL,3,NULL,'Maximum:',NULL,'on',2,32),(2706,'',327,0,114,327,13,'FF',5,0.00,NULL,NULL,0,0,NULL,1,NULL,'DiskIdleTime',NULL,'',2,33),(2707,'',327,0,114,327,0,'FF',9,0.00,NULL,NULL,0,0,NULL,4,NULL,'Current:',NULL,'',2,34),(2708,'',327,0,114,327,0,'FF',9,0.00,NULL,NULL,0,0,NULL,1,NULL,'Average:',NULL,'',2,35),(2709,'',327,0,114,327,0,'FF',9,0.00,NULL,NULL,0,0,NULL,3,NULL,'Maximum:',NULL,'on',2,36),(2710,'',329,0,114,329,14,'FF',5,0.00,NULL,NULL,0,0,NULL,1,NULL,'DiskIdleTime',NULL,'',2,37),(2711,'',329,0,114,329,0,'FF',9,0.00,NULL,NULL,0,0,NULL,4,NULL,'Current:',NULL,'',2,38),(2712,'',329,0,114,329,0,'FF',9,0.00,NULL,NULL,0,0,NULL,1,NULL,'Average:',NULL,'',2,39),(2713,'',329,0,114,329,0,'FF',9,0.00,NULL,NULL,0,0,NULL,3,NULL,'Maximum:',NULL,'on',2,40),(2714,'',331,0,114,331,16,'FF',5,0.00,NULL,NULL,0,0,NULL,1,NULL,'DiskIdleTime',NULL,'',2,41),(2715,'',331,0,114,331,0,'FF',9,0.00,NULL,NULL,0,0,NULL,4,NULL,'Current:',NULL,'',2,42),(2716,'',331,0,114,331,0,'FF',9,0.00,NULL,NULL,0,0,NULL,1,NULL,'Average:',NULL,'',2,43),(2717,'',331,0,114,331,0,'FF',9,0.00,NULL,NULL,0,0,NULL,3,NULL,'Maximum:',NULL,'on',2,44),(2718,'',333,0,114,333,6,'FF',5,0.00,NULL,NULL,0,0,NULL,1,NULL,'DiskIdleTime',NULL,'',2,45),(2719,'',333,0,114,333,0,'FF',9,0.00,NULL,NULL,0,0,NULL,4,NULL,'Current:',NULL,'',2,46),(2720,'',333,0,114,333,0,'FF',9,0.00,NULL,NULL,0,0,NULL,1,NULL,'Average:',NULL,'',2,47),(2721,'',333,0,114,333,0,'FF',9,0.00,NULL,NULL,0,0,NULL,3,NULL,'Maximum:',NULL,'on',2,48),(2722,'',335,0,114,335,17,'FF',5,0.00,NULL,NULL,0,0,NULL,1,NULL,'DiskIdleTime',NULL,'',2,49),(2723,'',335,0,114,335,0,'FF',9,0.00,NULL,NULL,0,0,NULL,4,NULL,'Current:',NULL,'',2,50),(2724,'',335,0,114,335,0,'FF',9,0.00,NULL,NULL,0,0,NULL,1,NULL,'Average:',NULL,'',2,51),(2725,'',335,0,114,335,0,'FF',9,0.00,NULL,NULL,0,0,NULL,3,NULL,'Maximum:',NULL,'on',2,52),(2726,'',337,0,114,337,27,'FF',5,0.00,NULL,NULL,0,0,NULL,1,NULL,'DiskIdleTime',NULL,'',2,53),(2727,'',337,0,114,337,0,'FF',9,0.00,NULL,NULL,0,0,NULL,4,NULL,'Current:',NULL,'',2,54),(2728,'',337,0,114,337,0,'FF',9,0.00,NULL,NULL,0,0,NULL,1,NULL,'Average:',NULL,'',2,55),(2729,'',337,0,114,337,0,'FF',9,0.00,NULL,NULL,0,0,NULL,3,NULL,'Maximum:',NULL,'on',2,56),(2730,'',339,0,114,339,56,'FF',5,0.00,NULL,NULL,0,0,NULL,1,NULL,'DiskIdleTime',NULL,'',2,57),(2731,'',339,0,114,339,0,'FF',9,0.00,NULL,NULL,0,0,NULL,4,NULL,'Current:',NULL,'',2,58),(2732,'',339,0,114,339,0,'FF',9,0.00,NULL,NULL,0,0,NULL,1,NULL,'Average:',NULL,'',2,59),(2733,'',339,0,114,339,0,'FF',9,0.00,NULL,NULL,0,0,NULL,3,NULL,'Maximum:',NULL,'on',2,60),(2734,'',341,0,115,341,10,'FF',4,0.00,NULL,NULL,0,0,NULL,1,NULL,'reads/sec',NULL,'',2,1),(2735,'',341,0,115,341,0,'FF',9,0.00,NULL,NULL,0,0,NULL,4,NULL,'Current:',NULL,'',2,2),(2736,'',341,0,115,341,0,'FF',9,0.00,NULL,NULL,0,0,NULL,1,NULL,'Average:',NULL,'',2,3),(2737,'',341,0,115,341,0,'FF',9,0.00,NULL,NULL,0,0,NULL,3,NULL,'Maximum:',NULL,'on',2,4),(2738,'',342,0,115,342,48,'FF',4,0.00,NULL,NULL,0,0,NULL,1,NULL,'writes/sec',NULL,'',2,5),(2739,'',342,0,115,342,0,'FF',9,0.00,NULL,NULL,0,0,NULL,4,NULL,'Current:',NULL,'',2,6),(2740,'',342,0,115,342,0,'FF',9,0.00,NULL,NULL,0,0,NULL,1,NULL,'Average:',NULL,'',2,7),(2741,'',342,0,115,342,0,'FF',9,0.00,NULL,NULL,0,0,NULL,3,NULL,'Maximum:',NULL,'on',2,8),(2742,'',343,0,116,343,10,'FF',4,0.00,NULL,NULL,0,0,NULL,1,NULL,'read transfer',NULL,'',2,1),(2743,'',343,0,116,343,0,'FF',9,0.00,NULL,NULL,0,0,NULL,4,NULL,'Current:',NULL,'',2,2),(2744,'',343,0,116,343,0,'FF',9,0.00,NULL,NULL,0,0,NULL,1,NULL,'Average:',NULL,'',2,3),(2745,'',343,0,116,343,0,'FF',9,0.00,NULL,NULL,0,0,NULL,3,NULL,'Maximum:',NULL,'on',2,4),(2746,'',344,0,116,344,48,'FF',4,0.00,NULL,NULL,0,0,NULL,1,NULL,'write transfer',NULL,'',2,5),(2747,'',344,0,116,344,0,'FF',9,0.00,NULL,NULL,0,0,NULL,4,NULL,'Current:',NULL,'',2,6),(2748,'',344,0,116,344,0,'FF',9,0.00,NULL,NULL,0,0,NULL,1,NULL,'Average:',NULL,'',2,7),(2749,'',344,0,116,344,0,'FF',9,0.00,NULL,NULL,0,0,NULL,3,NULL,'Maximum:',NULL,'on',2,8),(2750,'',345,0,117,345,10,'FF',4,0.00,NULL,NULL,0,0,NULL,1,NULL,'read latency',NULL,'',2,1),(2751,'',345,0,117,345,0,'FF',9,0.00,NULL,NULL,0,0,NULL,4,NULL,'Current:',NULL,'',2,2),(2752,'',345,0,117,345,0,'FF',9,0.00,NULL,NULL,0,0,NULL,1,NULL,'Average:',NULL,'',2,3),(2753,'',345,0,117,345,0,'FF',9,0.00,NULL,NULL,0,0,NULL,3,NULL,'Maximum:',NULL,'on',2,4),(2754,'',346,0,117,346,48,'FF',4,0.00,NULL,NULL,0,0,NULL,1,NULL,'write latency',NULL,'',2,5),(2755,'',346,0,117,346,0,'FF',9,0.00,NULL,NULL,0,0,NULL,4,NULL,'Current:',NULL,'',2,6),(2756,'',346,0,117,346,0,'FF',9,0.00,NULL,NULL,0,0,NULL,1,NULL,'Average:',NULL,'',2,7),(2757,'',346,0,117,346,0,'FF',9,0.00,NULL,NULL,0,0,NULL,3,NULL,'Maximum:',NULL,'on',2,8),(2767,'',0,0,119,0,0,'FF',1,0.00,NULL,NULL,0,0,NULL,1,NULL,'comment',NULL,'on',2,1),(2768,'',351,0,119,351,10,'FF',7,0.00,NULL,NULL,0,0,NULL,1,NULL,'user',NULL,'',2,2),(2769,'',351,0,119,351,0,'FF',9,0.00,NULL,NULL,0,0,NULL,4,NULL,'Current:',NULL,'',2,3),(2770,'',351,0,119,351,0,'FF',9,0.00,NULL,NULL,0,0,NULL,1,NULL,'Average:',NULL,'',2,4),(2771,'',351,0,119,351,0,'FF',9,0.00,NULL,NULL,0,0,NULL,3,NULL,'Maximum:',NULL,'on',2,5),(2772,'',352,0,119,352,48,'FF',8,0.00,NULL,NULL,0,0,NULL,1,NULL,'privileged',NULL,'',2,6),(2773,'',352,0,119,352,0,'FF',9,0.00,NULL,NULL,0,0,NULL,4,NULL,'Current:',NULL,'',2,7),(2774,'',352,0,119,352,0,'FF',9,0.00,NULL,NULL,0,0,NULL,1,NULL,'Average:',NULL,'',2,8),(2775,'',352,0,119,352,0,'FF',9,0.00,NULL,NULL,0,0,NULL,3,NULL,'Maximum:',NULL,'on',2,9),(2776,'',353,0,119,353,93,'FF',8,0.00,NULL,NULL,0,0,NULL,1,NULL,'interrupt',NULL,'',2,10),(2777,'',353,0,119,353,0,'FF',9,0.00,NULL,NULL,0,0,NULL,4,NULL,'Current:',NULL,'',2,11),(2778,'',353,0,119,353,0,'FF',9,0.00,NULL,NULL,0,0,NULL,1,NULL,'Average:',NULL,'',2,12),(2779,'',353,0,119,353,0,'FF',9,0.00,NULL,NULL,0,0,NULL,3,NULL,'Maximum:',NULL,'on',2,13),(2780,'',0,0,119,0,1,'FF',4,0.00,NULL,NULL,12,0,NULL,1,NULL,'Total',NULL,'',2,14),(2781,'',0,0,119,0,0,'FF',9,0.00,NULL,NULL,12,0,NULL,4,NULL,'Current:',NULL,'',2,15),(2782,'',0,0,119,0,0,'FF',9,0.00,NULL,NULL,12,0,NULL,1,NULL,'Average:',NULL,'',2,16),(2783,'',0,0,119,0,0,'FF',9,0.00,NULL,NULL,12,0,NULL,3,NULL,'Maximum:',NULL,'on',2,17);
/*!40000 ALTER TABLE `graph_templates_item` ENABLE KEYS */;
UNLOCK TABLES;

--
-- Table structure for table `graph_tree`
--

DROP TABLE IF EXISTS `graph_tree`;
/*!40101 SET @saved_cs_client     = @@character_set_client */;
/*!50503 SET character_set_client = utf8mb4 */;
CREATE TABLE `graph_tree` (
  `id` smallint unsigned NOT NULL AUTO_INCREMENT,
  `enabled` char(2) CHARACTER SET utf8mb4 COLLATE utf8mb4_unicode_ci DEFAULT 'on',
  `locked` tinyint unsigned DEFAULT '0',
  `locked_date` timestamp NOT NULL DEFAULT '0000-00-00 00:00:00',
  `sort_type` tinyint unsigned NOT NULL DEFAULT '1',
  `name` varchar(255) CHARACTER SET utf8mb4 COLLATE utf8mb4_unicode_ci NOT NULL DEFAULT '',
  `sequence` int unsigned DEFAULT '1',
  `user_id` int unsigned DEFAULT '1',
  `last_modified` timestamp NOT NULL DEFAULT '0000-00-00 00:00:00',
  `modified_by` int unsigned DEFAULT '1',
  PRIMARY KEY (`id`),
  KEY `sequence` (`sequence`),
  KEY `name` (`name`(171))
) ENGINE=InnoDB AUTO_INCREMENT=3 DEFAULT CHARSET=utf8mb4 COLLATE=utf8mb4_unicode_ci ROW_FORMAT=DYNAMIC;
/*!40101 SET character_set_client = @saved_cs_client */;

--
-- Dumping data for table `graph_tree`
--

LOCK TABLES `graph_tree` WRITE;
/*!40000 ALTER TABLE `graph_tree` DISABLE KEYS */;
INSERT INTO `graph_tree` VALUES (1,'on',0,'0000-00-00 00:00:00',1,'Default Tree',1,1,'0000-00-00 00:00:00',1),(2,'on',0,'0000-00-00 00:00:00',1,'_default',1,1,'0000-00-00 00:00:00',1);
/*!40000 ALTER TABLE `graph_tree` ENABLE KEYS */;
UNLOCK TABLES;

--
-- Table structure for table `graph_tree_items`
--

DROP TABLE IF EXISTS `graph_tree_items`;
/*!40101 SET @saved_cs_client     = @@character_set_client */;
/*!50503 SET character_set_client = utf8mb4 */;
CREATE TABLE `graph_tree_items` (
  `id` bigint unsigned NOT NULL AUTO_INCREMENT,
  `parent` bigint unsigned DEFAULT NULL,
  `position` int unsigned DEFAULT NULL,
  `graph_tree_id` smallint unsigned NOT NULL DEFAULT '0',
  `local_graph_id` int unsigned NOT NULL DEFAULT '0',
  `title` varchar(255) CHARACTER SET utf8mb4 COLLATE utf8mb4_unicode_ci DEFAULT NULL,
  `host_id` mediumint unsigned NOT NULL DEFAULT '0',
  `site_id` int unsigned DEFAULT '0',
  `host_grouping_type` tinyint unsigned NOT NULL DEFAULT '1',
  `sort_children_type` tinyint unsigned NOT NULL DEFAULT '0',
  `graph_regex` varchar(60) CHARACTER SET utf8mb4 COLLATE utf8mb4_unicode_ci DEFAULT '',
  `host_regex` varchar(60) CHARACTER SET utf8mb4 COLLATE utf8mb4_unicode_ci DEFAULT '',
  PRIMARY KEY (`id`),
  KEY `graph_tree_id` (`graph_tree_id`),
  KEY `host_id` (`host_id`),
  KEY `site_id` (`site_id`),
  KEY `local_graph_id` (`local_graph_id`),
  KEY `parent_position` (`parent`,`position`)
) ENGINE=InnoDB AUTO_INCREMENT=14 DEFAULT CHARSET=utf8mb4 COLLATE=utf8mb4_unicode_ci ROW_FORMAT=DYNAMIC;
/*!40101 SET character_set_client = @saved_cs_client */;

--
-- Dumping data for table `graph_tree_items`
--

LOCK TABLES `graph_tree_items` WRITE;
/*!40000 ALTER TABLE `graph_tree_items` DISABLE KEYS */;
INSERT INTO `graph_tree_items` VALUES (1,0,1,2,0,'HW',0,0,1,1,'',''),(2,1,1,2,0,'Network',0,0,1,1,'',''),(5,2,1,2,0,'y2pijdb01',0,0,1,1,'',''),(6,5,1,2,0,'i40e',0,0,1,1,'',''),(8,5,2,2,0,'igb',0,0,1,1,'','');
/*!40000 ALTER TABLE `graph_tree_items` ENABLE KEYS */;
UNLOCK TABLES;

--
-- Table structure for table `host`
--

DROP TABLE IF EXISTS `host`;
/*!40101 SET @saved_cs_client     = @@character_set_client */;
/*!50503 SET character_set_client = utf8mb4 */;
CREATE TABLE `host` (
  `id` mediumint unsigned NOT NULL AUTO_INCREMENT,
  `poller_id` int unsigned NOT NULL DEFAULT '1',
  `site_id` int unsigned NOT NULL DEFAULT '1',
  `host_template_id` mediumint unsigned NOT NULL DEFAULT '0',
  `description` varchar(150) CHARACTER SET utf8mb4 COLLATE utf8mb4_unicode_ci NOT NULL DEFAULT '',
  `hostname` varchar(100) CHARACTER SET utf8mb4 COLLATE utf8mb4_unicode_ci DEFAULT NULL,
  `location` varchar(40) CHARACTER SET utf8mb4 COLLATE utf8mb4_unicode_ci DEFAULT NULL,
  `notes` mediumtext CHARACTER SET utf8mb4 COLLATE utf8mb4_unicode_ci,
  `external_id` varchar(40) CHARACTER SET utf8mb4 COLLATE utf8mb4_unicode_ci DEFAULT NULL,
  `snmp_community` varchar(100) CHARACTER SET utf8mb4 COLLATE utf8mb4_unicode_ci DEFAULT NULL,
  `snmp_version` tinyint unsigned NOT NULL DEFAULT '1',
  `snmp_username` varchar(50) CHARACTER SET utf8mb4 COLLATE utf8mb4_unicode_ci DEFAULT NULL,
  `snmp_password` varchar(50) CHARACTER SET utf8mb4 COLLATE utf8mb4_unicode_ci DEFAULT NULL,
  `snmp_auth_protocol` char(6) CHARACTER SET utf8mb4 COLLATE utf8mb4_unicode_ci DEFAULT '',
  `snmp_priv_passphrase` varchar(200) CHARACTER SET utf8mb4 COLLATE utf8mb4_unicode_ci DEFAULT '',
  `snmp_priv_protocol` char(6) CHARACTER SET utf8mb4 COLLATE utf8mb4_unicode_ci DEFAULT '',
  `snmp_context` varchar(64) CHARACTER SET utf8mb4 COLLATE utf8mb4_unicode_ci DEFAULT '',
  `snmp_engine_id` varchar(64) CHARACTER SET utf8mb4 COLLATE utf8mb4_unicode_ci DEFAULT '',
  `snmp_port` mediumint unsigned NOT NULL DEFAULT '161',
  `snmp_timeout` mediumint unsigned NOT NULL DEFAULT '500',
  `snmp_sysDescr` varchar(300) CHARACTER SET utf8mb4 COLLATE utf8mb4_unicode_ci NOT NULL DEFAULT '',
  `snmp_sysObjectID` varchar(128) CHARACTER SET utf8mb4 COLLATE utf8mb4_unicode_ci NOT NULL DEFAULT '',
  `snmp_sysUpTimeInstance` bigint unsigned NOT NULL DEFAULT '0',
  `snmp_sysContact` varchar(300) CHARACTER SET utf8mb4 COLLATE utf8mb4_unicode_ci NOT NULL DEFAULT '',
  `snmp_sysName` varchar(300) CHARACTER SET utf8mb4 COLLATE utf8mb4_unicode_ci NOT NULL DEFAULT '',
  `snmp_sysLocation` varchar(300) CHARACTER SET utf8mb4 COLLATE utf8mb4_unicode_ci NOT NULL DEFAULT '',
  `availability_method` smallint unsigned NOT NULL DEFAULT '1',
  `ping_method` smallint unsigned DEFAULT '0',
  `ping_port` int unsigned DEFAULT '0',
  `ping_timeout` int unsigned DEFAULT '500',
  `ping_retries` int unsigned DEFAULT '2',
  `max_oids` int unsigned DEFAULT '10',
  `bulk_walk_size` int DEFAULT '-1',
  `device_threads` tinyint unsigned NOT NULL DEFAULT '1',
  `deleted` char(2) CHARACTER SET utf8mb4 COLLATE utf8mb4_unicode_ci NOT NULL DEFAULT '',
  `disabled` char(2) CHARACTER SET utf8mb4 COLLATE utf8mb4_unicode_ci NOT NULL DEFAULT '',
  `status` tinyint unsigned NOT NULL DEFAULT '0',
  `status_event_count` mediumint unsigned NOT NULL DEFAULT '0',
  `status_fail_date` timestamp NOT NULL DEFAULT '0000-00-00 00:00:00',
  `status_rec_date` timestamp NOT NULL DEFAULT '0000-00-00 00:00:00',
  `status_last_error` varchar(255) CHARACTER SET utf8mb4 COLLATE utf8mb4_unicode_ci DEFAULT '',
  `min_time` decimal(10,5) DEFAULT '9.99999',
  `max_time` decimal(10,5) DEFAULT '0.00000',
  `cur_time` decimal(10,5) DEFAULT '0.00000',
  `avg_time` decimal(10,5) DEFAULT '0.00000',
  `polling_time` double DEFAULT '0',
  `total_polls` int unsigned DEFAULT '0',
  `failed_polls` int unsigned DEFAULT '0',
  `availability` decimal(8,5) NOT NULL DEFAULT '100.00000',
  `last_updated` timestamp NULL DEFAULT CURRENT_TIMESTAMP ON UPDATE CURRENT_TIMESTAMP,
  PRIMARY KEY (`id`),
  KEY `poller_id_disabled` (`poller_id`,`disabled`),
  KEY `external_id` (`external_id`),
  KEY `disabled` (`disabled`),
  KEY `status` (`status`),
  KEY `site_id_location` (`site_id`,`location`),
  KEY `hostname` (`hostname`),
  KEY `poller_id_last_updated` (`poller_id`,`last_updated`)
) ENGINE=InnoDB AUTO_INCREMENT=2 DEFAULT CHARSET=utf8mb4 COLLATE=utf8mb4_unicode_ci ROW_FORMAT=DYNAMIC;
/*!40101 SET character_set_client = @saved_cs_client */;

--
-- Dumping data for table `host`
--

LOCK TABLES `host` WRITE;
/*!40000 ALTER TABLE `host` DISABLE KEYS */;
/*!40000 ALTER TABLE `host` ENABLE KEYS */;
UNLOCK TABLES;

--
-- Table structure for table `host_graph`
--

DROP TABLE IF EXISTS `host_graph`;
/*!40101 SET @saved_cs_client     = @@character_set_client */;
/*!50503 SET character_set_client = utf8mb4 */;
CREATE TABLE `host_graph` (
  `host_id` mediumint unsigned NOT NULL DEFAULT '0',
  `graph_template_id` mediumint unsigned NOT NULL DEFAULT '0',
  PRIMARY KEY (`host_id`,`graph_template_id`)
) ENGINE=InnoDB DEFAULT CHARSET=utf8mb4 COLLATE=utf8mb4_unicode_ci ROW_FORMAT=DYNAMIC;
/*!40101 SET character_set_client = @saved_cs_client */;

--
-- Dumping data for table `host_graph`
--

LOCK TABLES `host_graph` WRITE;
/*!40000 ALTER TABLE `host_graph` DISABLE KEYS */;
/*!40000 ALTER TABLE `host_graph` ENABLE KEYS */;
UNLOCK TABLES;

--
-- Table structure for table `host_snmp_cache`
--

DROP TABLE IF EXISTS `host_snmp_cache`;
/*!40101 SET @saved_cs_client     = @@character_set_client */;
/*!50503 SET character_set_client = utf8mb4 */;
CREATE TABLE `host_snmp_cache` (
  `host_id` mediumint unsigned NOT NULL DEFAULT '0',
  `snmp_query_id` mediumint unsigned NOT NULL DEFAULT '0',
  `field_name` varchar(50) CHARACTER SET utf8mb4 COLLATE utf8mb4_unicode_ci NOT NULL DEFAULT '',
  `field_value` varchar(512) CHARACTER SET utf8mb4 COLLATE utf8mb4_unicode_ci DEFAULT NULL,
  `snmp_index` varchar(255) CHARACTER SET utf8mb4 COLLATE utf8mb4_unicode_ci NOT NULL DEFAULT '',
  `oid` mediumtext CHARACTER SET utf8mb4 COLLATE utf8mb4_unicode_ci NOT NULL,
  `present` tinyint unsigned NOT NULL DEFAULT '1',
  `last_updated` timestamp NULL DEFAULT CURRENT_TIMESTAMP ON UPDATE CURRENT_TIMESTAMP,
  PRIMARY KEY (`host_id`,`snmp_query_id`,`field_name`,`snmp_index`),
  KEY `host_id` (`host_id`,`field_name`),
  KEY `snmp_index` (`snmp_index`),
  KEY `field_name` (`field_name`),
  KEY `field_value` (`field_value`),
  KEY `snmp_query_id` (`snmp_query_id`),
  KEY `last_updated` (`last_updated`),
  KEY `present` (`present`)
) ENGINE=InnoDB DEFAULT CHARSET=utf8mb4 COLLATE=utf8mb4_unicode_ci ROW_FORMAT=DYNAMIC;
/*!40101 SET character_set_client = @saved_cs_client */;

--
-- Dumping data for table `host_snmp_cache`
--

LOCK TABLES `host_snmp_cache` WRITE;
/*!40000 ALTER TABLE `host_snmp_cache` DISABLE KEYS */;
/*!40000 ALTER TABLE `host_snmp_cache` ENABLE KEYS */;
UNLOCK TABLES;

--
-- Table structure for table `host_snmp_query`
--

DROP TABLE IF EXISTS `host_snmp_query`;
/*!40101 SET @saved_cs_client     = @@character_set_client */;
/*!50503 SET character_set_client = utf8mb4 */;
CREATE TABLE `host_snmp_query` (
  `host_id` mediumint unsigned NOT NULL DEFAULT '0',
  `snmp_query_id` mediumint unsigned NOT NULL DEFAULT '0',
  `sort_field` varchar(50) CHARACTER SET utf8mb4 COLLATE utf8mb4_unicode_ci NOT NULL DEFAULT '',
  `title_format` varchar(50) CHARACTER SET utf8mb4 COLLATE utf8mb4_unicode_ci NOT NULL DEFAULT '',
  `reindex_method` tinyint unsigned NOT NULL DEFAULT '0',
  PRIMARY KEY (`host_id`,`snmp_query_id`)
) ENGINE=InnoDB DEFAULT CHARSET=utf8mb4 COLLATE=utf8mb4_unicode_ci ROW_FORMAT=DYNAMIC;
/*!40101 SET character_set_client = @saved_cs_client */;

--
-- Dumping data for table `host_snmp_query`
--

LOCK TABLES `host_snmp_query` WRITE;
/*!40000 ALTER TABLE `host_snmp_query` DISABLE KEYS */;
/*!40000 ALTER TABLE `host_snmp_query` ENABLE KEYS */;
UNLOCK TABLES;

--
-- Table structure for table `host_template`
--

DROP TABLE IF EXISTS `host_template`;
/*!40101 SET @saved_cs_client     = @@character_set_client */;
/*!50503 SET character_set_client = utf8mb4 */;
CREATE TABLE `host_template` (
  `id` mediumint unsigned NOT NULL AUTO_INCREMENT,
  `hash` varchar(32) CHARACTER SET utf8mb4 COLLATE utf8mb4_unicode_ci NOT NULL DEFAULT '',
  `name` varchar(100) CHARACTER SET utf8mb4 COLLATE utf8mb4_unicode_ci NOT NULL DEFAULT '',
  `class` varchar(40) CHARACTER SET utf8mb4 COLLATE utf8mb4_unicode_ci NOT NULL DEFAULT '',
  PRIMARY KEY (`id`),
  KEY `name` (`name`)
) ENGINE=InnoDB AUTO_INCREMENT=4 DEFAULT CHARSET=utf8mb4 COLLATE=utf8mb4_unicode_ci ROW_FORMAT=DYNAMIC;
/*!40101 SET character_set_client = @saved_cs_client */;

--
-- Dumping data for table `host_template`
--

LOCK TABLES `host_template` WRITE;
/*!40000 ALTER TABLE `host_template` DISABLE KEYS */;
INSERT INTO `host_template` VALUES (1,'d71170d3bf9f78655ede103d3800936f','Solaris',''),(2,'1e8d6950cbd31d95398d0c54709bc3a5','Linux',''),(3,'89f1a026c314acae5808bf821efcd6e8','Windows','');
/*!40000 ALTER TABLE `host_template` ENABLE KEYS */;
UNLOCK TABLES;

--
-- Table structure for table `host_template_graph`
--

DROP TABLE IF EXISTS `host_template_graph`;
/*!40101 SET @saved_cs_client     = @@character_set_client */;
/*!50503 SET character_set_client = utf8mb4 */;
CREATE TABLE `host_template_graph` (
  `host_template_id` mediumint unsigned NOT NULL DEFAULT '0',
  `graph_template_id` mediumint unsigned NOT NULL DEFAULT '0',
  PRIMARY KEY (`host_template_id`,`graph_template_id`)
) ENGINE=InnoDB DEFAULT CHARSET=utf8mb4 COLLATE=utf8mb4_unicode_ci ROW_FORMAT=DYNAMIC;
/*!40101 SET character_set_client = @saved_cs_client */;

--
-- Dumping data for table `host_template_graph`
--

LOCK TABLES `host_template_graph` WRITE;
/*!40000 ALTER TABLE `host_template_graph` DISABLE KEYS */;
INSERT INTO `host_template_graph` VALUES (1,2),(1,3),(1,4),(1,5),(1,6),(1,7),(1,8),(1,9),(1,10),(1,11),(1,12),(1,13),(1,14),(2,15),(2,16),(2,17),(2,18),(2,19),(2,20),(2,21),(2,22),(2,23),(2,24),(2,25),(2,26),(2,27),(2,28),(2,29),(2,30),(2,31),(2,32),(2,33),(2,34),(2,35),(2,36),(2,37),(2,38),(2,39),(2,40),(2,41),(2,42),(2,43),(2,44),(2,45),(2,46),(2,47),(2,48),(2,49),(2,50),(2,51),(2,52),(2,53),(2,54),(2,55),(2,56),(2,57),(2,58),(2,59),(2,60),(2,61),(2,62),(2,63),(2,64),(2,65),(2,66),(2,67),(2,68),(2,69),(3,70),(3,71),(3,72),(3,73),(3,74),(3,75),(3,76),(3,77),(3,78),(3,79),(3,80),(3,81),(3,82),(3,83),(3,84),(3,85),(3,86),(3,87),(3,88),(3,89),(3,90),(3,91),(3,92),(3,93),(3,94),(3,95),(3,96),(3,97),(3,98),(3,99),(3,100),(3,101),(3,102),(3,103),(3,104),(3,105),(3,106),(3,107),(3,108),(3,109),(3,110),(3,111),(3,112),(3,113),(3,114),(3,115),(3,116),(3,117),(3,119);
/*!40000 ALTER TABLE `host_template_graph` ENABLE KEYS */;
UNLOCK TABLES;

--
-- Table structure for table `host_template_snmp_query`
--

DROP TABLE IF EXISTS `host_template_snmp_query`;
/*!40101 SET @saved_cs_client     = @@character_set_client */;
/*!50503 SET character_set_client = utf8mb4 */;
CREATE TABLE `host_template_snmp_query` (
  `host_template_id` mediumint unsigned NOT NULL DEFAULT '0',
  `snmp_query_id` mediumint unsigned NOT NULL DEFAULT '0',
  PRIMARY KEY (`host_template_id`,`snmp_query_id`)
) ENGINE=InnoDB DEFAULT CHARSET=utf8mb4 COLLATE=utf8mb4_unicode_ci ROW_FORMAT=DYNAMIC;
/*!40101 SET character_set_client = @saved_cs_client */;

--
-- Dumping data for table `host_template_snmp_query`
--

LOCK TABLES `host_template_snmp_query` WRITE;
/*!40000 ALTER TABLE `host_template_snmp_query` DISABLE KEYS */;
/*!40000 ALTER TABLE `host_template_snmp_query` ENABLE KEYS */;
UNLOCK TABLES;

--
-- Table structure for table `plugin_config`
--

DROP TABLE IF EXISTS `plugin_config`;
/*!40101 SET @saved_cs_client     = @@character_set_client */;
/*!50503 SET character_set_client = utf8mb4 */;
CREATE TABLE `plugin_config` (
  `id` mediumint unsigned NOT NULL AUTO_INCREMENT,
  `directory` varchar(32) CHARACTER SET utf8mb4 COLLATE utf8mb4_unicode_ci NOT NULL DEFAULT '',
  `name` varchar(64) CHARACTER SET utf8mb4 COLLATE utf8mb4_unicode_ci NOT NULL DEFAULT '',
  `status` tinyint unsigned NOT NULL DEFAULT '0',
  `author` varchar(64) CHARACTER SET utf8mb4 COLLATE utf8mb4_unicode_ci NOT NULL DEFAULT '',
  `webpage` varchar(255) CHARACTER SET utf8mb4 COLLATE utf8mb4_unicode_ci NOT NULL DEFAULT '',
  `version` varchar(10) CHARACTER SET utf8mb4 COLLATE utf8mb4_unicode_ci NOT NULL DEFAULT '',
  PRIMARY KEY (`id`),
  KEY `status` (`status`),
  KEY `directory` (`directory`)
) ENGINE=InnoDB DEFAULT CHARSET=utf8mb4 COLLATE=utf8mb4_unicode_ci ROW_FORMAT=DYNAMIC;
/*!40101 SET character_set_client = @saved_cs_client */;

--
-- Dumping data for table `plugin_config`
--

LOCK TABLES `plugin_config` WRITE;
/*!40000 ALTER TABLE `plugin_config` DISABLE KEYS */;
/*!40000 ALTER TABLE `plugin_config` ENABLE KEYS */;
UNLOCK TABLES;

--
-- Table structure for table `plugin_db_changes`
--

DROP TABLE IF EXISTS `plugin_db_changes`;
/*!40101 SET @saved_cs_client     = @@character_set_client */;
/*!50503 SET character_set_client = utf8mb4 */;
CREATE TABLE `plugin_db_changes` (
  `id` mediumint unsigned NOT NULL AUTO_INCREMENT,
  `plugin` varchar(16) CHARACTER SET utf8mb4 COLLATE utf8mb4_unicode_ci NOT NULL DEFAULT '',
  `table` varchar(64) CHARACTER SET utf8mb4 COLLATE utf8mb4_unicode_ci NOT NULL DEFAULT '',
  `column` varchar(64) CHARACTER SET utf8mb4 COLLATE utf8mb4_unicode_ci NOT NULL,
  `method` varchar(16) CHARACTER SET utf8mb4 COLLATE utf8mb4_unicode_ci NOT NULL DEFAULT '',
  PRIMARY KEY (`id`),
  KEY `plugin` (`plugin`),
  KEY `method` (`method`)
) ENGINE=InnoDB DEFAULT CHARSET=utf8mb4 COLLATE=utf8mb4_unicode_ci ROW_FORMAT=DYNAMIC;
/*!40101 SET character_set_client = @saved_cs_client */;

--
-- Dumping data for table `plugin_db_changes`
--

LOCK TABLES `plugin_db_changes` WRITE;
/*!40000 ALTER TABLE `plugin_db_changes` DISABLE KEYS */;
/*!40000 ALTER TABLE `plugin_db_changes` ENABLE KEYS */;
UNLOCK TABLES;

--
-- Table structure for table `plugin_hooks`
--

DROP TABLE IF EXISTS `plugin_hooks`;
/*!40101 SET @saved_cs_client     = @@character_set_client */;
/*!50503 SET character_set_client = utf8mb4 */;
CREATE TABLE `plugin_hooks` (
  `id` mediumint unsigned NOT NULL AUTO_INCREMENT,
  `name` varchar(32) CHARACTER SET utf8mb4 COLLATE utf8mb4_unicode_ci NOT NULL DEFAULT '',
  `hook` varchar(64) CHARACTER SET utf8mb4 COLLATE utf8mb4_unicode_ci NOT NULL DEFAULT '',
  `file` varchar(255) CHARACTER SET utf8mb4 COLLATE utf8mb4_unicode_ci NOT NULL DEFAULT '',
  `function` varchar(128) CHARACTER SET utf8mb4 COLLATE utf8mb4_unicode_ci NOT NULL DEFAULT '',
  `status` int unsigned NOT NULL DEFAULT '0',
  PRIMARY KEY (`id`),
  KEY `hook` (`hook`),
  KEY `status` (`status`)
) ENGINE=InnoDB AUTO_INCREMENT=3 DEFAULT CHARSET=utf8mb4 COLLATE=utf8mb4_unicode_ci ROW_FORMAT=DYNAMIC;
/*!40101 SET character_set_client = @saved_cs_client */;

--
-- Dumping data for table `plugin_hooks`
--

LOCK TABLES `plugin_hooks` WRITE;
/*!40000 ALTER TABLE `plugin_hooks` DISABLE KEYS */;
INSERT INTO `plugin_hooks` VALUES (1,'internal','config_arrays','','plugin_config_arrays',1),(2,'internal','draw_navigation_text','','plugin_draw_navigation_text',1);
/*!40000 ALTER TABLE `plugin_hooks` ENABLE KEYS */;
UNLOCK TABLES;

--
-- Table structure for table `plugin_realms`
--

DROP TABLE IF EXISTS `plugin_realms`;
/*!40101 SET @saved_cs_client     = @@character_set_client */;
/*!50503 SET character_set_client = utf8mb4 */;
CREATE TABLE `plugin_realms` (
  `id` mediumint unsigned NOT NULL AUTO_INCREMENT,
  `plugin` varchar(32) CHARACTER SET utf8mb4 COLLATE utf8mb4_unicode_ci NOT NULL DEFAULT '',
  `file` mediumtext CHARACTER SET utf8mb4 COLLATE utf8mb4_unicode_ci NOT NULL,
  `display` varchar(64) CHARACTER SET utf8mb4 COLLATE utf8mb4_unicode_ci NOT NULL DEFAULT '',
  PRIMARY KEY (`id`),
  KEY `plugin` (`plugin`)
) ENGINE=InnoDB AUTO_INCREMENT=2 DEFAULT CHARSET=utf8mb4 COLLATE=utf8mb4_unicode_ci ROW_FORMAT=DYNAMIC;
/*!40101 SET character_set_client = @saved_cs_client */;

--
-- Dumping data for table `plugin_realms`
--

LOCK TABLES `plugin_realms` WRITE;
/*!40000 ALTER TABLE `plugin_realms` DISABLE KEYS */;
INSERT INTO `plugin_realms` VALUES (1,'internal','plugins.php','Plugin Management');
/*!40000 ALTER TABLE `plugin_realms` ENABLE KEYS */;
UNLOCK TABLES;

--
-- Table structure for table `poller`
--

DROP TABLE IF EXISTS `poller`;
/*!40101 SET @saved_cs_client     = @@character_set_client */;
/*!50503 SET character_set_client = utf8mb4 */;
CREATE TABLE `poller` (
  `id` smallint unsigned NOT NULL AUTO_INCREMENT,
  `disabled` char(2) CHARACTER SET utf8mb4 COLLATE utf8mb4_unicode_ci DEFAULT '',
  `name` varchar(30) CHARACTER SET utf8mb4 COLLATE utf8mb4_unicode_ci DEFAULT NULL,
  `notes` varchar(1024) CHARACTER SET utf8mb4 COLLATE utf8mb4_unicode_ci DEFAULT '',
  `status` int unsigned NOT NULL DEFAULT '0',
  `timezone` varchar(40) CHARACTER SET utf8mb4 COLLATE utf8mb4_unicode_ci DEFAULT '',
  `hostname` varchar(100) CHARACTER SET utf8mb4 COLLATE utf8mb4_unicode_ci NOT NULL DEFAULT '',
  `dbdefault` varchar(20) CHARACTER SET utf8mb4 COLLATE utf8mb4_unicode_ci NOT NULL DEFAULT '',
  `dbhost` varchar(64) CHARACTER SET utf8mb4 COLLATE utf8mb4_unicode_ci NOT NULL DEFAULT '',
  `dbuser` varchar(20) CHARACTER SET utf8mb4 COLLATE utf8mb4_unicode_ci NOT NULL DEFAULT '',
  `dbpass` varchar(64) CHARACTER SET utf8mb4 COLLATE utf8mb4_unicode_ci NOT NULL DEFAULT '',
  `dbport` int unsigned DEFAULT '3306',
  `dbretries` int unsigned DEFAULT '2',
  `dbssl` char(3) CHARACTER SET utf8mb4 COLLATE utf8mb4_unicode_ci DEFAULT '',
  `dbsslkey` varchar(255) CHARACTER SET utf8mb4 COLLATE utf8mb4_unicode_ci DEFAULT NULL,
  `dbsslcert` varchar(255) CHARACTER SET utf8mb4 COLLATE utf8mb4_unicode_ci DEFAULT NULL,
  `dbsslca` varchar(255) CHARACTER SET utf8mb4 COLLATE utf8mb4_unicode_ci DEFAULT NULL,
  `total_time` double DEFAULT '0',
  `max_time` double DEFAULT NULL,
  `min_time` double DEFAULT NULL,
  `avg_time` double DEFAULT NULL,
  `total_polls` int unsigned DEFAULT '0',
  `processes` int unsigned DEFAULT '1',
  `threads` int unsigned DEFAULT '1',
  `sync_interval` int unsigned DEFAULT '7200',
  `snmp` mediumint unsigned DEFAULT '0',
  `script` mediumint unsigned DEFAULT '0',
  `server` mediumint unsigned DEFAULT '0',
  `last_update` timestamp NOT NULL DEFAULT '0000-00-00 00:00:00',
  `last_status` timestamp NOT NULL DEFAULT '0000-00-00 00:00:00',
  `last_sync` timestamp NOT NULL DEFAULT '0000-00-00 00:00:00',
  `requires_sync` char(2) CHARACTER SET utf8mb4 COLLATE utf8mb4_unicode_ci DEFAULT '',
  PRIMARY KEY (`id`),
  KEY `name` (`name`),
  KEY `disabled` (`disabled`)
) ENGINE=InnoDB AUTO_INCREMENT=2 DEFAULT CHARSET=utf8mb4 COLLATE=utf8mb4_unicode_ci ROW_FORMAT=DYNAMIC COMMENT='Pollers for Cacti';
/*!40101 SET character_set_client = @saved_cs_client */;

--
-- Dumping data for table `poller`
--

LOCK TABLES `poller` WRITE;
/*!40000 ALTER TABLE `poller` DISABLE KEYS */;
INSERT INTO `poller` VALUES (1,'','Main Poller','',0,'','localhost','','','','',3306,2,'',NULL,NULL,NULL,0,NULL,NULL,NULL,0,1,1,7200,0,0,0,'0000-00-00 00:00:00','0000-00-00 00:00:00','0000-00-00 00:00:00','');
/*!40000 ALTER TABLE `poller` ENABLE KEYS */;
UNLOCK TABLES;

--
-- Table structure for table `poller_command`
--

DROP TABLE IF EXISTS `poller_command`;
/*!40101 SET @saved_cs_client     = @@character_set_client */;
/*!50503 SET character_set_client = utf8mb4 */;
CREATE TABLE `poller_command` (
  `poller_id` smallint unsigned NOT NULL DEFAULT '1',
  `time` timestamp NOT NULL DEFAULT '0000-00-00 00:00:00',
  `action` tinyint unsigned NOT NULL DEFAULT '0',
  `command` varchar(191) CHARACTER SET utf8mb4 COLLATE utf8mb4_unicode_ci NOT NULL DEFAULT '',
  `last_updated` timestamp NULL DEFAULT CURRENT_TIMESTAMP ON UPDATE CURRENT_TIMESTAMP,
  PRIMARY KEY (`poller_id`,`action`,`command`),
  KEY `poller_id_last_updated` (`poller_id`,`last_updated`)
) ENGINE=InnoDB DEFAULT CHARSET=utf8mb4 COLLATE=utf8mb4_unicode_ci ROW_FORMAT=DYNAMIC;
/*!40101 SET character_set_client = @saved_cs_client */;

--
-- Dumping data for table `poller_command`
--

LOCK TABLES `poller_command` WRITE;
/*!40000 ALTER TABLE `poller_command` DISABLE KEYS */;
/*!40000 ALTER TABLE `poller_command` ENABLE KEYS */;
UNLOCK TABLES;

--
-- Table structure for table `poller_data_template_field_mappings`
--

DROP TABLE IF EXISTS `poller_data_template_field_mappings`;
/*!40101 SET @saved_cs_client     = @@character_set_client */;
/*!50503 SET character_set_client = utf8mb4 */;
CREATE TABLE `poller_data_template_field_mappings` (
  `data_template_id` int unsigned NOT NULL DEFAULT '0',
  `data_name` varchar(40) CHARACTER SET utf8mb4 COLLATE utf8mb4_unicode_ci NOT NULL DEFAULT '',
  `data_source_names` varchar(125) CHARACTER SET utf8mb4 COLLATE utf8mb4_unicode_ci NOT NULL DEFAULT '',
  `last_updated` timestamp NOT NULL DEFAULT CURRENT_TIMESTAMP ON UPDATE CURRENT_TIMESTAMP,
  PRIMARY KEY (`data_template_id`,`data_name`,`data_source_names`)
) ENGINE=InnoDB DEFAULT CHARSET=utf8mb4 COLLATE=utf8mb4_unicode_ci ROW_FORMAT=DYNAMIC COMMENT='Tracks mapping of Data Templates to their Data Source Names';
/*!40101 SET character_set_client = @saved_cs_client */;

--
-- Dumping data for table `poller_data_template_field_mappings`
--

LOCK TABLES `poller_data_template_field_mappings` WRITE;
/*!40000 ALTER TABLE `poller_data_template_field_mappings` DISABLE KEYS */;
/*!40000 ALTER TABLE `poller_data_template_field_mappings` ENABLE KEYS */;
UNLOCK TABLES;

--
-- Table structure for table `poller_item`
--

DROP TABLE IF EXISTS `poller_item`;
/*!40101 SET @saved_cs_client     = @@character_set_client */;
/*!50503 SET character_set_client = utf8mb4 */;
CREATE TABLE `poller_item` (
  `local_data_id` int unsigned NOT NULL DEFAULT '0',
  `poller_id` int unsigned NOT NULL DEFAULT '1',
  `host_id` mediumint unsigned NOT NULL DEFAULT '0',
  `action` tinyint unsigned NOT NULL DEFAULT '1',
  `present` tinyint unsigned NOT NULL DEFAULT '1',
  `last_updated` timestamp NULL DEFAULT CURRENT_TIMESTAMP ON UPDATE CURRENT_TIMESTAMP,
  `hostname` varchar(100) CHARACTER SET utf8mb4 COLLATE utf8mb4_unicode_ci NOT NULL DEFAULT '',
  `snmp_community` varchar(100) CHARACTER SET utf8mb4 COLLATE utf8mb4_unicode_ci NOT NULL DEFAULT '',
  `snmp_version` tinyint unsigned NOT NULL DEFAULT '0',
  `snmp_username` varchar(50) CHARACTER SET utf8mb4 COLLATE utf8mb4_unicode_ci NOT NULL DEFAULT '',
  `snmp_password` varchar(50) CHARACTER SET utf8mb4 COLLATE utf8mb4_unicode_ci NOT NULL DEFAULT '',
  `snmp_auth_protocol` char(6) CHARACTER SET utf8mb4 COLLATE utf8mb4_unicode_ci NOT NULL DEFAULT '',
  `snmp_priv_passphrase` varchar(200) CHARACTER SET utf8mb4 COLLATE utf8mb4_unicode_ci NOT NULL DEFAULT '',
  `snmp_priv_protocol` char(6) CHARACTER SET utf8mb4 COLLATE utf8mb4_unicode_ci NOT NULL DEFAULT '',
  `snmp_context` varchar(64) CHARACTER SET utf8mb4 COLLATE utf8mb4_unicode_ci DEFAULT '',
  `snmp_engine_id` varchar(64) CHARACTER SET utf8mb4 COLLATE utf8mb4_unicode_ci DEFAULT '',
  `snmp_port` mediumint unsigned NOT NULL DEFAULT '161',
  `snmp_timeout` mediumint unsigned NOT NULL DEFAULT '0',
  `rrd_name` varchar(19) CHARACTER SET utf8mb4 COLLATE utf8mb4_unicode_ci NOT NULL DEFAULT '',
  `rrd_path` varchar(255) CHARACTER SET utf8mb4 COLLATE utf8mb4_unicode_ci NOT NULL DEFAULT '',
  `rrd_num` tinyint unsigned NOT NULL DEFAULT '0',
  `rrd_step` mediumint NOT NULL DEFAULT '300',
  `rrd_next_step` mediumint NOT NULL DEFAULT '0',
  `arg1` mediumtext CHARACTER SET utf8mb4 COLLATE utf8mb4_unicode_ci,
  `arg2` varchar(255) CHARACTER SET utf8mb4 COLLATE utf8mb4_unicode_ci DEFAULT NULL,
  `arg3` varchar(255) CHARACTER SET utf8mb4 COLLATE utf8mb4_unicode_ci DEFAULT NULL,
  PRIMARY KEY (`local_data_id`,`rrd_name`),
  KEY `host_id` (`host_id`),
  KEY `action` (`action`),
  KEY `present` (`present`),
  KEY `poller_id_host_id` (`poller_id`,`host_id`),
  KEY `poller_id_rrd_next_step` (`poller_id`,`rrd_next_step`),
  KEY `poller_id_action` (`poller_id`,`action`),
  KEY `poller_id_last_updated` (`poller_id`,`last_updated`)
) ENGINE=InnoDB DEFAULT CHARSET=utf8mb4 COLLATE=utf8mb4_unicode_ci ROW_FORMAT=DYNAMIC;
/*!40101 SET character_set_client = @saved_cs_client */;

--
-- Dumping data for table `poller_item`
--

LOCK TABLES `poller_item` WRITE;
/*!40000 ALTER TABLE `poller_item` DISABLE KEYS */;
/*!40000 ALTER TABLE `poller_item` ENABLE KEYS */;
UNLOCK TABLES;

--
-- Table structure for table `poller_output`
--

DROP TABLE IF EXISTS `poller_output`;
/*!40101 SET @saved_cs_client     = @@character_set_client */;
/*!50503 SET character_set_client = utf8mb4 */;
CREATE TABLE `poller_output` (
  `local_data_id` int unsigned NOT NULL DEFAULT '0',
  `rrd_name` varchar(19) CHARACTER SET utf8mb4 COLLATE utf8mb4_unicode_ci NOT NULL DEFAULT '',
  `time` timestamp NOT NULL DEFAULT '0000-00-00 00:00:00',
  `output` varchar(512) CHARACTER SET utf8mb4 COLLATE utf8mb4_unicode_ci NOT NULL DEFAULT '',
  PRIMARY KEY (`local_data_id`,`rrd_name`,`time`) USING BTREE
) ENGINE=InnoDB DEFAULT CHARSET=utf8mb4 COLLATE=utf8mb4_unicode_ci ROW_FORMAT=DYNAMIC;
/*!40101 SET character_set_client = @saved_cs_client */;

--
-- Dumping data for table `poller_output`
--

LOCK TABLES `poller_output` WRITE;
/*!40000 ALTER TABLE `poller_output` DISABLE KEYS */;
/*!40000 ALTER TABLE `poller_output` ENABLE KEYS */;
UNLOCK TABLES;

--
-- Table structure for table `poller_output_boost`
--

DROP TABLE IF EXISTS `poller_output_boost`;
/*!40101 SET @saved_cs_client     = @@character_set_client */;
/*!50503 SET character_set_client = utf8mb4 */;
CREATE TABLE `poller_output_boost` (
  `local_data_id` int unsigned NOT NULL DEFAULT '0',
  `rrd_name` varchar(19) CHARACTER SET utf8mb4 COLLATE utf8mb4_unicode_ci NOT NULL DEFAULT '',
  `time` timestamp NOT NULL DEFAULT '0000-00-00 00:00:00',
  `output` varchar(512) CHARACTER SET utf8mb4 COLLATE utf8mb4_unicode_ci NOT NULL,
  PRIMARY KEY (`local_data_id`,`time`,`rrd_name`) USING BTREE
) ENGINE=InnoDB DEFAULT CHARSET=utf8mb4 COLLATE=utf8mb4_unicode_ci ROW_FORMAT=DYNAMIC;
/*!40101 SET character_set_client = @saved_cs_client */;

--
-- Dumping data for table `poller_output_boost`
--

LOCK TABLES `poller_output_boost` WRITE;
/*!40000 ALTER TABLE `poller_output_boost` DISABLE KEYS */;
/*!40000 ALTER TABLE `poller_output_boost` ENABLE KEYS */;
UNLOCK TABLES;

--
-- Table structure for table `poller_output_boost_local_data_ids`
--

DROP TABLE IF EXISTS `poller_output_boost_local_data_ids`;
/*!40101 SET @saved_cs_client     = @@character_set_client */;
/*!50503 SET character_set_client = utf8mb4 */;
CREATE TABLE `poller_output_boost_local_data_ids` (
  `local_data_id` int unsigned NOT NULL DEFAULT '0',
  `process_handler` int unsigned DEFAULT '0',
  PRIMARY KEY (`local_data_id`),
  KEY `process_handler` (`process_handler`)
) ENGINE=InnoDB DEFAULT CHARSET=utf8mb4 COLLATE=utf8mb4_unicode_ci ROW_FORMAT=DYNAMIC;
/*!40101 SET character_set_client = @saved_cs_client */;

--
-- Dumping data for table `poller_output_boost_local_data_ids`
--

LOCK TABLES `poller_output_boost_local_data_ids` WRITE;
/*!40000 ALTER TABLE `poller_output_boost_local_data_ids` DISABLE KEYS */;
/*!40000 ALTER TABLE `poller_output_boost_local_data_ids` ENABLE KEYS */;
UNLOCK TABLES;

--
-- Table structure for table `poller_output_boost_processes`
--

DROP TABLE IF EXISTS `poller_output_boost_processes`;
/*!40101 SET @saved_cs_client     = @@character_set_client */;
/*!50503 SET character_set_client = utf8mb4 */;
CREATE TABLE `poller_output_boost_processes` (
  `sock_int_value` bigint unsigned NOT NULL AUTO_INCREMENT,
  `status` varchar(255) CHARACTER SET utf8mb4 COLLATE utf8mb4_unicode_ci DEFAULT NULL,
  PRIMARY KEY (`sock_int_value`)
) ENGINE=InnoDB DEFAULT CHARSET=utf8mb4 COLLATE=utf8mb4_unicode_ci ROW_FORMAT=DYNAMIC;
/*!40101 SET character_set_client = @saved_cs_client */;

--
-- Dumping data for table `poller_output_boost_processes`
--

LOCK TABLES `poller_output_boost_processes` WRITE;
/*!40000 ALTER TABLE `poller_output_boost_processes` DISABLE KEYS */;
/*!40000 ALTER TABLE `poller_output_boost_processes` ENABLE KEYS */;
UNLOCK TABLES;

--
-- Table structure for table `poller_output_realtime`
--

DROP TABLE IF EXISTS `poller_output_realtime`;
/*!40101 SET @saved_cs_client     = @@character_set_client */;
/*!50503 SET character_set_client = utf8mb4 */;
CREATE TABLE `poller_output_realtime` (
  `local_data_id` int unsigned NOT NULL DEFAULT '0',
  `rrd_name` varchar(19) CHARACTER SET utf8mb4 COLLATE utf8mb4_unicode_ci NOT NULL DEFAULT '',
  `time` timestamp NOT NULL DEFAULT '0000-00-00 00:00:00',
  `output` mediumtext CHARACTER SET utf8mb4 COLLATE utf8mb4_unicode_ci NOT NULL,
  `poller_id` varchar(256) CHARACTER SET utf8mb4 COLLATE utf8mb4_unicode_ci NOT NULL DEFAULT '1',
  PRIMARY KEY (`local_data_id`,`rrd_name`,`time`,`poller_id`),
  KEY `poller_id` (`poller_id`(191)),
  KEY `time` (`time`)
) ENGINE=InnoDB DEFAULT CHARSET=utf8mb4 COLLATE=utf8mb4_unicode_ci ROW_FORMAT=DYNAMIC;
/*!40101 SET character_set_client = @saved_cs_client */;

--
-- Dumping data for table `poller_output_realtime`
--

LOCK TABLES `poller_output_realtime` WRITE;
/*!40000 ALTER TABLE `poller_output_realtime` DISABLE KEYS */;
/*!40000 ALTER TABLE `poller_output_realtime` ENABLE KEYS */;
UNLOCK TABLES;

--
-- Table structure for table `poller_reindex`
--

DROP TABLE IF EXISTS `poller_reindex`;
/*!40101 SET @saved_cs_client     = @@character_set_client */;
/*!50503 SET character_set_client = utf8mb4 */;
CREATE TABLE `poller_reindex` (
  `host_id` mediumint unsigned NOT NULL DEFAULT '0',
  `data_query_id` mediumint unsigned NOT NULL DEFAULT '0',
  `action` tinyint unsigned NOT NULL DEFAULT '0',
  `present` tinyint unsigned NOT NULL DEFAULT '1',
  `op` char(1) CHARACTER SET utf8mb4 COLLATE utf8mb4_unicode_ci NOT NULL DEFAULT '',
  `assert_value` varchar(100) CHARACTER SET utf8mb4 COLLATE utf8mb4_unicode_ci NOT NULL DEFAULT '',
  `arg1` varchar(255) CHARACTER SET utf8mb4 COLLATE utf8mb4_unicode_ci NOT NULL DEFAULT '',
  PRIMARY KEY (`host_id`,`data_query_id`,`arg1`(187)),
  KEY `present` (`present`)
) ENGINE=InnoDB DEFAULT CHARSET=utf8mb4 COLLATE=utf8mb4_unicode_ci ROW_FORMAT=DYNAMIC;
/*!40101 SET character_set_client = @saved_cs_client */;

--
-- Dumping data for table `poller_reindex`
--

LOCK TABLES `poller_reindex` WRITE;
/*!40000 ALTER TABLE `poller_reindex` DISABLE KEYS */;
/*!40000 ALTER TABLE `poller_reindex` ENABLE KEYS */;
UNLOCK TABLES;

--
-- Table structure for table `poller_resource_cache`
--

DROP TABLE IF EXISTS `poller_resource_cache`;
/*!40101 SET @saved_cs_client     = @@character_set_client */;
/*!50503 SET character_set_client = utf8mb4 */;
CREATE TABLE `poller_resource_cache` (
  `id` int unsigned NOT NULL AUTO_INCREMENT,
  `resource_type` varchar(20) CHARACTER SET utf8mb4 COLLATE utf8mb4_unicode_ci DEFAULT NULL,
  `md5sum` varchar(32) CHARACTER SET utf8mb4 COLLATE utf8mb4_unicode_ci DEFAULT NULL,
  `path` varchar(191) CHARACTER SET utf8mb4 COLLATE utf8mb4_unicode_ci DEFAULT NULL,
  `update_time` timestamp NOT NULL DEFAULT '0000-00-00 00:00:00',
  `contents` longblob,
  `attributes` int unsigned DEFAULT '0',
  PRIMARY KEY (`id`),
  UNIQUE KEY `path` (`path`)
) ENGINE=InnoDB DEFAULT CHARSET=utf8mb4 COLLATE=utf8mb4_unicode_ci ROW_FORMAT=DYNAMIC COMMENT='Caches all scripts, resources files, and plugins';
/*!40101 SET character_set_client = @saved_cs_client */;

--
-- Dumping data for table `poller_resource_cache`
--

LOCK TABLES `poller_resource_cache` WRITE;
/*!40000 ALTER TABLE `poller_resource_cache` DISABLE KEYS */;
/*!40000 ALTER TABLE `poller_resource_cache` ENABLE KEYS */;
UNLOCK TABLES;

--
-- Table structure for table `poller_time`
--

DROP TABLE IF EXISTS `poller_time`;
/*!40101 SET @saved_cs_client     = @@character_set_client */;
/*!50503 SET character_set_client = utf8mb4 */;
CREATE TABLE `poller_time` (
  `id` bigint unsigned NOT NULL AUTO_INCREMENT,
  `pid` int unsigned NOT NULL DEFAULT '0',
  `poller_id` int unsigned NOT NULL DEFAULT '1',
  `start_time` timestamp NOT NULL DEFAULT '0000-00-00 00:00:00',
  `end_time` timestamp NOT NULL DEFAULT '0000-00-00 00:00:00',
  PRIMARY KEY (`id`),
  KEY `poller_id_end_time` (`poller_id`,`end_time`)
) ENGINE=InnoDB DEFAULT CHARSET=utf8mb4 COLLATE=utf8mb4_unicode_ci ROW_FORMAT=DYNAMIC;
/*!40101 SET character_set_client = @saved_cs_client */;

--
-- Dumping data for table `poller_time`
--

LOCK TABLES `poller_time` WRITE;
/*!40000 ALTER TABLE `poller_time` DISABLE KEYS */;
/*!40000 ALTER TABLE `poller_time` ENABLE KEYS */;
UNLOCK TABLES;

--
-- Table structure for table `processes`
--

DROP TABLE IF EXISTS `processes`;
/*!40101 SET @saved_cs_client     = @@character_set_client */;
/*!50503 SET character_set_client = utf8mb4 */;
CREATE TABLE `processes` (
  `id` bigint unsigned NOT NULL AUTO_INCREMENT,
  `pid` int unsigned NOT NULL DEFAULT '0',
  `tasktype` varchar(20) CHARACTER SET utf8mb4 COLLATE utf8mb4_unicode_ci NOT NULL DEFAULT '',
  `taskname` varchar(40) CHARACTER SET utf8mb4 COLLATE utf8mb4_unicode_ci NOT NULL DEFAULT '',
  `taskid` int unsigned NOT NULL DEFAULT '0',
  `timeout` int unsigned DEFAULT '300',
  `started` timestamp NOT NULL DEFAULT CURRENT_TIMESTAMP,
  `last_update` timestamp NOT NULL DEFAULT '0000-00-00 00:00:00',
  PRIMARY KEY (`pid`,`tasktype`,`taskname`,`taskid`),
  KEY `tasktype` (`tasktype`),
  KEY `id` (`id`)
) ENGINE=InnoDB DEFAULT CHARSET=utf8mb4 COLLATE=utf8mb4_unicode_ci ROW_FORMAT=DYNAMIC COMMENT='Stores Process Status for Cacti Background Processes';
/*!40101 SET character_set_client = @saved_cs_client */;

--
-- Dumping data for table `processes`
--

LOCK TABLES `processes` WRITE;
/*!40000 ALTER TABLE `processes` DISABLE KEYS */;
/*!40000 ALTER TABLE `processes` ENABLE KEYS */;
UNLOCK TABLES;

--
-- Table structure for table `reports`
--

DROP TABLE IF EXISTS `reports`;
/*!40101 SET @saved_cs_client     = @@character_set_client */;
/*!50503 SET character_set_client = utf8mb4 */;
CREATE TABLE `reports` (
  `id` mediumint unsigned NOT NULL AUTO_INCREMENT,
  `user_id` mediumint unsigned NOT NULL DEFAULT '0',
  `name` varchar(100) CHARACTER SET utf8mb4 COLLATE utf8mb4_unicode_ci NOT NULL DEFAULT '',
  `cformat` char(2) CHARACTER SET utf8mb4 COLLATE utf8mb4_unicode_ci NOT NULL DEFAULT '',
  `format_file` varchar(255) CHARACTER SET utf8mb4 COLLATE utf8mb4_unicode_ci NOT NULL DEFAULT '',
  `font_size` smallint unsigned NOT NULL DEFAULT '0',
  `alignment` smallint unsigned NOT NULL DEFAULT '0',
  `graph_linked` char(2) CHARACTER SET utf8mb4 COLLATE utf8mb4_unicode_ci NOT NULL DEFAULT '',
  `intrvl` smallint unsigned NOT NULL DEFAULT '0',
  `count` smallint unsigned NOT NULL DEFAULT '0',
  `offset` int unsigned NOT NULL DEFAULT '0',
  `mailtime` bigint unsigned NOT NULL DEFAULT '0',
  `subject` varchar(64) CHARACTER SET utf8mb4 COLLATE utf8mb4_unicode_ci NOT NULL DEFAULT '',
  `from_name` varchar(40) CHARACTER SET utf8mb4 COLLATE utf8mb4_unicode_ci NOT NULL,
  `from_email` mediumtext CHARACTER SET utf8mb4 COLLATE utf8mb4_unicode_ci NOT NULL,
  `email` mediumtext CHARACTER SET utf8mb4 COLLATE utf8mb4_unicode_ci NOT NULL,
  `bcc` mediumtext CHARACTER SET utf8mb4 COLLATE utf8mb4_unicode_ci NOT NULL,
  `attachment_type` smallint unsigned NOT NULL DEFAULT '1',
  `graph_height` smallint unsigned NOT NULL DEFAULT '0',
  `graph_width` smallint unsigned NOT NULL DEFAULT '0',
  `graph_columns` smallint unsigned NOT NULL DEFAULT '0',
  `thumbnails` char(2) CHARACTER SET utf8mb4 COLLATE utf8mb4_unicode_ci NOT NULL DEFAULT '',
  `lastsent` bigint unsigned NOT NULL DEFAULT '0',
  `enabled` char(2) CHARACTER SET utf8mb4 COLLATE utf8mb4_unicode_ci DEFAULT '',
  PRIMARY KEY (`id`),
  KEY `mailtime` (`mailtime`)
) ENGINE=InnoDB DEFAULT CHARSET=utf8mb4 COLLATE=utf8mb4_unicode_ci ROW_FORMAT=DYNAMIC COMMENT='Cacti Reporting Reports';
/*!40101 SET character_set_client = @saved_cs_client */;

--
-- Dumping data for table `reports`
--

LOCK TABLES `reports` WRITE;
/*!40000 ALTER TABLE `reports` DISABLE KEYS */;
/*!40000 ALTER TABLE `reports` ENABLE KEYS */;
UNLOCK TABLES;

--
-- Table structure for table `reports_items`
--

DROP TABLE IF EXISTS `reports_items`;
/*!40101 SET @saved_cs_client     = @@character_set_client */;
/*!50503 SET character_set_client = utf8mb4 */;
CREATE TABLE `reports_items` (
  `id` int unsigned NOT NULL AUTO_INCREMENT,
  `report_id` int unsigned NOT NULL DEFAULT '0',
  `item_type` tinyint unsigned NOT NULL DEFAULT '1',
  `tree_id` int unsigned NOT NULL DEFAULT '0',
  `branch_id` int unsigned NOT NULL DEFAULT '0',
  `tree_cascade` char(2) CHARACTER SET utf8mb4 COLLATE utf8mb4_unicode_ci NOT NULL DEFAULT '',
  `graph_name_regexp` varchar(128) CHARACTER SET utf8mb4 COLLATE utf8mb4_unicode_ci NOT NULL DEFAULT '',
  `site_id` int NOT NULL DEFAULT '-1',
  `host_template_id` int NOT NULL DEFAULT '-1',
  `host_id` int NOT NULL DEFAULT '-1',
  `graph_template_id` int NOT NULL DEFAULT '-1',
  `local_graph_id` int unsigned NOT NULL DEFAULT '0',
  `timespan` int unsigned NOT NULL DEFAULT '0',
  `align` tinyint unsigned NOT NULL DEFAULT '1',
  `item_text` mediumtext CHARACTER SET utf8mb4 COLLATE utf8mb4_unicode_ci NOT NULL,
  `font_size` smallint unsigned NOT NULL DEFAULT '10',
  `sequence` smallint unsigned NOT NULL DEFAULT '0',
  PRIMARY KEY (`id`),
  KEY `report_id` (`report_id`)
) ENGINE=InnoDB DEFAULT CHARSET=utf8mb4 COLLATE=utf8mb4_unicode_ci ROW_FORMAT=DYNAMIC COMMENT='Cacti Reporting Items';
/*!40101 SET character_set_client = @saved_cs_client */;

--
-- Dumping data for table `reports_items`
--

LOCK TABLES `reports_items` WRITE;
/*!40000 ALTER TABLE `reports_items` DISABLE KEYS */;
/*!40000 ALTER TABLE `reports_items` ENABLE KEYS */;
UNLOCK TABLES;

--
-- Table structure for table `rrdcheck`
--

DROP TABLE IF EXISTS `rrdcheck`;
/*!40101 SET @saved_cs_client     = @@character_set_client */;
/*!50503 SET character_set_client = utf8mb4 */;
CREATE TABLE `rrdcheck` (
  `local_data_id` mediumint unsigned NOT NULL,
  `test_date` timestamp NOT NULL DEFAULT '0000-00-00 00:00:00',
  `message` varchar(250) CHARACTER SET utf8mb4 COLLATE utf8mb4_unicode_ci DEFAULT ''
) ENGINE=InnoDB DEFAULT CHARSET=utf8mb4 COLLATE=utf8mb4_unicode_ci ROW_FORMAT=DYNAMIC COMMENT='rrdcheck';
/*!40101 SET character_set_client = @saved_cs_client */;

--
-- Dumping data for table `rrdcheck`
--

LOCK TABLES `rrdcheck` WRITE;
/*!40000 ALTER TABLE `rrdcheck` DISABLE KEYS */;
/*!40000 ALTER TABLE `rrdcheck` ENABLE KEYS */;
UNLOCK TABLES;

--
-- Table structure for table `sessions`
--

DROP TABLE IF EXISTS `sessions`;
/*!40101 SET @saved_cs_client     = @@character_set_client */;
/*!50503 SET character_set_client = utf8mb4 */;
CREATE TABLE `sessions` (
  `id` varchar(32) CHARACTER SET utf8mb4 COLLATE utf8mb4_unicode_ci NOT NULL,
  `remote_addr` varchar(25) CHARACTER SET utf8mb4 COLLATE utf8mb4_unicode_ci NOT NULL DEFAULT '',
  `access` int unsigned DEFAULT NULL,
  `data` mediumblob,
  `user_id` int unsigned NOT NULL DEFAULT '0',
  `user_agent` varchar(128) CHARACTER SET utf8mb4 COLLATE utf8mb4_unicode_ci NOT NULL DEFAULT '',
  `start_time` timestamp NOT NULL DEFAULT CURRENT_TIMESTAMP,
  `transactions` int unsigned NOT NULL DEFAULT '1',
  PRIMARY KEY (`id`)
) ENGINE=InnoDB DEFAULT CHARSET=utf8mb4 COLLATE=utf8mb4_unicode_ci ROW_FORMAT=DYNAMIC COMMENT='Used for Database based Session Storage';
/*!40101 SET character_set_client = @saved_cs_client */;

--
-- Dumping data for table `sessions`
--

LOCK TABLES `sessions` WRITE;
/*!40000 ALTER TABLE `sessions` DISABLE KEYS */;
/*!40000 ALTER TABLE `sessions` ENABLE KEYS */;
UNLOCK TABLES;

--
-- Table structure for table `settings`
--

DROP TABLE IF EXISTS `settings`;
/*!40101 SET @saved_cs_client     = @@character_set_client */;
/*!50503 SET character_set_client = utf8mb4 */;
CREATE TABLE `settings` (
  `name` varchar(50) CHARACTER SET utf8mb4 COLLATE utf8mb4_unicode_ci NOT NULL DEFAULT '',
  `value` varchar(2048) CHARACTER SET utf8mb4 COLLATE utf8mb4_unicode_ci NOT NULL DEFAULT '',
  PRIMARY KEY (`name`)
) ENGINE=InnoDB DEFAULT CHARSET=utf8mb4 COLLATE=utf8mb4_unicode_ci ROW_FORMAT=DYNAMIC;
/*!40101 SET character_set_client = @saved_cs_client */;

--
-- Dumping data for table `settings`
--

LOCK TABLES `settings` WRITE;
/*!40000 ALTER TABLE `settings` DISABLE KEYS */;
INSERT INTO `settings` VALUES ('0',''),('1',''),('10',''),('100',''),('101',''),('102',''),('103',''),('104',''),('105',''),('106',''),('107',''),('108',''),('109',''),('11',''),('110',''),('111',''),('112',''),('12',''),('13',''),('14',''),('15',''),('16',''),('17',''),('18',''),('19',''),('2',''),('20',''),('21',''),('22',''),('23',''),('24',''),('25',''),('26',''),('27',''),('28',''),('29',''),('3',''),('30',''),('31',''),('32',''),('33',''),('34',''),('35',''),('36',''),('37',''),('38',''),('39',''),('4',''),('40',''),('41',''),('42',''),('43',''),('44',''),('45',''),('46',''),('47',''),('48',''),('49',''),('5',''),('50',''),('51',''),('52',''),('53',''),('54',''),('55',''),('56',''),('57',''),('58',''),('59',''),('6',''),('60',''),('61',''),('62',''),('63',''),('64',''),('65',''),('66',''),('67',''),('68',''),('69',''),('7',''),('70',''),('71',''),('72',''),('73',''),('74',''),('75',''),('76',''),('77',''),('78',''),('79',''),('8',''),('80',''),('81',''),('82',''),('83',''),('84',''),('85',''),('86',''),('87',''),('88',''),('89',''),('9',''),('90',''),('91',''),('92',''),('93',''),('94',''),('95',''),('96',''),('97',''),('98',''),('99',''),('admin_user','1'),('auth_cache_enabled','on'),('auth_method','1'),('autocomplete_enabled','1'),('autocomplete_rows','30'),('automatic_reindex','0'),('automation_email',''),('automation_fromemail',''),('automation_fromname',''),('automation_graphs_enabled','on'),('automation_tree_enabled','on'),('availability_method','2'),('axis_size','7'),('base_url','http://alma8.toshiba-sol.co.jp/site12e/'),('boost_parallel','1'),('boost_png_cache_directory','/home/psadmin/site/site12e/html/cacti-1.2.24/cache/boost/'),('boost_png_cache_enable',''),('boost_poller_mem_limit','1024'),('boost_redirect',''),('boost_rrd_update_enable',''),('boost_rrd_update_interval','60'),('boost_rrd_update_max_records','1000000'),('boost_rrd_update_max_records_per_select','50000'),('boost_rrd_update_max_runtime','1200'),('boost_rrd_update_string_length','2000'),('boost_rrd_update_system_enable',''),('business_hours_color','ccccccff'),('business_hours_enable',''),('business_hours_end','18:00'),('business_hours_hideWeekends',''),('business_hours_max_days','62'),('business_hours_start','08:00'),('client_timezone_support','0'),('commands_processes','1'),('commands_timeout','300'),('concurrent_processes','1'),('content_security_alternate_sources',''),('content_security_policy_script',''),('cron_interval','300'),('data_source_trace',''),('default_date_format','4'),('default_datechar','0'),('default_graph_height','150'),('default_graph_width','500'),('default_graphs_new_dropdown','-2'),('default_has',''),('default_image_format','1'),('default_interface_speed','1000'),('default_poller','1'),('default_site','1'),('default_template','1'),('default_test_source',''),('deletion_verification','on'),('device_threads','1'),('disable_cache_replication',''),('drag_and_drop','on'),('ds_preselected_delete','on'),('dsstats_daily_interval','60'),('dsstats_enable',''),('dsstats_hourly_duration','60'),('dsstats_major_update_time','12:00am'),('dsstats_parallel','1'),('dsstats_poller_mem_limit','1024'),('dsstats_timeout','300'),('enable_rrdtool_gradient_support',''),('enable_snmp_agent','on'),('extended_paths_hashes','100'),('extended_paths_type','device'),('font_method','1'),('force_https',''),('graph_auth_method','1'),('graph_dateformat','D d M H:i:s T Y'),('graph_watermark','Generated by Cacti'),('graphs_auto_unlock',''),('grds_creation_method','0'),('guest_user','0'),('hide_console',''),('hide_form_description',''),('i18n_auto_detection','1'),('i18n_default_language','en-US'),('i18n_language_handler','0'),('i18n_language_support','1'),('ldap_bind_timeout','5'),('ldap_debug',''),('ldap_encryption','0'),('ldap_group_member_type','1'),('ldap_group_require',''),('ldap_mode','0'),('ldap_network_timeout','2'),('ldap_port','389'),('ldap_port_ssl','636'),('ldap_referrals','0'),('ldap_tls_certificate','0'),('ldap_version','3'),('legend_size','8'),('local_documentation',''),('log_destination','1'),('log_perror','on'),('log_pstats',''),('log_pwarn',''),('log_refresh_interval','60'),('log_validation',''),('log_verbosity','2'),('logrotate_enabled','on'),('logrotate_frequency','1'),('logrotate_retain','7'),('maintenance_timeout','300'),('max_data_query_field_length','40'),('max_display_rows','1000'),('max_get_size','10'),('max_threads','1'),('max_title_length','110'),('max_tree_width','300'),('min_tree_width','170'),('notify_admin',''),('num_rows_log','500'),('num_rows_table','30'),('oid_increasing_check_disable',''),('path_basic_mapfile',''),('path_boost_log',''),('path_cactilog','/tmp/cacti.log'),('path_php_binary','/usr/bin/php'),('path_rrdtool','/usr/bin/rrdtool'),('path_snmpbulkwalk','/usr/bin/snmpbulkwalk'),('path_snmpget','/usr/bin/snmpget'),('path_snmpgetnext','/usr/bin/snmpgetnext'),('path_snmptrap','/usr/bin/snmptrap'),('path_snmpwalk','/usr/bin/snmpwalk'),('path_spine','/usr/local/spine/bin/spine'),('path_spine_config',''),('path_stderrlog','/tmp/cacti-stderr.log'),('php_servers','1'),('ping_failure_count','2'),('ping_method','2'),('ping_port','23'),('ping_recovery_count','3'),('ping_retries','1'),('ping_timeout','400'),('poller_debug',''),('poller_enabled','on'),('poller_interval','300'),('poller_refresh_output_table',''),('poller_replicate_data_source_cache_crc_1','bf339f82ffd6616b8dabb5dc9c00397b7d10c00b'),('poller_replicate_device_cache_crc_1','9273bb5400eb8711440f319af8e5e431c4b40504'),('poller_sync_interval','7200'),('poller_type','1'),('process_leveling','on'),('realtime_cache_path','/home/psadmin/site/site12e/html/cacti-1.2.24/cache/realtime/'),('realtime_enabled','on'),('realtime_gwindow','60'),('realtime_interval','10'),('reindex_method','1'),('remote_agent_timeout','5'),('reports_allow_ln',''),('reports_default_image_format','1'),('reports_log_verbosity','2'),('reports_max_attach','10485760'),('reports_timeout','300'),('rrd_archive',''),('rrd_autoclean',''),('rrd_autoclean_method','1'),('rrdcheck_enable',''),('rrdcheck_interval','240'),('rrdcheck_parallel','1'),('rrdcheck_timeout','300'),('rrdp_fingerprint',''),('rrdp_fingerprint_backup',''),('rrdp_port','40301'),('rrdp_port_backup','40301'),('rrdtool_version','1.7.0'),('rrdtool_watermark',''),('rsa_fingerprint','08:1c:6a:f8:80:93:3d:42:8c:f4:43:56:71:7d:a3:db'),('rsa_private_key','-----BEGIN RSA PRIVATE KEY----- MIIEpQIBAAKCAQEA0xD8nhhf6oEr4sGzRPG6TSG13zZH0s4i7m2WcnJAPQ4oIC+d qceQRAPvuDKea/RFEkptt8C/e+t8URvhtKTiLJWIVdnTieVVGpPmqxdbP35TerUU hi06kYd3h73qpcqC00YzQwfUpJ0UHOHygXCkKS/ryh9PCLYZ+LMUCJNaQcf697Ce jxepIrI5OYzBRE62lAo4SClMbl6IX4f0FKauhD4UGbiJRhRUxbWFjmZ3Mhyv4CP1 LngvnIK6k1lH9sUSYnxmalVp2BOcnlv9tZBWvF3WLpktwDotkM88VD03fap7evBs GzxraHgg/reClJgxWwyLnrMAPIKaK0njPLlfxwIDAQABAoIBAQCZvyb1FrZPwTYx oH2wvBDEfMjZxtV81pGVcpiD13u5veU2xNipQuhw0xk86QqDgtUJpNPVZX9Wikvt XU0FZJIofeho+RphuX9Ls+70NDhQwPmYSe2ga7PdLHvCknIpwKGZuuo+aqbYHl/3 RhN7fIzoP7MXccUFiHjUs8XlFUlK3knWIqxI9CxgNanaN56hDy036A67wiJns+ao MBK8sRbwSMSsSZZlhHmde6MLlHT/3wAPNI25nlawlve1H+drKg9fHcgbPvB3GWPd qraK3VTZ9x1ZNAPHZYB7bRxMHaL5QkOatYdhbPmBJC+qlPLz83dw5ItB9zySLxAS duOBi70BAoGBAO1Ipf6xmUTQswCiF2jRGIGiDr462M4Si+6SoFDHfhBoEWwqZfHX AsyWELYXWzNVZpAWrdLmRNn4S1HgIAB3Dppti1V9UHJpJNNAb/I4rDsY+f654UFc y/lu6hAkRvu+4+ZGfXjwGPMyTsM+2Ygx1oBVuPYYUFvwgzH8QvBEi6JHAoGBAOO2 8W3iKBjNuxs6LkAbJmLPaKt1J4i0LGYuOur0zqMRf9FX/eBn9WDQnnw2DwKnCcpG iy08lyO7rz41C+ClWtpXbEokvEYuatp3skoqu6TlHkW3wMWHknnnd7nC451En0rm /3JZ2Wy2uT+N9eA2RGJQRzOHLSMns3DG5gNJAZaBAoGBAMZ5d+98WjmHX9Ltwir4 i0kTZsWTr3lfZhCeMN6gnz/V7IzPQgpx0HOUKlJFYxGjI3Dup2K7HWg9GbNYhywc aeieLGfLtBie/iB9y6WN5fJgx+tbS6FCn5L6RWpPDdjRKQuadqVMH3J86AjEb2xO U59xFI80czMUEIkk+lDC5RFNAoGAT87ZVNKzjOXl0sgUV6FsVastmxIHVhEXkoRX X+uG1H4Ylw1IzDKDPHhBY3Uq05opgzwwIR2gNwTbiWjcDdLGQcnsCRxQ5CP2jTTw RrAtbcBjWLnrFQ/L1W+7dV6JmZ/oWD8XfkNhQYnU6SJe70L1uqM6ISQaPLz4VelP ygz3QoECgYEA6lbgj3aRz72chT8y7ORQ+3gB4HtcARzX5l5d7x0iMnOffzGcH8Cx U4M5Kcl7VOSHFlJMqJGYFd0bcgwXyS84HTiSZ2vC3Gg6o+EX4F2NwS9qk8zApD5g WYWa7HtadIp2rBCie5u/7qsGG3sXor7Cl9YfDVt/UjdwTv8JPREGfQQ= -----END RSA PRIVATE KEY-----'),('rsa_public_key','-----BEGIN PUBLIC KEY----- MIIBIjANBgkqhkiG9w0BAQEFAAOCAQ8AMIIBCgKCAQEA0xD8nhhf6oEr4sGzRPG6 TSG13zZH0s4i7m2WcnJAPQ4oIC+dqceQRAPvuDKea/RFEkptt8C/e+t8URvhtKTi LJWIVdnTieVVGpPmqxdbP35TerUUhi06kYd3h73qpcqC00YzQwfUpJ0UHOHygXCk KS/ryh9PCLYZ+LMUCJNaQcf697CejxepIrI5OYzBRE62lAo4SClMbl6IX4f0FKau hD4UGbiJRhRUxbWFjmZ3Mhyv4CP1LngvnIK6k1lH9sUSYnxmalVp2BOcnlv9tZBW vF3WLpktwDotkM88VD03fap7evBsGzxraHgg/reClJgxWwyLnrMAPIKaK0njPLlf xwIDAQAB -----END PUBLIC KEY-----'),('script_timeout','25'),('secpass_expireaccount','0'),('secpass_expirepass','0'),('secpass_forceold',''),('secpass_history','0'),('secpass_lockfailed','0'),('secpass_minlen','8'),('secpass_reqmixcase','on'),('secpass_reqnum','on'),('secpass_reqspec','on'),('secpass_unlocktime','60'),('selected_theme','modern'),('selective_debug',''),('selective_device_debug',''),('selective_plugin_debug',''),('settings_dns_primary',''),('settings_dns_secondary',''),('settings_dns_timeout','500'),('settings_how','0'),('settings_ping_mail','0'),('settings_sendmail_path','/sbin/sendmail'),('settings_smtp_host','localhost'),('settings_smtp_port','25'),('settings_smtp_secure','none'),('settings_smtp_timeout','10'),('settings_wordwrap','120'),('snmp_auth_protocol','MD5'),('snmp_bulk_walk_size','10'),('snmp_community','public'),('snmp_context',''),('snmp_engine_id',''),('snmp_password',''),('snmp_port','161'),('snmp_priv_passphrase',''),('snmp_priv_protocol','DES'),('snmp_retries','3'),('snmp_security_level','authPriv'),('snmp_timeout','500'),('snmp_username',''),('snmp_version','2'),('spikekill_avgnan','last'),('spikekill_backupdir','/home/psadmin/site/site12e/html/cacti-1.2.24/cache/spikekill/'),('spikekill_basetime','12:00am'),('spikekill_batch','0'),('spikekill_deviations','10'),('spikekill_method','2'),('spikekill_number','5'),('spikekill_outliers','5'),('spikekill_percent','1000'),('spikekill_purge','7856352'),('spikekill_timeout','3600'),('spine_log_level','0'),('storage_location','0'),('strip_domain',''),('time_last_change_branch','1688625014'),('time_last_change_data_source','1688625013'),('time_last_change_device','1688946751'),('time_last_change_graph','1688946866'),('time_last_change_site_device','1688946751'),('title_size','10'),('unit_size','7'),('user_template','0');
/*!40000 ALTER TABLE `settings` ENABLE KEYS */;
UNLOCK TABLES;

--
-- Table structure for table `settings_tree`
--

DROP TABLE IF EXISTS `settings_tree`;
/*!40101 SET @saved_cs_client     = @@character_set_client */;
/*!50503 SET character_set_client = utf8mb4 */;
CREATE TABLE `settings_tree` (
  `user_id` mediumint unsigned NOT NULL DEFAULT '0',
  `graph_tree_item_id` int unsigned NOT NULL DEFAULT '0',
  `status` tinyint NOT NULL DEFAULT '0',
  PRIMARY KEY (`user_id`,`graph_tree_item_id`)
) ENGINE=InnoDB DEFAULT CHARSET=utf8mb4 COLLATE=utf8mb4_unicode_ci ROW_FORMAT=DYNAMIC;
/*!40101 SET character_set_client = @saved_cs_client */;

--
-- Dumping data for table `settings_tree`
--

LOCK TABLES `settings_tree` WRITE;
/*!40000 ALTER TABLE `settings_tree` DISABLE KEYS */;
/*!40000 ALTER TABLE `settings_tree` ENABLE KEYS */;
UNLOCK TABLES;

--
-- Table structure for table `settings_user`
--

DROP TABLE IF EXISTS `settings_user`;
/*!40101 SET @saved_cs_client     = @@character_set_client */;
/*!50503 SET character_set_client = utf8mb4 */;
CREATE TABLE `settings_user` (
  `user_id` smallint unsigned NOT NULL DEFAULT '0',
  `name` varchar(50) CHARACTER SET utf8mb4 COLLATE utf8mb4_unicode_ci NOT NULL DEFAULT '',
  `value` varchar(2048) CHARACTER SET utf8mb4 COLLATE utf8mb4_unicode_ci NOT NULL DEFAULT '',
  PRIMARY KEY (`user_id`,`name`)
) ENGINE=InnoDB DEFAULT CHARSET=utf8mb4 COLLATE=utf8mb4_unicode_ci ROW_FORMAT=DYNAMIC;
/*!40101 SET character_set_client = @saved_cs_client */;

--
-- Dumping data for table `settings_user`
--

LOCK TABLES `settings_user` WRITE;
/*!40000 ALTER TABLE `settings_user` DISABLE KEYS */;
INSERT INTO `settings_user` VALUES (1,'num_columns','1'),(1,'num_columns_tree','1'),(1,'selected_theme','modern'),(1,'user_language','en-US');
/*!40000 ALTER TABLE `settings_user` ENABLE KEYS */;
UNLOCK TABLES;

--
-- Table structure for table `settings_user_group`
--

DROP TABLE IF EXISTS `settings_user_group`;
/*!40101 SET @saved_cs_client     = @@character_set_client */;
/*!50503 SET character_set_client = utf8mb4 */;
CREATE TABLE `settings_user_group` (
  `group_id` smallint unsigned NOT NULL DEFAULT '0',
  `name` varchar(50) CHARACTER SET utf8mb4 COLLATE utf8mb4_unicode_ci NOT NULL DEFAULT '',
  `value` varchar(2048) CHARACTER SET utf8mb4 COLLATE utf8mb4_unicode_ci NOT NULL DEFAULT '',
  PRIMARY KEY (`group_id`,`name`)
) ENGINE=InnoDB DEFAULT CHARSET=utf8mb4 COLLATE=utf8mb4_unicode_ci ROW_FORMAT=DYNAMIC COMMENT='Stores the Default User Group Graph Settings';
/*!40101 SET character_set_client = @saved_cs_client */;

--
-- Dumping data for table `settings_user_group`
--

LOCK TABLES `settings_user_group` WRITE;
/*!40000 ALTER TABLE `settings_user_group` DISABLE KEYS */;
/*!40000 ALTER TABLE `settings_user_group` ENABLE KEYS */;
UNLOCK TABLES;

--
-- Table structure for table `sites`
--

DROP TABLE IF EXISTS `sites`;
/*!40101 SET @saved_cs_client     = @@character_set_client */;
/*!50503 SET character_set_client = utf8mb4 */;
CREATE TABLE `sites` (
  `id` int unsigned NOT NULL AUTO_INCREMENT,
  `name` varchar(100) CHARACTER SET utf8mb4 COLLATE utf8mb4_unicode_ci NOT NULL DEFAULT '',
  `address1` varchar(100) CHARACTER SET utf8mb4 COLLATE utf8mb4_unicode_ci DEFAULT '',
  `address2` varchar(100) CHARACTER SET utf8mb4 COLLATE utf8mb4_unicode_ci DEFAULT '',
  `city` varchar(50) CHARACTER SET utf8mb4 COLLATE utf8mb4_unicode_ci DEFAULT '',
  `state` varchar(20) CHARACTER SET utf8mb4 COLLATE utf8mb4_unicode_ci DEFAULT NULL,
  `postal_code` varchar(20) CHARACTER SET utf8mb4 COLLATE utf8mb4_unicode_ci DEFAULT '',
  `country` varchar(30) CHARACTER SET utf8mb4 COLLATE utf8mb4_unicode_ci DEFAULT '',
  `timezone` varchar(40) CHARACTER SET utf8mb4 COLLATE utf8mb4_unicode_ci DEFAULT '',
  `latitude` decimal(13,10) NOT NULL DEFAULT '0.0000000000',
  `longitude` decimal(13,10) NOT NULL DEFAULT '0.0000000000',
  `zoom` tinyint unsigned DEFAULT NULL,
  `alternate_id` varchar(30) CHARACTER SET utf8mb4 COLLATE utf8mb4_unicode_ci DEFAULT '',
  `notes` varchar(1024) CHARACTER SET utf8mb4 COLLATE utf8mb4_unicode_ci DEFAULT NULL,
  PRIMARY KEY (`id`),
  KEY `name` (`name`),
  KEY `city` (`city`),
  KEY `state` (`state`),
  KEY `postal_code` (`postal_code`),
  KEY `country` (`country`),
  KEY `alternate_id` (`alternate_id`)
) ENGINE=InnoDB AUTO_INCREMENT=3 DEFAULT CHARSET=utf8mb4 COLLATE=utf8mb4_unicode_ci ROW_FORMAT=DYNAMIC COMMENT='Contains information about customer sites';
/*!40101 SET character_set_client = @saved_cs_client */;

--
-- Dumping data for table `sites`
--

LOCK TABLES `sites` WRITE;
/*!40000 ALTER TABLE `sites` DISABLE KEYS */;
INSERT INTO `sites` VALUES (1,'Edge','','','','','','','',0.0000000000,0.0000000000,0,'',''),(2,'Core','','','','','','','',0.0000000000,0.0000000000,0,'','');
/*!40000 ALTER TABLE `sites` ENABLE KEYS */;
UNLOCK TABLES;

--
-- Table structure for table `snmp_query`
--

DROP TABLE IF EXISTS `snmp_query`;
/*!40101 SET @saved_cs_client     = @@character_set_client */;
/*!50503 SET character_set_client = utf8mb4 */;
CREATE TABLE `snmp_query` (
  `id` mediumint unsigned NOT NULL AUTO_INCREMENT,
  `hash` varchar(32) CHARACTER SET utf8mb4 COLLATE utf8mb4_unicode_ci NOT NULL DEFAULT '',
  `xml_path` varchar(255) CHARACTER SET utf8mb4 COLLATE utf8mb4_unicode_ci NOT NULL DEFAULT '',
  `name` varchar(100) CHARACTER SET utf8mb4 COLLATE utf8mb4_unicode_ci NOT NULL DEFAULT '',
  `description` varchar(255) CHARACTER SET utf8mb4 COLLATE utf8mb4_unicode_ci DEFAULT NULL,
  `graph_template_id` mediumint unsigned NOT NULL DEFAULT '0',
  `data_input_id` mediumint unsigned NOT NULL DEFAULT '0',
  PRIMARY KEY (`id`),
  KEY `name` (`name`)
) ENGINE=InnoDB DEFAULT CHARSET=utf8mb4 COLLATE=utf8mb4_unicode_ci ROW_FORMAT=DYNAMIC;
/*!40101 SET character_set_client = @saved_cs_client */;

--
-- Dumping data for table `snmp_query`
--

LOCK TABLES `snmp_query` WRITE;
/*!40000 ALTER TABLE `snmp_query` DISABLE KEYS */;
/*!40000 ALTER TABLE `snmp_query` ENABLE KEYS */;
UNLOCK TABLES;

--
-- Table structure for table `snmp_query_graph`
--

DROP TABLE IF EXISTS `snmp_query_graph`;
/*!40101 SET @saved_cs_client     = @@character_set_client */;
/*!50503 SET character_set_client = utf8mb4 */;
CREATE TABLE `snmp_query_graph` (
  `id` mediumint unsigned NOT NULL AUTO_INCREMENT,
  `hash` varchar(32) CHARACTER SET utf8mb4 COLLATE utf8mb4_unicode_ci NOT NULL DEFAULT '',
  `snmp_query_id` mediumint unsigned NOT NULL DEFAULT '0',
  `name` varchar(100) CHARACTER SET utf8mb4 COLLATE utf8mb4_unicode_ci NOT NULL DEFAULT '',
  `graph_template_id` mediumint unsigned NOT NULL DEFAULT '0',
  PRIMARY KEY (`id`),
  KEY `graph_template_id_name` (`graph_template_id`,`name`),
  KEY `snmp_query_id_name` (`snmp_query_id`,`name`)
) ENGINE=InnoDB DEFAULT CHARSET=utf8mb4 COLLATE=utf8mb4_unicode_ci ROW_FORMAT=DYNAMIC;
/*!40101 SET character_set_client = @saved_cs_client */;

--
-- Dumping data for table `snmp_query_graph`
--

LOCK TABLES `snmp_query_graph` WRITE;
/*!40000 ALTER TABLE `snmp_query_graph` DISABLE KEYS */;
/*!40000 ALTER TABLE `snmp_query_graph` ENABLE KEYS */;
UNLOCK TABLES;

--
-- Table structure for table `snmp_query_graph_rrd`
--

DROP TABLE IF EXISTS `snmp_query_graph_rrd`;
/*!40101 SET @saved_cs_client     = @@character_set_client */;
/*!50503 SET character_set_client = utf8mb4 */;
CREATE TABLE `snmp_query_graph_rrd` (
  `snmp_query_graph_id` mediumint unsigned NOT NULL DEFAULT '0',
  `data_template_id` mediumint unsigned NOT NULL DEFAULT '0',
  `data_template_rrd_id` int unsigned NOT NULL DEFAULT '0',
  `snmp_field_name` varchar(50) CHARACTER SET utf8mb4 COLLATE utf8mb4_unicode_ci NOT NULL DEFAULT '0',
  PRIMARY KEY (`snmp_query_graph_id`,`data_template_id`,`data_template_rrd_id`),
  KEY `data_template_rrd_id` (`data_template_rrd_id`)
) ENGINE=InnoDB DEFAULT CHARSET=utf8mb4 COLLATE=utf8mb4_unicode_ci ROW_FORMAT=DYNAMIC;
/*!40101 SET character_set_client = @saved_cs_client */;

--
-- Dumping data for table `snmp_query_graph_rrd`
--

LOCK TABLES `snmp_query_graph_rrd` WRITE;
/*!40000 ALTER TABLE `snmp_query_graph_rrd` DISABLE KEYS */;
/*!40000 ALTER TABLE `snmp_query_graph_rrd` ENABLE KEYS */;
UNLOCK TABLES;

--
-- Table structure for table `snmp_query_graph_rrd_sv`
--

DROP TABLE IF EXISTS `snmp_query_graph_rrd_sv`;
/*!40101 SET @saved_cs_client     = @@character_set_client */;
/*!50503 SET character_set_client = utf8mb4 */;
CREATE TABLE `snmp_query_graph_rrd_sv` (
  `id` mediumint unsigned NOT NULL AUTO_INCREMENT,
  `hash` varchar(32) CHARACTER SET utf8mb4 COLLATE utf8mb4_unicode_ci NOT NULL DEFAULT '',
  `snmp_query_graph_id` mediumint unsigned NOT NULL DEFAULT '0',
  `data_template_id` mediumint unsigned NOT NULL DEFAULT '0',
  `sequence` mediumint unsigned NOT NULL DEFAULT '0',
  `field_name` varchar(100) CHARACTER SET utf8mb4 COLLATE utf8mb4_unicode_ci NOT NULL DEFAULT '',
  `text` varchar(255) CHARACTER SET utf8mb4 COLLATE utf8mb4_unicode_ci NOT NULL DEFAULT '',
  PRIMARY KEY (`id`),
  KEY `snmp_query_graph_id` (`snmp_query_graph_id`),
  KEY `data_template_id` (`data_template_id`)
) ENGINE=InnoDB DEFAULT CHARSET=utf8mb4 COLLATE=utf8mb4_unicode_ci ROW_FORMAT=DYNAMIC;
/*!40101 SET character_set_client = @saved_cs_client */;

--
-- Dumping data for table `snmp_query_graph_rrd_sv`
--

LOCK TABLES `snmp_query_graph_rrd_sv` WRITE;
/*!40000 ALTER TABLE `snmp_query_graph_rrd_sv` DISABLE KEYS */;
/*!40000 ALTER TABLE `snmp_query_graph_rrd_sv` ENABLE KEYS */;
UNLOCK TABLES;

--
-- Table structure for table `snmp_query_graph_sv`
--

DROP TABLE IF EXISTS `snmp_query_graph_sv`;
/*!40101 SET @saved_cs_client     = @@character_set_client */;
/*!50503 SET character_set_client = utf8mb4 */;
CREATE TABLE `snmp_query_graph_sv` (
  `id` mediumint unsigned NOT NULL AUTO_INCREMENT,
  `hash` varchar(32) CHARACTER SET utf8mb4 COLLATE utf8mb4_unicode_ci NOT NULL DEFAULT '',
  `snmp_query_graph_id` mediumint unsigned NOT NULL DEFAULT '0',
  `sequence` mediumint unsigned NOT NULL DEFAULT '0',
  `field_name` varchar(100) CHARACTER SET utf8mb4 COLLATE utf8mb4_unicode_ci NOT NULL DEFAULT '',
  `text` varchar(255) CHARACTER SET utf8mb4 COLLATE utf8mb4_unicode_ci NOT NULL DEFAULT '',
  PRIMARY KEY (`id`),
  KEY `snmp_query_graph_id` (`snmp_query_graph_id`)
) ENGINE=InnoDB DEFAULT CHARSET=utf8mb4 COLLATE=utf8mb4_unicode_ci ROW_FORMAT=DYNAMIC;
/*!40101 SET character_set_client = @saved_cs_client */;

--
-- Dumping data for table `snmp_query_graph_sv`
--

LOCK TABLES `snmp_query_graph_sv` WRITE;
/*!40000 ALTER TABLE `snmp_query_graph_sv` DISABLE KEYS */;
/*!40000 ALTER TABLE `snmp_query_graph_sv` ENABLE KEYS */;
UNLOCK TABLES;

--
-- Table structure for table `snmpagent_cache`
--

DROP TABLE IF EXISTS `snmpagent_cache`;
/*!40101 SET @saved_cs_client     = @@character_set_client */;
/*!50503 SET character_set_client = utf8mb4 */;
CREATE TABLE `snmpagent_cache` (
  `oid` varchar(50) CHARACTER SET utf8mb4 COLLATE utf8mb4_unicode_ci NOT NULL,
  `name` varchar(50) CHARACTER SET utf8mb4 COLLATE utf8mb4_unicode_ci NOT NULL,
  `mib` varchar(50) CHARACTER SET utf8mb4 COLLATE utf8mb4_unicode_ci NOT NULL,
  `type` varchar(50) CHARACTER SET utf8mb4 COLLATE utf8mb4_unicode_ci NOT NULL DEFAULT '',
  `otype` varchar(50) CHARACTER SET utf8mb4 COLLATE utf8mb4_unicode_ci NOT NULL DEFAULT '',
  `kind` varchar(50) CHARACTER SET utf8mb4 COLLATE utf8mb4_unicode_ci NOT NULL DEFAULT '',
  `max-access` varchar(50) CHARACTER SET utf8mb4 COLLATE utf8mb4_unicode_ci NOT NULL DEFAULT 'not-accessible',
  `value` varchar(255) CHARACTER SET utf8mb4 COLLATE utf8mb4_unicode_ci NOT NULL DEFAULT '',
  `description` varchar(5000) CHARACTER SET utf8mb4 COLLATE utf8mb4_unicode_ci NOT NULL DEFAULT '',
  PRIMARY KEY (`oid`),
  KEY `name` (`name`),
  KEY `mib_name` (`mib`,`name`)
) ENGINE=InnoDB DEFAULT CHARSET=utf8mb4 COLLATE=utf8mb4_unicode_ci ROW_FORMAT=DYNAMIC COMMENT='SNMP MIB CACHE';
/*!40101 SET character_set_client = @saved_cs_client */;

--
-- Dumping data for table `snmpagent_cache`
--

LOCK TABLES `snmpagent_cache` WRITE;
/*!40000 ALTER TABLE `snmpagent_cache` DISABLE KEYS */;
INSERT INTO `snmpagent_cache` VALUES ('.1.3.6.1.4.1.23925','cacti','CACTI-MIB','','MODULE-IDENTITY','Node','not-accessible','','Initial version of this MIB module.'),('.1.3.6.1.4.1.23925.1','cactiAppl','CACTI-MIB','','OBJECT-IDENTITY','Node','not-accessible','','reserved for Cacti application data'),('.1.3.6.1.4.1.23925.1.1.0','cactiApplLastUpdate','CACTI-MIB','Unsigned32','DATA','Scalar','read-only','1688625013','Unix timestamp when this data has been updated for the last time.'),('.1.3.6.1.4.1.23925.1.10.0','cactiApplSpineMaxThreads','CACTI-MIB','Unsigned32','DATA','Scalar','read-only','1','Represents the maximum threads allowed per process.'),('.1.3.6.1.4.1.23925.1.11.0','cactiApplSpineScriptServers','CACTI-MIB','Unsigned32','DATA','Scalar','read-only','1','Represents the maximum number of script servers a spine process is<br>allowed to run.'),('.1.3.6.1.4.1.23925.1.12.0','cactiApplSpineScriptTimeout','CACTI-MIB','Unsigned32','DATA','Scalar','read-only','25','Describes the maximum time Cacti will wait on a script to complete.'),('.1.3.6.1.4.1.23925.1.13.0','cactiApplSpineMaxOids','CACTI-MIB','Unsigned32','DATA','Scalar','read-only','10','The maximum number of snmp get OIDs to issue per snmpbulkwalk<br>request.'),('.1.3.6.1.4.1.23925.1.14','cactiApplDeviceTable','CACTI-MIB','SEQUENCE OF','OBJECT-TYPE','Table','not-accessible','','A table of registered hosts on a Cacti system.<br>The maximum number of entries is implementation dependent.'),('.1.3.6.1.4.1.23925.1.14.1','cactiApplDeviceEntry','CACTI-MIB','CactiApplDeviceEntry','OBJECT-TYPE','Row','not-accessible','','An entry in the table of registered hosts on a Cacti system. A row<br>in this table cannot be created or deleted by SNMP operations on<br>columns of the table.'),('.1.3.6.1.4.1.23925.1.14.1.1','cactiApplDeviceIndex','CACTI-MIB','Unsigned32','OBJECT-TYPE','Column','read-only','','A unique device identifier. This ID will be created by Cacti itself.'),('.1.3.6.1.4.1.23925.1.14.1.2','cactiApplDeviceDescription','CACTI-MIB','DisplayString','OBJECT-TYPE','Column','read-only','','A meaning description of a device.'),('.1.3.6.1.4.1.23925.1.14.1.3','cactiApplDeviceHostname','CACTI-MIB','DisplayString','OBJECT-TYPE','Column','read-only','','Fully qualified devicename or IP address.'),('.1.3.6.1.4.1.23925.1.14.1.4','cactiApplDeviceStatus','CACTI-MIB','INTEGER','OBJECT-TYPE','Column','read-only','','The status a device can have within Cacti:<br>unknown(0)     - device has not been polled yet<br>down(1)        - device became unresponsive<br>recovering(2)  - device was down and became reachable again<br>up(3)          - device is reachable<br>disabled(4)    - device will not be monitored'),('.1.3.6.1.4.1.23925.1.14.1.5','cactiApplDeviceEventCount','CACTI-MIB','Unsigned32','OBJECT-TYPE','Column','read-only','','Total number of events registered for that device since last reset.'),('.1.3.6.1.4.1.23925.1.14.1.6','cactiApplDeviceFailDate','CACTI-MIB','DisplayString','OBJECT-TYPE','Column','read-only','','Date of last fail'),('.1.3.6.1.4.1.23925.1.14.1.7','cactiApplDeviceRecoveryDate','CACTI-MIB','DisplayString','OBJECT-TYPE','Column','read-only','','Date of lats recovery'),('.1.3.6.1.4.1.23925.1.14.1.8','cactiApplDeviceLastError','CACTI-MIB','DisplayString','OBJECT-TYPE','Column','read-only','','Description of last error being detected.'),('.1.3.6.1.4.1.23925.1.15','cactiApplPollerTable','CACTI-MIB','SEQUENCE OF','OBJECT-TYPE','Table','not-accessible','','A table of pollers registered on a Cacti system.<br>The maximum number of entries is implementation dependent.'),('.1.3.6.1.4.1.23925.1.15.1','cactiApplPollerEntry','CACTI-MIB','CactiApplPollerEntry','OBJECT-TYPE','Row','not-accessible','','An entry in the table of registered pollers to a Cacti system. A row<br>in this table cannot be created or deleted by SNMP operations on<br>columns of the table.'),('.1.3.6.1.4.1.23925.1.15.1.1','cactiApplPollerIndex','CACTI-MIB','Unsigned32','OBJECT-TYPE','Column','read-only','','A unique poller identifier. This ID will be created by Cacti itself.'),('.1.3.6.1.4.1.23925.1.15.1.2','cactiApplPollerHostname','CACTI-MIB','DisplayString','OBJECT-TYPE','Column','read-only','','Name of the device where the poller is running on.'),('.1.3.6.1.4.1.23925.1.15.1.3','cactiApplPollerIpAddress','CACTI-MIB','DisplayString','OBJECT-TYPE','Column','read-only','','IP address of the poller\'s host.'),('.1.3.6.1.4.1.23925.1.15.1.4','cactiApplPollerLastUpdate','CACTI-MIB','DisplayString','OBJECT-TYPE','Column','read-only','','Timestamp of last update.'),('.1.3.6.1.4.1.23925.1.16','cactiApplPluginTable','CACTI-MIB','SEQUENCE OF','OBJECT-TYPE','Table','not-accessible','','A table of registered plugins on a Cacti system.<br>The maximum number of entries is implementation dependent.'),('.1.3.6.1.4.1.23925.1.16.1','cactiApplPluginEntry','CACTI-MIB','CactiApplPluginEntry','OBJECT-TYPE','Row','not-accessible','','An entry in the table of all installed Cacti plugins. A row<br>in this table cannot be created or deleted by SNMP operations on<br>columns of the table.'),('.1.3.6.1.4.1.23925.1.16.1.1','cactiApplPluginIndex','CACTI-MIB','Unsigned32','OBJECT-TYPE','Column','read-only','','A unique plugin identifier. This ID will be administrated by Cacti itself.'),('.1.3.6.1.4.1.23925.1.16.1.2','cactiApplPluginType','CACTI-MIB','INTEGER','OBJECT-TYPE','Column','read-only','','Describes whether or not the plugin has been registered as a system plugin.<br>System plugins offer a lot of functions normal Cacti plugins rely on.'),('.1.3.6.1.4.1.23925.1.16.1.3','cactiApplPluginName','CACTI-MIB','DisplayString','OBJECT-TYPE','Column','read-only','','The official name of a plugin given by its author.'),('.1.3.6.1.4.1.23925.1.16.1.4','cactiApplPluginStatus','CACTI-MIB','INTEGER','OBJECT-TYPE','Column','read-only','','The status a plugin can have within Cacti:<br>disabledold(-2)   - plugin (old PIA) is available, but has not been installed<br>activeold(-1)     - plugin (old PIA) is installed and active<br>notinstalled(0)   - plugin (new PIA) is available, but has not been installed<br>active(1)         - plugin (new PIA) is installed and active<br>setupmode(2)      - plugin (new PIA) is installed, but configuration is needed<br>disabled(4)       - plugin (new PIA) is installed, but without function'),('.1.3.6.1.4.1.23925.1.16.1.5','cactiApplPluginVersion','CACTI-MIB','DisplayString','OBJECT-TYPE','Column','read-only','','Version string of the Cacti plugin being installed.'),('.1.3.6.1.4.1.23925.1.2.0','cactiApplVersion','CACTI-MIB','DisplayString','DATA','Scalar','read-only','1.2.24','Returns the version string of Cacti'),('.1.3.6.1.4.1.23925.1.3.0','cactiApplSnmpVersion','CACTI-MIB','TcCactiApplSnmpVersion','DATA','Scalar','read-only','2','Represents the type of SNMP used by Cacti:<br><br>NET-SNMP<br>UCD-SNMP<br>PHP-SNMP'),('.1.3.6.1.4.1.23925.1.4.0','cactiApplRrdtoolVersion','CACTI-MIB','DisplayString','DATA','Scalar','read-only','1.7.0','The version of RRDtool used by Cacti'),('.1.3.6.1.4.1.23925.1.5.0','cactiApplPollerEnabled','CACTI-MIB','TruthValue','DATA','Scalar','read-only','1','If Cacti polling has been enabled this object is set to true(1).'),('.1.3.6.1.4.1.23925.1.6.0','cactiApplPollerType','CACTI-MIB','TcCactiApplPollerType','DATA','Scalar','read-only','1','Describes the polling engine used by Cacti:<br><br>cmd         - php based poller<br>spine       - high performance C-based polling engine'),('.1.3.6.1.4.1.23925.1.7.0','cactiApplPollerInterval','CACTI-MIB','Unsigned32','DATA','Scalar','read-only','300','The polling interval in seconds which determines how often<br>data sources will be checked and updated.'),('.1.3.6.1.4.1.23925.1.8.0','cactiApplPollerMaxProcesses','CACTI-MIB','Unsigned32','DATA','Scalar','read-only','1','Represents the number of maximum poller processes Cacti is allowed to<br>perform in parallel.'),('.1.3.6.1.4.1.23925.1.9.0','cactiApplPollerLoadBalance','CACTI-MIB','TruthValue','DATA','Scalar','read-only','1','If true Cacti attempt to balance the load of each poller process.'),('.1.3.6.1.4.1.23925.2','cactiStats','CACTI-MIB','','OBJECT-IDENTITY','Node','not-accessible','','reserved for cacti statistics'),('.1.3.6.1.4.1.23925.2.1.0','cactiStatsLastUpdate','CACTI-MIB','Unsigned32','DATA','Scalar','read-only','1688946751','Unix timestamp when this data has been updated for the last time.'),('.1.3.6.1.4.1.23925.2.10','cactiStatsPollerTable','CACTI-MIB','SEQUENCE OF','OBJECT-TYPE','Table','not-accessible','','A table of statistics for all pollers registered on a Cacti system.<br>The maximum number of entries is implementation dependent.<br>This table has a 1:1 relationship to cactiApplPollerTable.'),('.1.3.6.1.4.1.23925.2.10.1','cactiStatsPollerEntry','CACTI-MIB','CactiStatsPollerEntry','OBJECT-TYPE','Row','not-accessible','','An entry in the table of statistics for registered pollers of a Cacti system.<br>A row in this table cannot be created or deleted by SNMP operations on<br>columns of the table.'),('.1.3.6.1.4.1.23925.2.10.1.1','cactiStatsPollerIndex','CACTI-MIB','Unsigned32','OBJECT-TYPE','Column','read-only','','A unique poller identifier. This ID will be created by Cacti itself.'),('.1.3.6.1.4.1.23925.2.10.1.10','cactiStatsPollerRrrdsProcessed','CACTI-MIB','Unsigned32','OBJECT-TYPE','Column','read-only','','Number of RRDs being processed. This object will always return zero<br>if RRD updates will be handled by BOOST.'),('.1.3.6.1.4.1.23925.2.10.1.11','cactiStatsPollerUtilization','CACTI-MIB','DisplayString','OBJECT-TYPE','Column','read-only','','The proportion of the poller interval in percent the poller requires<br>to poll all data sources.'),('.1.3.6.1.4.1.23925.2.10.1.2','cactiStatsPollerHostname','CACTI-MIB','DisplayString','OBJECT-TYPE','Column','read-only','','Name of the device where the poller is running on.'),('.1.3.6.1.4.1.23925.2.10.1.3','cactiStatsPollerRunTime','CACTI-MIB','DisplayString','OBJECT-TYPE','Column','read-only','','Last poller runtime in seconds.'),('.1.3.6.1.4.1.23925.2.10.1.4','cactiStatsPollerMethod','CACTI-MIB','TcCactiApplPollerType','OBJECT-TYPE','Column','read-only','','Describes the polling engine used by Cacti:<br>cmd         - php based poller<br>spine       - high performance C-based polling engine'),('.1.3.6.1.4.1.23925.2.10.1.5','cactiStatsPollerConcurrentProcesses','CACTI-MIB','Unsigned32','OBJECT-TYPE','Column','read-only','','Number of concurrent processes.'),('.1.3.6.1.4.1.23925.2.10.1.6','cactiStatsPollerThreads','CACTI-MIB','Unsigned32','OBJECT-TYPE','Column','read-only','','Number of threads. This object will always return zero if<br>polling method is CMD.'),('.1.3.6.1.4.1.23925.2.10.1.7','cactiStatsPollerHosts','CACTI-MIB','Unsigned32','OBJECT-TYPE','Column','read-only','','Number of polled devices.'),('.1.3.6.1.4.1.23925.2.10.1.8','cactiStatsPollerHostsPerProcess','CACTI-MIB','Unsigned32','OBJECT-TYPE','Column','read-only','','Maximum number of hosts per process.'),('.1.3.6.1.4.1.23925.2.10.1.9','cactiStatsPollerItems','CACTI-MIB','Unsigned32','OBJECT-TYPE','Column','read-only','','Number of items being polled.'),('.1.3.6.1.4.1.23925.2.11.0','cactiStatsTotalsDeviceStatusUnknown','CACTI-MIB','Unsigned32','DATA','Scalar','read-only','','Total number of devices that have not been polled yet.'),('.1.3.6.1.4.1.23925.2.12.0','cactiStatsTotalsDeviceStatusDown','CACTI-MIB','Unsigned32','DATA','Scalar','read-only','','Total number of devices being unreachable.'),('.1.3.6.1.4.1.23925.2.13.0','cactiStatsTotalsDeviceStatusRecovering','CACTI-MIB','Unsigned32','DATA','Scalar','read-only','','Total number of devices recovering.'),('.1.3.6.1.4.1.23925.2.14.0','cactiStatsTotalsDeviceStatusUp','CACTI-MIB','Unsigned32','DATA','Scalar','read-only','','Total number of devices being reachable.'),('.1.3.6.1.4.1.23925.2.15.0','cactiStatsTotalsDeviceStatusDisabled','CACTI-MIB','Unsigned32','DATA','Scalar','read-only','','Total number of devices being reachable.'),('.1.3.6.1.4.1.23925.2.2.0','cactiStatsRecacheTime','CACTI-MIB','Unsigned32','DATA','Scalar','read-only','','Returns the recache Time in seconds.'),('.1.3.6.1.4.1.23925.2.3.0','cactiStatsRecachedHosts','CACTI-MIB','Unsigned32','DATA','Scalar','read-only','','The current number of recaching events being discovered.'),('.1.3.6.1.4.1.23925.2.4.0','cactiStatsLocalPollerRuntime','CACTI-MIB','DisplayString','DATA','Scalar','read-only','','Returns the runtime of the local poller in seconds.'),('.1.3.6.1.4.1.23925.2.5.0','cactiStatsTotalsDevices','CACTI-MIB','Unsigned32','DATA','Scalar','read-only','0','Returns the total number of registered devices.'),('.1.3.6.1.4.1.23925.2.6.0','cactiStatsTotalsDataSources','CACTI-MIB','Unsigned32','DATA','Scalar','read-only','0','Returns the total number of data sources.'),('.1.3.6.1.4.1.23925.2.7.0','cactiStatsTotalsGraphs','CACTI-MIB','Unsigned32','DATA','Scalar','read-only','0','Returns the total number of graphs.'),('.1.3.6.1.4.1.23925.2.8','cactiStatsTotalsDeviceStatusTable','CACTI-MIB','SEQUENCE OF','OBJECT-TYPE','Table','not-accessible','','A table of statistics for all devices registered on a Cacti system<br>in relation to their device status.<br>The maximum number of entries is limited to maximum number of<br>device stati.'),('.1.3.6.1.4.1.23925.2.8.1','cactiStatsTotalsDeviceStatusEntry','CACTI-MIB','CactiStatsTotalsDeviceStatusEntry','OBJECT-TYPE','Row','not-accessible','','A table of statistics for all devices registered on a Cacti system<br>in relation to their device status.<br>A row in this table cannot be created or deleted by SNMP operations on<br>columns of the table.'),('.1.3.6.1.4.1.23925.2.8.1.1','cactiStatsTotalsDeviceStatusIndex','CACTI-MIB','INTEGER','OBJECT-TYPE','Column','read-only','','unknown(0)     - Total number of devices that have not been polled yet<br>down(1)        - Total number of devices being unreachable<br>recovering(2)  - Total number of devices recovering<br>up(3)          - Total number of devices being reachable<br>disabled(4)    - Total number of devices that will not be monitored'),('.1.3.6.1.4.1.23925.2.8.1.2','cactiStatsTotalsDeviceStatusCounter','CACTI-MIB','Unsigned32','OBJECT-TYPE','Column','read-only','','Returns the total number of registered devices in relation to<br>cactiStatsTotalsDeviceStatusIndex.'),('.1.3.6.1.4.1.23925.2.9','cactiStatsDeviceTable','CACTI-MIB','SEQUENCE OF','OBJECT-TYPE','Table','not-accessible','','A table of statistics for all devices registered on a Cacti system.<br>The maximum number of entries is implementation dependent.<br>This table has a 1:1 relationship to cactiApplDeviceTable.'),('.1.3.6.1.4.1.23925.2.9.1','cactiStatsDeviceEntry','CACTI-MIB','CactiStatsDeviceEntry','OBJECT-TYPE','Row','not-accessible','','An entry in the table of statistics for registered devices of a Cacti system.<br>A row in this table cannot be created or deleted by SNMP operations on<br>columns of the table.'),('.1.3.6.1.4.1.23925.2.9.1.1','cactiStatsDeviceIndex','CACTI-MIB','Unsigned32','OBJECT-TYPE','Column','read-only','','A unique device identifier. This ID will be created by Cacti itself.'),('.1.3.6.1.4.1.23925.2.9.1.2','cactiStatsDeviceHostname','CACTI-MIB','DisplayString','OBJECT-TYPE','Column','read-only','','Fully qualified devicename or IP address.'),('.1.3.6.1.4.1.23925.2.9.1.3','cactiStatsDeviceMinTime','CACTI-MIB','DisplayString','OBJECT-TYPE','Column','read-only','','Minimum response time in seconds.'),('.1.3.6.1.4.1.23925.2.9.1.4','cactiStatsDeviceMaxTime','CACTI-MIB','DisplayString','OBJECT-TYPE','Column','read-only','','Maximum response time in seconds.'),('.1.3.6.1.4.1.23925.2.9.1.5','cactiStatsDeviceCurTime','CACTI-MIB','DisplayString','OBJECT-TYPE','Column','read-only','','Last response time in seconds.'),('.1.3.6.1.4.1.23925.2.9.1.6','cactiStatsDeviceAvgTime','CACTI-MIB','DisplayString','OBJECT-TYPE','Column','read-only','','Average response time in seconds.'),('.1.3.6.1.4.1.23925.2.9.1.7','cactiStatsDeviceTotalPolls','CACTI-MIB','Unsigned32','OBJECT-TYPE','Column','read-only','','Number of total polls against a monitored device.'),('.1.3.6.1.4.1.23925.2.9.1.8','cactiStatsDeviceFailedPolls','CACTI-MIB','Unsigned32','OBJECT-TYPE','Column','read-only','','Number of failed polls.'),('.1.3.6.1.4.1.23925.2.9.1.9','cactiStatsDeviceAvailability','CACTI-MIB','DisplayString','OBJECT-TYPE','Column','read-only','','Calculated availability in percent.'),('.1.3.6.1.4.1.23925.3','cactiEvents','CACTI-MIB','','OBJECT-IDENTITY','Node','not-accessible','','reserved for cacti events'),('.1.3.6.1.4.1.23925.3.1','cactiEventAttributes','CACTI-MIB','','OBJECT-IDENTITY','Node','not-accessible','','reserved for event attributes, used as varbind for the SNMP notifications'),('.1.3.6.1.4.1.23925.3.1.1.0','cactiEventDescription','CACTI-MIB','DisplayString','DATA','Scalar','accessible-for-notify','','Contains a customized event description.'),('.1.3.6.1.4.1.23925.3.2','cactiEventNotifications','CACTI-MIB','','OBJECT-IDENTITY','Node','not-accessible','','reserved for event notifications'),('.1.3.6.1.4.1.23925.3.2.1','cactiNotify','CACTI-MIB','','NOTIFICATION-TYPE','Notification','not-accessible','','This SNMP notification will only include varbind cactiEventDescription<br>and can be used as a simple and generic notification by plugins for example.'),('.1.3.6.1.4.1.23925.3.2.2','cactiNotifyDeviceDown','CACTI-MIB','','NOTIFICATION-TYPE','Notification','not-accessible','','This SNMP notification will be send to notification receivers if Cacti has detected<br>that a monitored device went down.'),('.1.3.6.1.4.1.23925.3.2.3','cactiNotifyDeviceRecovering','CACTI-MIB','','NOTIFICATION-TYPE','Notification','not-accessible','','This SNMP notification will be send to notification receivers if Cacti has detected<br>that a monitored device became reachable again.'),('.1.3.6.1.4.1.23925.3.2.4','cactiNotifyPollerRuntimeExceeding','CACTI-MIB','','NOTIFICATION-TYPE','Notification','not-accessible','','This SNMP notification will be send to notification receivers if a Cacti poller<br>has breached its maximum runtime.'),('.1.3.6.1.4.1.23925.3.2.5','cactiNotifyDeviceFailedPoll','CACTI-MIB','','NOTIFICATION-TYPE','Notification','not-accessible','','This SNMP notification will be send to notification receivers if Cacti<br>was unable to poll a device.'),('.1.3.6.1.4.1.23925.4','cactiPlugins','CACTI-MIB','','OBJECT-IDENTITY','Node','not-accessible','','cactiPlugins provides a root object identifier<br>from which mibs produced by plugin developers may be<br>placed. mibs written by other developers will typically<br>be implemented with the object identifiers as defined<br>in the mib.<br>Plugin developers have to take notice of the following<br>requirements:<br><br>|MIB name: CACTI-<plugin_name>-MIB<br>|Module name: <plugin_name><br>|Architecture:<br>Plugin mibs have to reserve the first three<br>sub-trees for:<br>+<br>|-<plugin_name>Appl(1)<br>|-<plugin_name>Stats(2)<br>|-<plugin_name>Events(3)<br>|-<plugin_name>MibGroups(4)<br><br>The plugin name has to be written in lower cases only.<br><br>As reference plugin developers should take a look at<br>the CACTI-THOLD-MIB.'),('.1.3.6.1.4.1.23925.4.2','boost','CACTI-BOOST-MIB','','MODULE-IDENTITY','Node','not-accessible','','Initial version of this MIB module.'),('.1.3.6.1.4.1.23925.4.2.1','boostAppl','CACTI-BOOST-MIB','','OBJECT-IDENTITY','Node','not-accessible','','reserved for Boost application data'),('.1.3.6.1.4.1.23925.4.2.1.1.0','boostApplLastUpdate','CACTI-BOOST-MIB','Unsigned32','DATA','Scalar','read-only','1680671154','Unix timestamp when this data has been updated for the last time.'),('.1.3.6.1.4.1.23925.4.2.1.10.0','boostApplServerEnabled','CACTI-BOOST-MIB','TruthValue','DATA','Scalar','read-only','','If Boost Server will be used for RRDUpdates this object is set<br>to true (1).'),('.1.3.6.1.4.1.23925.4.2.1.11.0','boostApplServerMultiprocess','CACTI-BOOST-MIB','TruthValue','DATA','Scalar','read-only','','This object returns true (1) if Boost Server should  fork a separate<br>update process for each boost request'),('.1.3.6.1.4.1.23925.4.2.1.12.0','boostApplServerHostname','CACTI-BOOST-MIB','DisplayString','DATA','Scalar','read-only','','Returns the Hostname/IP of the boost server.'),('.1.3.6.1.4.1.23925.4.2.1.13.0','boostApplServerListenPort','CACTI-BOOST-MIB','DisplayString','DATA','Scalar','read-only','','Returns the TCP port the boost server will listen on.'),('.1.3.6.1.4.1.23925.4.2.1.14.0','boostApplServerTimeOuts','CACTI-BOOST-MIB','Unsigned32','DATA','Scalar','read-only','','Defines the maximum number of seconds a client should wait on the<br>Boost server before giving up.'),('.1.3.6.1.4.1.23925.4.2.1.15.0','boostApplImageCacheEnabled','CACTI-BOOST-MIB','TruthValue','DATA','Scalar','read-only','2','If image caching has been enabled this object is set to true (1).'),('.1.3.6.1.4.1.23925.4.2.1.16.0','boostApplLoggingEnabled','CACTI-BOOST-MIB','TruthValue','DATA','Scalar','read-only','2','If Boost debug logging is enabled this object will return true (1).'),('.1.3.6.1.4.1.23925.4.2.1.17.0','boostApplStorageDatabaseEngine','CACTI-BOOST-MIB','DisplayString','DATA','Scalar','read-only','','Returns the database engine being used for the boost storage.'),('.1.3.6.1.4.1.23925.4.2.1.18.0','boostApplStorageMaxTableSize','CACTI-BOOST-MIB','Integer32','DATA','Scalar','read-only','','This object contains the maximum size in kbytes a boost memory (1) table<br>is allowed to have. If boostApplStorageDatabaseEngine is set to<br>myisam (2) the table size is unlimited and this object returns -1.'),('.1.3.6.1.4.1.23925.4.2.1.19.0','boostApplStorageMaxRecords','CACTI-BOOST-MIB','Unsigned32','DATA','Scalar','read-only','','This object contains the estimated number of records a boost memory (1)<br>table can store. If boostApplStorageDatabaseEngine is set to<br>myisam (2) the number of maximum records is unlimited and<br>this object returns 0.'),('.1.3.6.1.4.1.23925.4.2.1.2.0','boostApplRrdUpdateEnabled','CACTI-BOOST-MIB','TruthValue','DATA','Scalar','read-only','2','If Boost on demand RRD updating has been enabled this object is set<br>to true(1).'),('.1.3.6.1.4.1.23925.4.2.1.3.0','boostApplRrdUpdateInterval','CACTI-BOOST-MIB','Unsigned32','DATA','Scalar','read-only','60','If Boost has been enabled this interval determines when<br>RRDfiles will be updated automatically.'),('.1.3.6.1.4.1.23925.4.2.1.4.0','boostApplRrdUpdateMaxRecords','CACTI-BOOST-MIB','Unsigned32','DATA','Scalar','read-only','1000000','Represents the maximum size in records of the Boost output table.<br>If the boost output table exceeds this size, in records, an update<br>will take place.'),('.1.3.6.1.4.1.23925.4.2.1.5.0','boostApplRrdUpdateMaxRecordsPerSelect','CACTI-BOOST-MIB','Unsigned32','DATA','Scalar','read-only','50000','Defines the maximum number of data source items that should be<br>retrieved in one single pass.'),('.1.3.6.1.4.1.23925.4.2.1.6.0','boostApplRrdUpdateMaxStringLength','CACTI-BOOST-MIB','Unsigned32','DATA','Scalar','read-only','2000','Defines the maximum argument length Boost must not exceed for update<br>commands to RRDtool. This limit varies by operating system and kernel<br>level.'),('.1.3.6.1.4.1.23925.4.2.1.7.0','boostApplRrdUpdatePollerMemLimit','CACTI-BOOST-MIB','Unsigned32','DATA','Scalar','read-only','1024','Returns the maximum amount of memory for the Cacti Poller and<br>Boost\'s Poller.'),('.1.3.6.1.4.1.23925.4.2.1.8.0','boostApplRrdUpdateMaxRunTime','CACTI-BOOST-MIB','Unsigned32','DATA','Scalar','read-only','1200','Represents the maximum boot poller run time in seconds being allowed.'),('.1.3.6.1.4.1.23925.4.2.1.9.0','boostApplRrdUpdateRedirect','CACTI-BOOST-MIB','TruthValue','DATA','Scalar','read-only','2','If direct population of poller_output_boost table by spine has been<br>enabled this object is set to true(1). This enables direct insert of<br>records into poller output boost.'),('.1.3.6.1.4.1.23925.4.2.2','boostStats','CACTI-BOOST-MIB','','OBJECT-IDENTITY','Node','not-accessible','','reserved for boost statistics'),('.1.3.6.1.4.1.23925.4.2.2.1.0','boostStatsLastUpdate','CACTI-BOOST-MIB','Unsigned32','DATA','Scalar','read-only','','Unix timestamp when this data has been updated for the last time.'),('.1.3.6.1.4.1.23925.4.2.2.10.0','boostStatsTotalsRecords','CACTI-BOOST-MIB','Unsigned32','DATA','Scalar','read-only','','Returns the total number of records being handled by Boost.'),('.1.3.6.1.4.1.23925.4.2.2.11.0','boostStatsTotalsRecordsPending','CACTI-BOOST-MIB','Unsigned32','DATA','Scalar','read-only','','Total number of records marked as pending.'),('.1.3.6.1.4.1.23925.4.2.2.12.0','boostStatsTotalsRecordsArchived','CACTI-BOOST-MIB','Unsigned32','DATA','Scalar','read-only','','Total number of records marked as archived.'),('.1.3.6.1.4.1.23925.4.2.2.13.0','boostStatsStorageTableSize','CACTI-BOOST-MIB','Unsigned32','DATA','Scalar','read-only','','This object contains the current size of the boost memory table<br>in kBytes.'),('.1.3.6.1.4.1.23925.4.2.2.14.0','boostStatsStorageAverageRecordSize','CACTI-BOOST-MIB','Unsigned32','DATA','Scalar','read-only','','Returns the average record size of the boost memory table in bytes.'),('.1.3.6.1.4.1.23925.4.2.2.15.0','boostStatsStorageMaxRecordLength','CACTI-BOOST-MIB','Unsigned32','DATA','Scalar','read-only','','Returns size of longest record within the boost memory table<br>in bytes.'),('.1.3.6.1.4.1.23925.4.2.2.16.0','boostStatsTotalsImagesCacheSize','CACTI-BOOST-MIB','Unsigned32','DATA','Scalar','read-only','','Represents the total number of RRD image files being<br>currently cached by Boost.'),('.1.3.6.1.4.1.23925.4.2.2.17.0','boostStatsTotalsImagesCacheReads','CACTI-BOOST-MIB','Counter64','DATA','Scalar','read-only','','Number of succesful read operations.'),('.1.3.6.1.4.1.23925.4.2.2.18.0','boostStatsTotalsImagesCacheWrites','CACTI-BOOST-MIB','Counter64','DATA','Scalar','read-only','','Indicates the number of uncached read operations.'),('.1.3.6.1.4.1.23925.4.2.2.2.0','boostStatsRrdUpdateProcessStatus','CACTI-BOOST-MIB','INTEGER','DATA','Scalar','read-only','','The status the update process of Boost can have:<br>disabled(0)    - RRD update process has been disabled.<br>neverrun(1)    - RRD update process is enabled but did not run so far<br>complete(2)    - Last RRD update process has been completed<br>running(3)     - RRD update process is still running<br>overrun(4)     - Overrun detected ?     *review*<br>timeout(5)     - Time out detected ?    *review*<br>other(6)       - Undefined state        *review*'),('.1.3.6.1.4.1.23925.4.2.2.3.0','boostStatsRrdUpdateLastRun','CACTI-BOOST-MIB','DisplayString','DATA','Scalar','read-only','','Date of last run'),('.1.3.6.1.4.1.23925.4.2.2.4.0','boostStatsRrdUpdates','CACTI-BOOST-MIB','Unsigned32','DATA','Scalar','read-only','','Number of RRDs being updated.'),('.1.3.6.1.4.1.23925.4.2.2.5.0','boostStatsRrdUpdateDuration','CACTI-BOOST-MIB','DisplayString','DATA','Scalar','read-only','','Represents the duration of the last update process in seconds.'),('.1.3.6.1.4.1.23925.4.2.2.6.0','boostStatsRrdUpdateUtilization','CACTI-BOOST-MIB','DisplayString','DATA','Scalar','read-only','','The proportion of the maximum update frequency in percent Boost requires<br>to update all rrds.'),('.1.3.6.1.4.1.23925.4.2.2.7.0','boostStatsRrdUpdatePollerPeakMemory','CACTI-BOOST-MIB','Unsigned32','DATA','Scalar','read-only','','Returns the peak of memory in bytes that has been allocated by Boost<br>during the last rrd update process.'),('.1.3.6.1.4.1.23925.4.2.2.8.0','boostStatsRrdUpdateNextRun','CACTI-BOOST-MIB','DisplayString','DATA','Scalar','read-only','','Date of next run'),('.1.3.6.1.4.1.23925.4.2.2.9.0','boostStatsTotalsDataSources','CACTI-BOOST-MIB','Unsigned32','DATA','Scalar','read-only','','Represents the total number of poller items Boost has to take care of.'),('.1.3.6.1.4.1.23925.4.2.3','boostEvents','CACTI-BOOST-MIB','','OBJECT-IDENTITY','Node','not-accessible','','reserved for boost events'),('.1.3.6.1.4.1.23925.4.2.4','boostMibGroups','CACTI-BOOST-MIB','','OBJECT-IDENTITY','Node','not-accessible','','reserved for group definitions'),('.1.3.6.1.4.1.23925.4.4','snmpagent','CACTI-SNMPAGENT-MIB','','MODULE-IDENTITY','Node','not-accessible','','Initial version of this MIB module.'),('.1.3.6.1.4.1.23925.4.4.1','snmpagentAppl','CACTI-SNMPAGENT-MIB','','OBJECT-IDENTITY','Node','not-accessible','','reserved for statistics'),('.1.3.6.1.4.1.23925.4.4.1.1.0','snmpagentApplLastUpdate','CACTI-SNMPAGENT-MIB','Unsigned32','DATA','Scalar','read-only','','Unix timestamp when this data has been updated for the last time.'),('.1.3.6.1.4.1.23925.4.4.2','snmpagentStats','CACTI-SNMPAGENT-MIB','','OBJECT-IDENTITY','Node','not-accessible','','reserved for statistics'),('.1.3.6.1.4.1.23925.4.4.2.1.0','snmpagentStatsLastUpdate','CACTI-SNMPAGENT-MIB','Unsigned32','DATA','Scalar','read-only','','Unix timestamp when this data has been updated for the last time.'),('.1.3.6.1.4.1.23925.4.4.3','snmpagentEvents','CACTI-SNMPAGENT-MIB','','OBJECT-IDENTITY','Node','not-accessible','','reserved for events'),('.1.3.6.1.4.1.23925.4.4.3.1','snmpagentEventAttributes','CACTI-SNMPAGENT-MIB','','OBJECT-IDENTITY','Node','not-accessible','','reserved for event attributes, used as varbind for the SNMP notifications'),('.1.3.6.1.4.1.23925.4.4.3.1.1.0','snmpagentEventDescription','CACTI-SNMPAGENT-MIB','DisplayString','DATA','Scalar','accessible-for-notify','','Contains a customized event description.'),('.1.3.6.1.4.1.23925.4.4.3.2','snmpagentEventNotifications','CACTI-SNMPAGENT-MIB','','OBJECT-IDENTITY','Node','not-accessible','','reserved for event notifications'),('.1.3.6.1.4.1.23925.4.4.3.2.1','snmpagentNotificationTest','CACTI-SNMPAGENT-MIB','','NOTIFICATION-TYPE','Notification','not-accessible','','This SNMP notification will only include varbind snmpagentEventDescription<br>and can be used to verify the configuration of SNMP managers.'),('.1.3.6.1.4.1.23925.4.4.4','snmpagentMibGroups','CACTI-SNMPAGENT-MIB','','OBJECT-IDENTITY','Node','not-accessible','','reserved for group definitions'),('.1.3.6.1.4.1.23925.4.4.4.1','snmpagentEventGroup','CACTI-SNMPAGENT-MIB','','OBJECT-GROUP','Group','not-accessible','','A collection of objects providing the SNMPAgent event<br>attributes.'),('.1.3.6.1.4.1.23925.4.4.4.2','snmpagentNotifyGroup','CACTI-SNMPAGENT-MIB','','NOTIFICATION-GROUP','Group','not-accessible','','The group of notifications SNMPAgent offers.'),('.1.3.6.1.4.1.23925.5','cactiMibGroups','CACTI-MIB','','OBJECT-IDENTITY','Node','not-accessible','','reserved for group definitions'),('.1.3.6.1.4.1.23925.5.1','cactiApplPollerGroup','CACTI-MIB','','OBJECT-GROUP','Group','not-accessible','','A collection of poller settings.'),('.1.3.6.1.4.1.23925.5.2','cactiApplSpineGroup','CACTI-MIB','','OBJECT-GROUP','Group','not-accessible','','A collection of Spine specific parameters.'),('.1.3.6.1.4.1.23925.5.3','cactiStatsTotalsDeviceGroup','CACTI-MIB','','OBJECT-GROUP','Group','not-accessible','','A collection of Spine specific parameters.'),('.1.3.6.1.4.1.23925.5.4','cactiNotifyGroup','CACTI-MIB','','NOTIFICATION-GROUP','Group','not-accessible','','The group of notifications Cacti supports.');
/*!40000 ALTER TABLE `snmpagent_cache` ENABLE KEYS */;
UNLOCK TABLES;

--
-- Table structure for table `snmpagent_cache_notifications`
--

DROP TABLE IF EXISTS `snmpagent_cache_notifications`;
/*!40101 SET @saved_cs_client     = @@character_set_client */;
/*!50503 SET character_set_client = utf8mb4 */;
CREATE TABLE `snmpagent_cache_notifications` (
  `name` varchar(50) CHARACTER SET utf8mb4 COLLATE utf8mb4_unicode_ci NOT NULL,
  `mib` varchar(50) CHARACTER SET utf8mb4 COLLATE utf8mb4_unicode_ci NOT NULL,
  `attribute` varchar(50) CHARACTER SET utf8mb4 COLLATE utf8mb4_unicode_ci NOT NULL,
  `sequence_id` smallint NOT NULL,
  PRIMARY KEY (`name`,`mib`,`attribute`,`sequence_id`)
) ENGINE=InnoDB DEFAULT CHARSET=utf8mb4 COLLATE=utf8mb4_unicode_ci ROW_FORMAT=DYNAMIC COMMENT='Notifications and related attributes';
/*!40101 SET character_set_client = @saved_cs_client */;

--
-- Dumping data for table `snmpagent_cache_notifications`
--

LOCK TABLES `snmpagent_cache_notifications` WRITE;
/*!40000 ALTER TABLE `snmpagent_cache_notifications` DISABLE KEYS */;
INSERT INTO `snmpagent_cache_notifications` VALUES ('cactiNotify','CACTI-MIB','cactiEventDescription',0),('cactiNotifyDeviceDown','CACTI-MIB','cactiApplDeviceDescription',2),('cactiNotifyDeviceDown','CACTI-MIB','cactiApplDeviceHostname',4),('cactiNotifyDeviceDown','CACTI-MIB','cactiApplDeviceIndex',0),('cactiNotifyDeviceDown','CACTI-MIB','cactiApplDeviceLastError',6),('cactiNotifyDeviceFailedPoll','CACTI-MIB','cactiApplDeviceDescription',2),('cactiNotifyDeviceFailedPoll','CACTI-MIB','cactiApplDeviceHostname',4),('cactiNotifyDeviceFailedPoll','CACTI-MIB','cactiApplDeviceIndex',0),('cactiNotifyDeviceFailedPoll','CACTI-MIB','cactiApplDeviceLastError',6),('cactiNotifyDeviceRecovering','CACTI-MIB','cactiApplDeviceDescription',2),('cactiNotifyDeviceRecovering','CACTI-MIB','cactiApplDeviceHostname',4),('cactiNotifyDeviceRecovering','CACTI-MIB','cactiApplDeviceIndex',0),('cactiNotifyDeviceRecovering','CACTI-MIB','cactiApplDeviceLastError',6),('cactiNotifyPollerRuntimeExceeding','CACTI-MIB','cactiApplPollerHostname',2),('cactiNotifyPollerRuntimeExceeding','CACTI-MIB','cactiApplPollerIndex',0),('cactiNotifyPollerRuntimeExceeding','CACTI-MIB','cactiApplPollerIpAddress',4),('snmpagentNotificationTest','CACTI-SNMPAGENT-MIB','snmpagentEventDescription',0);
/*!40000 ALTER TABLE `snmpagent_cache_notifications` ENABLE KEYS */;
UNLOCK TABLES;

--
-- Table structure for table `snmpagent_cache_textual_conventions`
--

DROP TABLE IF EXISTS `snmpagent_cache_textual_conventions`;
/*!40101 SET @saved_cs_client     = @@character_set_client */;
/*!50503 SET character_set_client = utf8mb4 */;
CREATE TABLE `snmpagent_cache_textual_conventions` (
  `name` varchar(50) CHARACTER SET utf8mb4 COLLATE utf8mb4_unicode_ci NOT NULL,
  `mib` varchar(50) CHARACTER SET utf8mb4 COLLATE utf8mb4_unicode_ci NOT NULL,
  `type` varchar(50) CHARACTER SET utf8mb4 COLLATE utf8mb4_unicode_ci NOT NULL DEFAULT '',
  `description` varchar(5000) CHARACTER SET utf8mb4 COLLATE utf8mb4_unicode_ci NOT NULL DEFAULT '',
  PRIMARY KEY (`name`,`mib`,`type`),
  KEY `mib` (`mib`)
) ENGINE=InnoDB DEFAULT CHARSET=utf8mb4 COLLATE=utf8mb4_unicode_ci ROW_FORMAT=DYNAMIC COMMENT='Textual conventions';
/*!40101 SET character_set_client = @saved_cs_client */;

--
-- Dumping data for table `snmpagent_cache_textual_conventions`
--

LOCK TABLES `snmpagent_cache_textual_conventions` WRITE;
/*!40000 ALTER TABLE `snmpagent_cache_textual_conventions` DISABLE KEYS */;
INSERT INTO `snmpagent_cache_textual_conventions` VALUES ('TcCactiApplPollerType','CACTI-MIB','INTEGER','Poller types:<br />\r\n<br />\r\ncmd         - php based poller<br />\r\nspine       - high performance C-based polling engine<br />\r\n'),('TcCactiApplSnmpVersion','CACTI-MIB','INTEGER','The type of SNMP being used:<br />\r\n<br />\r\nNET-SNMP<br />\r\nUCD-SNMP<br />\r\nPHP-SNMP<br />\r\n');
/*!40000 ALTER TABLE `snmpagent_cache_textual_conventions` ENABLE KEYS */;
UNLOCK TABLES;

--
-- Table structure for table `snmpagent_managers`
--

DROP TABLE IF EXISTS `snmpagent_managers`;
/*!40101 SET @saved_cs_client     = @@character_set_client */;
/*!50503 SET character_set_client = utf8mb4 */;
CREATE TABLE `snmpagent_managers` (
  `id` int unsigned NOT NULL AUTO_INCREMENT,
  `hostname` varchar(100) CHARACTER SET utf8mb4 COLLATE utf8mb4_unicode_ci NOT NULL,
  `description` varchar(255) CHARACTER SET utf8mb4 COLLATE utf8mb4_unicode_ci NOT NULL,
  `disabled` char(2) CHARACTER SET utf8mb4 COLLATE utf8mb4_unicode_ci DEFAULT NULL,
  `max_log_size` tinyint NOT NULL,
  `snmp_version` tinyint unsigned NOT NULL DEFAULT '1',
  `snmp_community` varchar(100) CHARACTER SET utf8mb4 COLLATE utf8mb4_unicode_ci NOT NULL DEFAULT '',
  `snmp_username` varchar(50) CHARACTER SET utf8mb4 COLLATE utf8mb4_unicode_ci NOT NULL,
  `snmp_password` varchar(50) CHARACTER SET utf8mb4 COLLATE utf8mb4_unicode_ci NOT NULL,
  `snmp_auth_protocol` char(6) CHARACTER SET utf8mb4 COLLATE utf8mb4_unicode_ci NOT NULL,
  `snmp_priv_passphrase` varchar(200) CHARACTER SET utf8mb4 COLLATE utf8mb4_unicode_ci NOT NULL,
  `snmp_priv_protocol` char(6) CHARACTER SET utf8mb4 COLLATE utf8mb4_unicode_ci NOT NULL,
  `snmp_engine_id` varchar(64) CHARACTER SET utf8mb4 COLLATE utf8mb4_unicode_ci DEFAULT NULL,
  `snmp_port` mediumint unsigned NOT NULL DEFAULT '161',
  `snmp_message_type` tinyint NOT NULL,
  `notes` mediumtext CHARACTER SET utf8mb4 COLLATE utf8mb4_unicode_ci,
  PRIMARY KEY (`id`),
  KEY `hostname` (`hostname`)
) ENGINE=InnoDB DEFAULT CHARSET=utf8mb4 COLLATE=utf8mb4_unicode_ci ROW_FORMAT=DYNAMIC COMMENT='snmp notification receivers';
/*!40101 SET character_set_client = @saved_cs_client */;

--
-- Dumping data for table `snmpagent_managers`
--

LOCK TABLES `snmpagent_managers` WRITE;
/*!40000 ALTER TABLE `snmpagent_managers` DISABLE KEYS */;
/*!40000 ALTER TABLE `snmpagent_managers` ENABLE KEYS */;
UNLOCK TABLES;

--
-- Table structure for table `snmpagent_managers_notifications`
--

DROP TABLE IF EXISTS `snmpagent_managers_notifications`;
/*!40101 SET @saved_cs_client     = @@character_set_client */;
/*!50503 SET character_set_client = utf8mb4 */;
CREATE TABLE `snmpagent_managers_notifications` (
  `manager_id` int unsigned NOT NULL,
  `notification` varchar(50) CHARACTER SET utf8mb4 COLLATE utf8mb4_unicode_ci NOT NULL,
  `mib` varchar(50) CHARACTER SET utf8mb4 COLLATE utf8mb4_unicode_ci NOT NULL,
  PRIMARY KEY (`manager_id`,`notification`,`mib`),
  KEY `mib` (`mib`)
) ENGINE=InnoDB DEFAULT CHARSET=utf8mb4 COLLATE=utf8mb4_unicode_ci ROW_FORMAT=DYNAMIC COMMENT='snmp notifications to receivers';
/*!40101 SET character_set_client = @saved_cs_client */;

--
-- Dumping data for table `snmpagent_managers_notifications`
--

LOCK TABLES `snmpagent_managers_notifications` WRITE;
/*!40000 ALTER TABLE `snmpagent_managers_notifications` DISABLE KEYS */;
/*!40000 ALTER TABLE `snmpagent_managers_notifications` ENABLE KEYS */;
UNLOCK TABLES;

--
-- Table structure for table `snmpagent_mibs`
--

DROP TABLE IF EXISTS `snmpagent_mibs`;
/*!40101 SET @saved_cs_client     = @@character_set_client */;
/*!50503 SET character_set_client = utf8mb4 */;
CREATE TABLE `snmpagent_mibs` (
  `id` int unsigned NOT NULL AUTO_INCREMENT,
  `name` varchar(50) CHARACTER SET utf8mb4 COLLATE utf8mb4_unicode_ci NOT NULL DEFAULT '',
  `file` varchar(255) CHARACTER SET utf8mb4 COLLATE utf8mb4_unicode_ci NOT NULL DEFAULT '',
  PRIMARY KEY (`id`)
) ENGINE=InnoDB AUTO_INCREMENT=4 DEFAULT CHARSET=utf8mb4 COLLATE=utf8mb4_unicode_ci ROW_FORMAT=DYNAMIC COMMENT='Registered MIB files';
/*!40101 SET character_set_client = @saved_cs_client */;

--
-- Dumping data for table `snmpagent_mibs`
--

LOCK TABLES `snmpagent_mibs` WRITE;
/*!40000 ALTER TABLE `snmpagent_mibs` DISABLE KEYS */;
INSERT INTO `snmpagent_mibs` VALUES (1,'CACTI-MIB','/home/psadmin/site/site12e/html/cacti-1.2.24/mibs/CACTI-MIB'),(2,'CACTI-SNMPAGENT-MIB','/home/psadmin/site/site12e/html/cacti-1.2.24/mibs/CACTI-SNMPAGENT-MIB'),(3,'CACTI-BOOST-MIB','/home/psadmin/site/site12e/html/cacti-1.2.24/mibs/CACTI-BOOST-MIB');
/*!40000 ALTER TABLE `snmpagent_mibs` ENABLE KEYS */;
UNLOCK TABLES;

--
-- Table structure for table `snmpagent_notifications_log`
--

DROP TABLE IF EXISTS `snmpagent_notifications_log`;
/*!40101 SET @saved_cs_client     = @@character_set_client */;
/*!50503 SET character_set_client = utf8mb4 */;
CREATE TABLE `snmpagent_notifications_log` (
  `id` int unsigned NOT NULL AUTO_INCREMENT,
  `time` int NOT NULL,
  `severity` tinyint NOT NULL,
  `manager_id` int unsigned NOT NULL,
  `notification` varchar(190) CHARACTER SET utf8mb4 COLLATE utf8mb4_unicode_ci NOT NULL,
  `mib` varchar(50) CHARACTER SET utf8mb4 COLLATE utf8mb4_unicode_ci NOT NULL,
  `varbinds` varchar(5000) CHARACTER SET utf8mb4 COLLATE utf8mb4_unicode_ci NOT NULL,
  PRIMARY KEY (`id`),
  KEY `time` (`time`),
  KEY `severity` (`severity`),
  KEY `manager_id_notification` (`manager_id`,`notification`)
) ENGINE=InnoDB DEFAULT CHARSET=utf8mb4 COLLATE=utf8mb4_unicode_ci ROW_FORMAT=DYNAMIC COMMENT='logs snmp notifications to receivers';
/*!40101 SET character_set_client = @saved_cs_client */;

--
-- Dumping data for table `snmpagent_notifications_log`
--

LOCK TABLES `snmpagent_notifications_log` WRITE;
/*!40000 ALTER TABLE `snmpagent_notifications_log` DISABLE KEYS */;
/*!40000 ALTER TABLE `snmpagent_notifications_log` ENABLE KEYS */;
UNLOCK TABLES;

--
-- Table structure for table `user_auth`
--

DROP TABLE IF EXISTS `user_auth`;
/*!40101 SET @saved_cs_client     = @@character_set_client */;
/*!50503 SET character_set_client = utf8mb4 */;
CREATE TABLE `user_auth` (
  `id` mediumint unsigned NOT NULL AUTO_INCREMENT,
  `username` varchar(50) CHARACTER SET utf8mb4 COLLATE utf8mb4_unicode_ci NOT NULL DEFAULT '0',
  `password` varchar(256) CHARACTER SET utf8mb4 COLLATE utf8mb4_unicode_ci NOT NULL DEFAULT '',
  `realm` mediumint NOT NULL DEFAULT '0',
  `full_name` varchar(100) CHARACTER SET utf8mb4 COLLATE utf8mb4_unicode_ci DEFAULT '0',
  `email_address` varchar(128) CHARACTER SET utf8mb4 COLLATE utf8mb4_unicode_ci DEFAULT NULL,
  `must_change_password` char(2) CHARACTER SET utf8mb4 COLLATE utf8mb4_unicode_ci DEFAULT NULL,
  `password_change` char(2) CHARACTER SET utf8mb4 COLLATE utf8mb4_unicode_ci DEFAULT 'on',
  `show_tree` char(2) CHARACTER SET utf8mb4 COLLATE utf8mb4_unicode_ci DEFAULT 'on',
  `show_list` char(2) CHARACTER SET utf8mb4 COLLATE utf8mb4_unicode_ci DEFAULT 'on',
  `show_preview` char(2) CHARACTER SET utf8mb4 COLLATE utf8mb4_unicode_ci NOT NULL DEFAULT 'on',
  `graph_settings` char(2) CHARACTER SET utf8mb4 COLLATE utf8mb4_unicode_ci DEFAULT NULL,
  `login_opts` tinyint unsigned NOT NULL DEFAULT '1',
  `policy_graphs` tinyint unsigned NOT NULL DEFAULT '1',
  `policy_trees` tinyint unsigned NOT NULL DEFAULT '1',
  `policy_hosts` tinyint unsigned NOT NULL DEFAULT '1',
  `policy_graph_templates` tinyint unsigned NOT NULL DEFAULT '1',
  `enabled` char(2) CHARACTER SET utf8mb4 COLLATE utf8mb4_unicode_ci NOT NULL DEFAULT 'on',
  `lastchange` int NOT NULL DEFAULT '-1',
  `lastlogin` int NOT NULL DEFAULT '-1',
  `password_history` varchar(4096) CHARACTER SET utf8mb4 COLLATE utf8mb4_unicode_ci NOT NULL DEFAULT '-1',
  `locked` varchar(3) CHARACTER SET utf8mb4 COLLATE utf8mb4_unicode_ci NOT NULL DEFAULT '',
  `failed_attempts` int NOT NULL DEFAULT '0',
  `lastfail` int unsigned NOT NULL DEFAULT '0',
  `reset_perms` int unsigned NOT NULL DEFAULT '0',
  PRIMARY KEY (`id`),
  KEY `username` (`username`),
  KEY `realm` (`realm`),
  KEY `enabled` (`enabled`)
) ENGINE=InnoDB AUTO_INCREMENT=4 DEFAULT CHARSET=utf8mb4 COLLATE=utf8mb4_unicode_ci ROW_FORMAT=DYNAMIC;
/*!40101 SET character_set_client = @saved_cs_client */;

--
-- Dumping data for table `user_auth`
--

LOCK TABLES `user_auth` WRITE;
/*!40000 ALTER TABLE `user_auth` DISABLE KEYS */;
INSERT INTO `user_auth` VALUES (1,'admin','$2y$10$XvoilwaY5XlUvgSHhHR5u.3BJhb5xiqdFsciafBmbd8cfWL/kWhh2',0,'Administrator','','','on','on','on','on','on',2,1,1,1,1,'on',-1,-1,'-1','',0,0,282474179),(3,'guest','43e9a4ab75570f5b',0,'Guest Account','','on','on','on','on','on','3',1,1,1,1,1,'',-1,-1,'-1','',0,0,0);
/*!40000 ALTER TABLE `user_auth` ENABLE KEYS */;
UNLOCK TABLES;

--
-- Table structure for table `user_auth_cache`
--

DROP TABLE IF EXISTS `user_auth_cache`;
/*!40101 SET @saved_cs_client     = @@character_set_client */;
/*!50503 SET character_set_client = utf8mb4 */;
CREATE TABLE `user_auth_cache` (
  `id` int unsigned NOT NULL AUTO_INCREMENT,
  `user_id` int unsigned NOT NULL DEFAULT '0',
  `hostname` varchar(100) CHARACTER SET utf8mb4 COLLATE utf8mb4_unicode_ci NOT NULL DEFAULT '',
  `last_update` timestamp NOT NULL DEFAULT CURRENT_TIMESTAMP,
  `token` varchar(191) CHARACTER SET utf8mb4 COLLATE utf8mb4_unicode_ci NOT NULL DEFAULT '',
  PRIMARY KEY (`id`),
  UNIQUE KEY `tokenkey` (`token`),
  KEY `hostname` (`hostname`),
  KEY `user_id` (`user_id`),
  KEY `last_update` (`last_update`)
) ENGINE=InnoDB DEFAULT CHARSET=utf8mb4 COLLATE=utf8mb4_unicode_ci ROW_FORMAT=DYNAMIC COMMENT='Caches Remember Me Details';
/*!40101 SET character_set_client = @saved_cs_client */;

--
-- Dumping data for table `user_auth_cache`
--

LOCK TABLES `user_auth_cache` WRITE;
/*!40000 ALTER TABLE `user_auth_cache` DISABLE KEYS */;
/*!40000 ALTER TABLE `user_auth_cache` ENABLE KEYS */;
UNLOCK TABLES;

--
-- Table structure for table `user_auth_group`
--

DROP TABLE IF EXISTS `user_auth_group`;
/*!40101 SET @saved_cs_client     = @@character_set_client */;
/*!50503 SET character_set_client = utf8mb4 */;
CREATE TABLE `user_auth_group` (
  `id` int unsigned NOT NULL AUTO_INCREMENT,
  `name` varchar(20) CHARACTER SET utf8mb4 COLLATE utf8mb4_unicode_ci NOT NULL,
  `description` varchar(255) CHARACTER SET utf8mb4 COLLATE utf8mb4_unicode_ci NOT NULL DEFAULT '',
  `graph_settings` varchar(2) CHARACTER SET utf8mb4 COLLATE utf8mb4_unicode_ci DEFAULT NULL,
  `login_opts` tinyint unsigned NOT NULL DEFAULT '1',
  `show_tree` varchar(2) CHARACTER SET utf8mb4 COLLATE utf8mb4_unicode_ci DEFAULT 'on',
  `show_list` varchar(2) CHARACTER SET utf8mb4 COLLATE utf8mb4_unicode_ci DEFAULT 'on',
  `show_preview` varchar(2) CHARACTER SET utf8mb4 COLLATE utf8mb4_unicode_ci NOT NULL DEFAULT 'on',
  `policy_graphs` tinyint unsigned NOT NULL DEFAULT '1',
  `policy_trees` tinyint unsigned NOT NULL DEFAULT '1',
  `policy_hosts` tinyint unsigned NOT NULL DEFAULT '1',
  `policy_graph_templates` tinyint unsigned NOT NULL DEFAULT '1',
  `enabled` char(2) CHARACTER SET utf8mb4 COLLATE utf8mb4_unicode_ci NOT NULL DEFAULT 'on',
  PRIMARY KEY (`id`)
) ENGINE=InnoDB DEFAULT CHARSET=utf8mb4 COLLATE=utf8mb4_unicode_ci ROW_FORMAT=DYNAMIC COMMENT='Table that Contains User Groups';
/*!40101 SET character_set_client = @saved_cs_client */;

--
-- Dumping data for table `user_auth_group`
--

LOCK TABLES `user_auth_group` WRITE;
/*!40000 ALTER TABLE `user_auth_group` DISABLE KEYS */;
/*!40000 ALTER TABLE `user_auth_group` ENABLE KEYS */;
UNLOCK TABLES;

--
-- Table structure for table `user_auth_group_members`
--

DROP TABLE IF EXISTS `user_auth_group_members`;
/*!40101 SET @saved_cs_client     = @@character_set_client */;
/*!50503 SET character_set_client = utf8mb4 */;
CREATE TABLE `user_auth_group_members` (
  `group_id` int unsigned NOT NULL,
  `user_id` int unsigned NOT NULL,
  PRIMARY KEY (`group_id`,`user_id`),
  KEY `realm_id` (`user_id`)
) ENGINE=InnoDB DEFAULT CHARSET=utf8mb4 COLLATE=utf8mb4_unicode_ci ROW_FORMAT=DYNAMIC COMMENT='Table that Contains User Group Members';
/*!40101 SET character_set_client = @saved_cs_client */;

--
-- Dumping data for table `user_auth_group_members`
--

LOCK TABLES `user_auth_group_members` WRITE;
/*!40000 ALTER TABLE `user_auth_group_members` DISABLE KEYS */;
/*!40000 ALTER TABLE `user_auth_group_members` ENABLE KEYS */;
UNLOCK TABLES;

--
-- Table structure for table `user_auth_group_perms`
--

DROP TABLE IF EXISTS `user_auth_group_perms`;
/*!40101 SET @saved_cs_client     = @@character_set_client */;
/*!50503 SET character_set_client = utf8mb4 */;
CREATE TABLE `user_auth_group_perms` (
  `group_id` mediumint unsigned NOT NULL DEFAULT '0',
  `item_id` mediumint unsigned NOT NULL DEFAULT '0',
  `type` tinyint unsigned NOT NULL DEFAULT '0',
  PRIMARY KEY (`group_id`,`item_id`,`type`),
  KEY `group_id` (`group_id`,`type`)
) ENGINE=InnoDB DEFAULT CHARSET=utf8mb4 COLLATE=utf8mb4_unicode_ci ROW_FORMAT=DYNAMIC COMMENT='Table that Contains User Group Permissions';
/*!40101 SET character_set_client = @saved_cs_client */;

--
-- Dumping data for table `user_auth_group_perms`
--

LOCK TABLES `user_auth_group_perms` WRITE;
/*!40000 ALTER TABLE `user_auth_group_perms` DISABLE KEYS */;
/*!40000 ALTER TABLE `user_auth_group_perms` ENABLE KEYS */;
UNLOCK TABLES;

--
-- Table structure for table `user_auth_group_realm`
--

DROP TABLE IF EXISTS `user_auth_group_realm`;
/*!40101 SET @saved_cs_client     = @@character_set_client */;
/*!50503 SET character_set_client = utf8mb4 */;
CREATE TABLE `user_auth_group_realm` (
  `group_id` int unsigned NOT NULL,
  `realm_id` int unsigned NOT NULL,
  PRIMARY KEY (`group_id`,`realm_id`),
  KEY `realm_id` (`realm_id`)
) ENGINE=InnoDB DEFAULT CHARSET=utf8mb4 COLLATE=utf8mb4_unicode_ci ROW_FORMAT=DYNAMIC COMMENT='Table that Contains User Group Realm Permissions';
/*!40101 SET character_set_client = @saved_cs_client */;

--
-- Dumping data for table `user_auth_group_realm`
--

LOCK TABLES `user_auth_group_realm` WRITE;
/*!40000 ALTER TABLE `user_auth_group_realm` DISABLE KEYS */;
/*!40000 ALTER TABLE `user_auth_group_realm` ENABLE KEYS */;
UNLOCK TABLES;

--
-- Table structure for table `user_auth_perms`
--

DROP TABLE IF EXISTS `user_auth_perms`;
/*!40101 SET @saved_cs_client     = @@character_set_client */;
/*!50503 SET character_set_client = utf8mb4 */;
CREATE TABLE `user_auth_perms` (
  `user_id` mediumint unsigned NOT NULL DEFAULT '0',
  `item_id` mediumint unsigned NOT NULL DEFAULT '0',
  `type` tinyint unsigned NOT NULL DEFAULT '0',
  PRIMARY KEY (`user_id`,`item_id`,`type`),
  KEY `user_id` (`user_id`,`type`)
) ENGINE=InnoDB DEFAULT CHARSET=utf8mb4 COLLATE=utf8mb4_unicode_ci ROW_FORMAT=DYNAMIC;
/*!40101 SET character_set_client = @saved_cs_client */;

--
-- Dumping data for table `user_auth_perms`
--

LOCK TABLES `user_auth_perms` WRITE;
/*!40000 ALTER TABLE `user_auth_perms` DISABLE KEYS */;
/*!40000 ALTER TABLE `user_auth_perms` ENABLE KEYS */;
UNLOCK TABLES;

--
-- Table structure for table `user_auth_realm`
--

DROP TABLE IF EXISTS `user_auth_realm`;
/*!40101 SET @saved_cs_client     = @@character_set_client */;
/*!50503 SET character_set_client = utf8mb4 */;
CREATE TABLE `user_auth_realm` (
  `realm_id` mediumint unsigned NOT NULL DEFAULT '0',
  `user_id` mediumint unsigned NOT NULL DEFAULT '0',
  PRIMARY KEY (`realm_id`,`user_id`),
  KEY `user_id` (`user_id`)
) ENGINE=InnoDB DEFAULT CHARSET=utf8mb4 COLLATE=utf8mb4_unicode_ci ROW_FORMAT=DYNAMIC;
/*!40101 SET character_set_client = @saved_cs_client */;

--
-- Dumping data for table `user_auth_realm`
--

LOCK TABLES `user_auth_realm` WRITE;
/*!40000 ALTER TABLE `user_auth_realm` DISABLE KEYS */;
INSERT INTO `user_auth_realm` VALUES (1,1),(2,1),(3,1),(4,1),(5,1),(7,1),(8,1),(9,1),(10,1),(11,1),(12,1),(13,1),(14,1),(15,1),(16,1),(17,1),(18,1),(19,1),(20,1),(21,1),(22,1),(23,1),(24,1),(25,1),(26,1),(27,1),(28,1),(101,1),(1043,1),(7,3);
/*!40000 ALTER TABLE `user_auth_realm` ENABLE KEYS */;
UNLOCK TABLES;

--
-- Table structure for table `user_auth_row_cache`
--

DROP TABLE IF EXISTS `user_auth_row_cache`;
/*!40101 SET @saved_cs_client     = @@character_set_client */;
/*!50503 SET character_set_client = utf8mb4 */;
CREATE TABLE `user_auth_row_cache` (
  `user_id` mediumint NOT NULL DEFAULT '0',
  `class` varchar(20) CHARACTER SET utf8mb4 COLLATE utf8mb4_unicode_ci NOT NULL DEFAULT '',
  `hash` varchar(32) CHARACTER SET utf8mb4 COLLATE utf8mb4_unicode_ci NOT NULL DEFAULT '0',
  `total_rows` int unsigned NOT NULL DEFAULT '0',
  `time` timestamp NOT NULL DEFAULT CURRENT_TIMESTAMP,
  PRIMARY KEY (`user_id`,`class`,`hash`)
) ENGINE=InnoDB DEFAULT CHARSET=utf8mb4 COLLATE=utf8mb4_unicode_ci ROW_FORMAT=DYNAMIC;
/*!40101 SET character_set_client = @saved_cs_client */;

--
-- Dumping data for table `user_auth_row_cache`
--

LOCK TABLES `user_auth_row_cache` WRITE;
/*!40000 ALTER TABLE `user_auth_row_cache` DISABLE KEYS */;
INSERT INTO `user_auth_row_cache` VALUES (1,'device','8326340bf0a6201bef54662c838bb456',0,'2023-07-09 23:52:31'),(1,'tree','54ad36c36b7e4d09ec3319496b258ab0',1,'2023-04-05 05:06:02');
/*!40000 ALTER TABLE `user_auth_row_cache` ENABLE KEYS */;
UNLOCK TABLES;

--
-- Table structure for table `user_domains`
--

DROP TABLE IF EXISTS `user_domains`;
/*!40101 SET @saved_cs_client     = @@character_set_client */;
/*!50503 SET character_set_client = utf8mb4 */;
CREATE TABLE `user_domains` (
  `domain_id` int unsigned NOT NULL AUTO_INCREMENT,
  `domain_name` varchar(20) CHARACTER SET utf8mb4 COLLATE utf8mb4_unicode_ci NOT NULL,
  `type` int unsigned NOT NULL DEFAULT '0',
  `enabled` char(2) CHARACTER SET utf8mb4 COLLATE utf8mb4_unicode_ci NOT NULL DEFAULT 'on',
  `defdomain` tinyint unsigned NOT NULL DEFAULT '0',
  `user_id` int unsigned NOT NULL DEFAULT '0',
  PRIMARY KEY (`domain_id`)
) ENGINE=InnoDB DEFAULT CHARSET=utf8mb4 COLLATE=utf8mb4_unicode_ci ROW_FORMAT=DYNAMIC COMMENT='Table to Hold Login Domains';
/*!40101 SET character_set_client = @saved_cs_client */;

--
-- Dumping data for table `user_domains`
--

LOCK TABLES `user_domains` WRITE;
/*!40000 ALTER TABLE `user_domains` DISABLE KEYS */;
/*!40000 ALTER TABLE `user_domains` ENABLE KEYS */;
UNLOCK TABLES;

--
-- Table structure for table `user_domains_ldap`
--

DROP TABLE IF EXISTS `user_domains_ldap`;
/*!40101 SET @saved_cs_client     = @@character_set_client */;
/*!50503 SET character_set_client = utf8mb4 */;
CREATE TABLE `user_domains_ldap` (
  `domain_id` int unsigned NOT NULL,
  `server` varchar(128) CHARACTER SET utf8mb4 COLLATE utf8mb4_unicode_ci NOT NULL,
  `port` int unsigned NOT NULL,
  `port_ssl` int unsigned NOT NULL,
  `proto_version` tinyint unsigned NOT NULL,
  `encryption` tinyint unsigned NOT NULL,
  `referrals` tinyint unsigned NOT NULL,
  `mode` tinyint unsigned NOT NULL,
  `dn` varchar(128) CHARACTER SET utf8mb4 COLLATE utf8mb4_unicode_ci NOT NULL,
  `group_require` char(2) CHARACTER SET utf8mb4 COLLATE utf8mb4_unicode_ci NOT NULL,
  `group_dn` varchar(128) CHARACTER SET utf8mb4 COLLATE utf8mb4_unicode_ci NOT NULL,
  `group_attrib` varchar(128) CHARACTER SET utf8mb4 COLLATE utf8mb4_unicode_ci NOT NULL,
  `group_member_type` tinyint unsigned NOT NULL,
  `search_base` varchar(128) CHARACTER SET utf8mb4 COLLATE utf8mb4_unicode_ci NOT NULL,
  `search_filter` varchar(512) CHARACTER SET utf8mb4 COLLATE utf8mb4_unicode_ci NOT NULL,
  `specific_dn` varchar(128) CHARACTER SET utf8mb4 COLLATE utf8mb4_unicode_ci NOT NULL,
  `specific_password` varchar(128) CHARACTER SET utf8mb4 COLLATE utf8mb4_unicode_ci NOT NULL,
  `cn_full_name` varchar(50) CHARACTER SET utf8mb4 COLLATE utf8mb4_unicode_ci DEFAULT '',
  `cn_email` varchar(50) CHARACTER SET utf8mb4 COLLATE utf8mb4_unicode_ci DEFAULT '',
  PRIMARY KEY (`domain_id`)
) ENGINE=InnoDB DEFAULT CHARSET=utf8mb4 COLLATE=utf8mb4_unicode_ci ROW_FORMAT=DYNAMIC COMMENT='Table to Hold Login Domains for LDAP';
/*!40101 SET character_set_client = @saved_cs_client */;

--
-- Dumping data for table `user_domains_ldap`
--

LOCK TABLES `user_domains_ldap` WRITE;
/*!40000 ALTER TABLE `user_domains_ldap` DISABLE KEYS */;
/*!40000 ALTER TABLE `user_domains_ldap` ENABLE KEYS */;
UNLOCK TABLES;

--
-- Table structure for table `user_log`
--

DROP TABLE IF EXISTS `user_log`;
/*!40101 SET @saved_cs_client     = @@character_set_client */;
/*!50503 SET character_set_client = utf8mb4 */;
CREATE TABLE `user_log` (
  `username` varchar(50) CHARACTER SET utf8mb4 COLLATE utf8mb4_unicode_ci NOT NULL DEFAULT '0',
  `user_id` mediumint NOT NULL DEFAULT '0',
  `time` timestamp NOT NULL DEFAULT '0000-00-00 00:00:00',
  `result` tinyint unsigned NOT NULL DEFAULT '0',
  `ip` varchar(40) CHARACTER SET utf8mb4 COLLATE utf8mb4_unicode_ci NOT NULL DEFAULT '',
  PRIMARY KEY (`username`,`user_id`,`time`),
  KEY `user_id` (`user_id`)
) ENGINE=InnoDB DEFAULT CHARSET=utf8mb4 COLLATE=utf8mb4_unicode_ci ROW_FORMAT=DYNAMIC;
/*!40101 SET character_set_client = @saved_cs_client */;

--
-- Dumping data for table `user_log`
--

LOCK TABLES `user_log` WRITE;
/*!40000 ALTER TABLE `user_log` DISABLE KEYS */;
INSERT INTO `user_log` VALUES ('admin',0,'2023-04-03 01:00:44',3,'192.168.231.1'),('admin',1,'2023-04-03 01:00:31',1,'192.168.231.1'),('admin',1,'2023-04-04 02:01:55',1,'192.168.231.1'),('admin',1,'2023-04-05 04:59:34',1,'192.168.231.1'),('admin',1,'2023-04-23 23:26:37',1,'192.168.231.1'),('admin',1,'2023-07-06 06:30:36',0,'192.168.133.1'),('admin',1,'2023-07-06 06:30:40',0,'192.168.133.1'),('admin',1,'2023-07-09 23:51:55',1,'192.168.133.1');
/*!40000 ALTER TABLE `user_log` ENABLE KEYS */;
UNLOCK TABLES;

--
-- Table structure for table `vdef`
--

DROP TABLE IF EXISTS `vdef`;
/*!40101 SET @saved_cs_client     = @@character_set_client */;
/*!50503 SET character_set_client = utf8mb4 */;
CREATE TABLE `vdef` (
  `id` mediumint unsigned NOT NULL AUTO_INCREMENT,
  `hash` varchar(32) CHARACTER SET utf8mb4 COLLATE utf8mb4_unicode_ci NOT NULL DEFAULT '',
  `name` varchar(255) CHARACTER SET utf8mb4 COLLATE utf8mb4_unicode_ci NOT NULL DEFAULT '',
  PRIMARY KEY (`id`),
  KEY `hash` (`hash`),
  KEY `name` (`name`(171))
) ENGINE=InnoDB AUTO_INCREMENT=8 DEFAULT CHARSET=utf8mb4 COLLATE=utf8mb4_unicode_ci ROW_FORMAT=DYNAMIC COMMENT='vdef';
/*!40101 SET character_set_client = @saved_cs_client */;

--
-- Dumping data for table `vdef`
--

LOCK TABLES `vdef` WRITE;
/*!40000 ALTER TABLE `vdef` DISABLE KEYS */;
INSERT INTO `vdef` VALUES (1,'e06ed529238448773038601afb3cf278','Maximum'),(2,'e4872dda82092393d6459c831a50dc3b','Minimum'),(3,'5ce1061a46bb62f36840c80412d2e629','Average'),(4,'06bd3cbe802da6a0745ea5ba93af554a','Last (Current)'),(5,'631c1b9086f3979d6dcf5c7a6946f104','First'),(6,'6b5335843630b66f858ce6b7c61fc493','Total: Current Data Source'),(7,'c80d12b0f030af3574da68b28826cd39','95th Percentage: Current Data Source');
/*!40000 ALTER TABLE `vdef` ENABLE KEYS */;
UNLOCK TABLES;

--
-- Table structure for table `vdef_items`
--

DROP TABLE IF EXISTS `vdef_items`;
/*!40101 SET @saved_cs_client     = @@character_set_client */;
/*!50503 SET character_set_client = utf8mb4 */;
CREATE TABLE `vdef_items` (
  `id` mediumint unsigned NOT NULL AUTO_INCREMENT,
  `hash` varchar(32) CHARACTER SET utf8mb4 COLLATE utf8mb4_unicode_ci NOT NULL DEFAULT '',
  `vdef_id` mediumint unsigned NOT NULL DEFAULT '0',
  `sequence` mediumint unsigned NOT NULL DEFAULT '0',
  `type` tinyint unsigned NOT NULL DEFAULT '0',
  `value` varchar(150) CHARACTER SET utf8mb4 COLLATE utf8mb4_unicode_ci NOT NULL DEFAULT '',
  PRIMARY KEY (`id`),
  KEY `vdef_id_sequence` (`vdef_id`,`sequence`)
) ENGINE=InnoDB AUTO_INCREMENT=16 DEFAULT CHARSET=utf8mb4 COLLATE=utf8mb4_unicode_ci ROW_FORMAT=DYNAMIC COMMENT='vdef items';
/*!40101 SET character_set_client = @saved_cs_client */;

--
-- Dumping data for table `vdef_items`
--

LOCK TABLES `vdef_items` WRITE;
/*!40000 ALTER TABLE `vdef_items` DISABLE KEYS */;
INSERT INTO `vdef_items` VALUES (1,'88d33bf9271ac2bdf490cf1784a342c1',1,1,4,'CURRENT_DATA_SOURCE'),(2,'a307afab0c9b1779580039e3f7c4f6e5',1,2,1,'1'),(3,'0945a96068bb57c80bfbd726cf1afa02',2,1,4,'CURRENT_DATA_SOURCE'),(4,'95a8df2eac60a89e8a8ca3ea3d019c44',2,2,1,'2'),(5,'cc2e1c47ec0b4f02eb13708cf6dac585',3,1,4,'CURRENT_DATA_SOURCE'),(6,'a2fd796335b87d9ba54af6a855689507',3,2,1,'3'),(7,'a1d7974ee6018083a2053e0d0f7cb901',4,1,4,'CURRENT_DATA_SOURCE'),(8,'26fccba1c215439616bc1b83637ae7f3',4,2,1,'5'),(9,'a8993b265f4c5398f4a47c44b5b37a07',5,1,4,'CURRENT_DATA_SOURCE'),(10,'5a380d469d611719057c3695ce1e4eee',5,2,1,'6'),(11,'65cfe546b17175fad41fcca98c057feb',6,1,4,'CURRENT_DATA_SOURCE'),(12,'f330b5633c3517d7c62762cef091cc9e',6,2,1,'7'),(13,'f1bf2ecf54ca0565cf39c9c3f7e5394b',7,1,4,'CURRENT_DATA_SOURCE'),(14,'11a26f18feba3919be3af426670cba95',7,2,6,'95'),(15,'e7ae90275bc1efada07c19ca3472d9db',7,3,1,'8');
/*!40000 ALTER TABLE `vdef_items` ENABLE KEYS */;
UNLOCK TABLES;

--
-- Table structure for table `version`
--

DROP TABLE IF EXISTS `version`;
/*!40101 SET @saved_cs_client     = @@character_set_client */;
/*!50503 SET character_set_client = utf8mb4 */;
CREATE TABLE `version` (
  `cacti` char(20) CHARACTER SET utf8mb4 COLLATE utf8mb4_unicode_ci NOT NULL DEFAULT '',
  PRIMARY KEY (`cacti`)
) ENGINE=InnoDB DEFAULT CHARSET=utf8mb4 COLLATE=utf8mb4_unicode_ci ROW_FORMAT=DYNAMIC;
/*!40101 SET character_set_client = @saved_cs_client */;

--
-- Dumping data for table `version`
--

LOCK TABLES `version` WRITE;
/*!40000 ALTER TABLE `version` DISABLE KEYS */;
INSERT INTO `version` VALUES ('1.2.24');
/*!40000 ALTER TABLE `version` ENABLE KEYS */;
UNLOCK TABLES;
/*!40103 SET TIME_ZONE=@OLD_TIME_ZONE */;

/*!40101 SET SQL_MODE=@OLD_SQL_MODE */;
/*!40014 SET FOREIGN_KEY_CHECKS=@OLD_FOREIGN_KEY_CHECKS */;
/*!40014 SET UNIQUE_CHECKS=@OLD_UNIQUE_CHECKS */;
/*!40101 SET CHARACTER_SET_CLIENT=@OLD_CHARACTER_SET_CLIENT */;
/*!40101 SET CHARACTER_SET_RESULTS=@OLD_CHARACTER_SET_RESULTS */;
/*!40101 SET COLLATION_CONNECTION=@OLD_COLLATION_CONNECTION */;
/*!40111 SET SQL_NOTES=@OLD_SQL_NOTES */;

-- Dump completed on 2023-07-10  8:57:12
